--
-- PostgreSQL database dump
--

-- Dumped from database version 17.4
-- Dumped by pg_dump version 17.5 (Homebrew)

SET statement_timeout = 0;
SET lock_timeout = 0;
SET idle_in_transaction_session_timeout = 0;
SET transaction_timeout = 0;
SET client_encoding = 'UTF8';
SET standard_conforming_strings = on;
SELECT pg_catalog.set_config('search_path', '', false);
SET check_function_bodies = false;
SET xmloption = content;
SET client_min_messages = warning;
SET row_security = off;

SET default_tablespace = '';

SET default_table_access_method = heap;

--
-- Name: analytics_dashboard; Type: TABLE; Schema: public; Owner: scooteruser
--

CREATE TABLE public.analytics_dashboard (
    id bigint NOT NULL,
    name character varying(100) NOT NULL,
    description text NOT NULL,
    is_default boolean NOT NULL,
    is_public boolean NOT NULL,
    date_created timestamp with time zone NOT NULL,
    date_updated timestamp with time zone NOT NULL,
    owner_id integer NOT NULL
);


ALTER TABLE public.analytics_dashboard OWNER TO scooteruser;

--
-- Name: analytics_dashboard_id_seq; Type: SEQUENCE; Schema: public; Owner: scooteruser
--

ALTER TABLE public.analytics_dashboard ALTER COLUMN id ADD GENERATED BY DEFAULT AS IDENTITY (
    SEQUENCE NAME public.analytics_dashboard_id_seq
    START WITH 1
    INCREMENT BY 1
    NO MINVALUE
    NO MAXVALUE
    CACHE 1
);


--
-- Name: analytics_dashboardwidget; Type: TABLE; Schema: public; Owner: scooteruser
--

CREATE TABLE public.analytics_dashboardwidget (
    id bigint NOT NULL,
    title character varying(100) NOT NULL,
    widget_type character varying(20) NOT NULL,
    data_source character varying(200) NOT NULL,
    config jsonb NOT NULL,
    position_x smallint NOT NULL,
    position_y smallint NOT NULL,
    width smallint NOT NULL,
    height smallint NOT NULL,
    date_created timestamp with time zone NOT NULL,
    date_updated timestamp with time zone NOT NULL,
    dashboard_id bigint NOT NULL,
    CONSTRAINT analytics_dashboardwidget_height_check CHECK ((height >= 0)),
    CONSTRAINT analytics_dashboardwidget_position_x_check CHECK ((position_x >= 0)),
    CONSTRAINT analytics_dashboardwidget_position_y_check CHECK ((position_y >= 0)),
    CONSTRAINT analytics_dashboardwidget_width_check CHECK ((width >= 0))
);


ALTER TABLE public.analytics_dashboardwidget OWNER TO scooteruser;

--
-- Name: analytics_dashboardwidget_id_seq; Type: SEQUENCE; Schema: public; Owner: scooteruser
--

ALTER TABLE public.analytics_dashboardwidget ALTER COLUMN id ADD GENERATED BY DEFAULT AS IDENTITY (
    SEQUENCE NAME public.analytics_dashboardwidget_id_seq
    START WITH 1
    INCREMENT BY 1
    NO MINVALUE
    NO MAXVALUE
    CACHE 1
);


--
-- Name: analytics_reportschedule; Type: TABLE; Schema: public; Owner: scooteruser
--

CREATE TABLE public.analytics_reportschedule (
    id bigint NOT NULL,
    name character varying(100) NOT NULL,
    report_type character varying(20) NOT NULL,
    description text NOT NULL,
    frequency character varying(20) NOT NULL,
    include_charts boolean NOT NULL,
    include_raw_data boolean NOT NULL,
    date_range_days integer NOT NULL,
    next_run_date timestamp with time zone NOT NULL,
    last_run_date timestamp with time zone,
    is_active boolean NOT NULL,
    date_created timestamp with time zone NOT NULL,
    date_updated timestamp with time zone NOT NULL,
    created_by_id integer NOT NULL,
    CONSTRAINT analytics_reportschedule_date_range_days_check CHECK ((date_range_days >= 0))
);


ALTER TABLE public.analytics_reportschedule OWNER TO scooteruser;

--
-- Name: analytics_reportschedule_id_seq; Type: SEQUENCE; Schema: public; Owner: scooteruser
--

ALTER TABLE public.analytics_reportschedule ALTER COLUMN id ADD GENERATED BY DEFAULT AS IDENTITY (
    SEQUENCE NAME public.analytics_reportschedule_id_seq
    START WITH 1
    INCREMENT BY 1
    NO MINVALUE
    NO MAXVALUE
    CACHE 1
);


--
-- Name: analytics_reportschedule_recipients; Type: TABLE; Schema: public; Owner: scooteruser
--

CREATE TABLE public.analytics_reportschedule_recipients (
    id bigint NOT NULL,
    reportschedule_id bigint NOT NULL,
    user_id integer NOT NULL
);


ALTER TABLE public.analytics_reportschedule_recipients OWNER TO scooteruser;

--
-- Name: analytics_reportschedule_recipients_id_seq; Type: SEQUENCE; Schema: public; Owner: scooteruser
--

ALTER TABLE public.analytics_reportschedule_recipients ALTER COLUMN id ADD GENERATED BY DEFAULT AS IDENTITY (
    SEQUENCE NAME public.analytics_reportschedule_recipients_id_seq
    START WITH 1
    INCREMENT BY 1
    NO MINVALUE
    NO MAXVALUE
    CACHE 1
);


--
-- Name: analytics_savedreport; Type: TABLE; Schema: public; Owner: scooteruser
--

CREATE TABLE public.analytics_savedreport (
    id bigint NOT NULL,
    title character varying(200) NOT NULL,
    report_data jsonb NOT NULL,
    date_generated timestamp with time zone NOT NULL,
    is_public boolean NOT NULL,
    generated_by_id integer,
    report_schedule_id bigint
);


ALTER TABLE public.analytics_savedreport OWNER TO scooteruser;

--
-- Name: analytics_savedreport_allowed_users; Type: TABLE; Schema: public; Owner: scooteruser
--

CREATE TABLE public.analytics_savedreport_allowed_users (
    id bigint NOT NULL,
    savedreport_id bigint NOT NULL,
    user_id integer NOT NULL
);


ALTER TABLE public.analytics_savedreport_allowed_users OWNER TO scooteruser;

--
-- Name: analytics_savedreport_allowed_users_id_seq; Type: SEQUENCE; Schema: public; Owner: scooteruser
--

ALTER TABLE public.analytics_savedreport_allowed_users ALTER COLUMN id ADD GENERATED BY DEFAULT AS IDENTITY (
    SEQUENCE NAME public.analytics_savedreport_allowed_users_id_seq
    START WITH 1
    INCREMENT BY 1
    NO MINVALUE
    NO MAXVALUE
    CACHE 1
);


--
-- Name: analytics_savedreport_id_seq; Type: SEQUENCE; Schema: public; Owner: scooteruser
--

ALTER TABLE public.analytics_savedreport ALTER COLUMN id ADD GENERATED BY DEFAULT AS IDENTITY (
    SEQUENCE NAME public.analytics_savedreport_id_seq
    START WITH 1
    INCREMENT BY 1
    NO MINVALUE
    NO MAXVALUE
    CACHE 1
);


--
-- Name: auth_group; Type: TABLE; Schema: public; Owner: scooteruser
--

CREATE TABLE public.auth_group (
    id integer NOT NULL,
    name character varying(150) NOT NULL
);


ALTER TABLE public.auth_group OWNER TO scooteruser;

--
-- Name: auth_group_id_seq; Type: SEQUENCE; Schema: public; Owner: scooteruser
--

ALTER TABLE public.auth_group ALTER COLUMN id ADD GENERATED BY DEFAULT AS IDENTITY (
    SEQUENCE NAME public.auth_group_id_seq
    START WITH 1
    INCREMENT BY 1
    NO MINVALUE
    NO MAXVALUE
    CACHE 1
);


--
-- Name: auth_group_permissions; Type: TABLE; Schema: public; Owner: scooteruser
--

CREATE TABLE public.auth_group_permissions (
    id bigint NOT NULL,
    group_id integer NOT NULL,
    permission_id integer NOT NULL
);


ALTER TABLE public.auth_group_permissions OWNER TO scooteruser;

--
-- Name: auth_group_permissions_id_seq; Type: SEQUENCE; Schema: public; Owner: scooteruser
--

ALTER TABLE public.auth_group_permissions ALTER COLUMN id ADD GENERATED BY DEFAULT AS IDENTITY (
    SEQUENCE NAME public.auth_group_permissions_id_seq
    START WITH 1
    INCREMENT BY 1
    NO MINVALUE
    NO MAXVALUE
    CACHE 1
);


--
-- Name: auth_permission; Type: TABLE; Schema: public; Owner: scooteruser
--

CREATE TABLE public.auth_permission (
    id integer NOT NULL,
    name character varying(255) NOT NULL,
    content_type_id integer NOT NULL,
    codename character varying(100) NOT NULL
);


ALTER TABLE public.auth_permission OWNER TO scooteruser;

--
-- Name: auth_permission_id_seq; Type: SEQUENCE; Schema: public; Owner: scooteruser
--

ALTER TABLE public.auth_permission ALTER COLUMN id ADD GENERATED BY DEFAULT AS IDENTITY (
    SEQUENCE NAME public.auth_permission_id_seq
    START WITH 1
    INCREMENT BY 1
    NO MINVALUE
    NO MAXVALUE
    CACHE 1
);


--
-- Name: auth_user; Type: TABLE; Schema: public; Owner: scooteruser
--

CREATE TABLE public.auth_user (
    id integer NOT NULL,
    password character varying(128) NOT NULL,
    last_login timestamp with time zone,
    is_superuser boolean NOT NULL,
    username character varying(150) NOT NULL,
    first_name character varying(150) NOT NULL,
    last_name character varying(150) NOT NULL,
    email character varying(254) NOT NULL,
    is_staff boolean NOT NULL,
    is_active boolean NOT NULL,
    date_joined timestamp with time zone NOT NULL
);


ALTER TABLE public.auth_user OWNER TO scooteruser;

--
-- Name: auth_user_groups; Type: TABLE; Schema: public; Owner: scooteruser
--

CREATE TABLE public.auth_user_groups (
    id bigint NOT NULL,
    user_id integer NOT NULL,
    group_id integer NOT NULL
);


ALTER TABLE public.auth_user_groups OWNER TO scooteruser;

--
-- Name: auth_user_groups_id_seq; Type: SEQUENCE; Schema: public; Owner: scooteruser
--

ALTER TABLE public.auth_user_groups ALTER COLUMN id ADD GENERATED BY DEFAULT AS IDENTITY (
    SEQUENCE NAME public.auth_user_groups_id_seq
    START WITH 1
    INCREMENT BY 1
    NO MINVALUE
    NO MAXVALUE
    CACHE 1
);


--
-- Name: auth_user_id_seq; Type: SEQUENCE; Schema: public; Owner: scooteruser
--

ALTER TABLE public.auth_user ALTER COLUMN id ADD GENERATED BY DEFAULT AS IDENTITY (
    SEQUENCE NAME public.auth_user_id_seq
    START WITH 1
    INCREMENT BY 1
    NO MINVALUE
    NO MAXVALUE
    CACHE 1
);


--
-- Name: auth_user_user_permissions; Type: TABLE; Schema: public; Owner: scooteruser
--

CREATE TABLE public.auth_user_user_permissions (
    id bigint NOT NULL,
    user_id integer NOT NULL,
    permission_id integer NOT NULL
);


ALTER TABLE public.auth_user_user_permissions OWNER TO scooteruser;

--
-- Name: auth_user_user_permissions_id_seq; Type: SEQUENCE; Schema: public; Owner: scooteruser
--

ALTER TABLE public.auth_user_user_permissions ALTER COLUMN id ADD GENERATED BY DEFAULT AS IDENTITY (
    SEQUENCE NAME public.auth_user_user_permissions_id_seq
    START WITH 1
    INCREMENT BY 1
    NO MINVALUE
    NO MAXVALUE
    CACHE 1
);


--
-- Name: customers_customer; Type: TABLE; Schema: public; Owner: scooteruser
--

CREATE TABLE public.customers_customer (
    id bigint NOT NULL,
    first_name character varying(100) NOT NULL,
    last_name character varying(100) NOT NULL,
    email character varying(254) NOT NULL,
    phone character varying(17) NOT NULL,
    address text NOT NULL,
    city character varying(100) NOT NULL,
    state character varying(100) NOT NULL,
    postal_code character varying(20) NOT NULL,
    country character varying(100) NOT NULL,
    driver_license character varying(50) NOT NULL,
    date_of_birth date NOT NULL,
    notes text NOT NULL,
    is_active boolean NOT NULL,
    date_created timestamp with time zone NOT NULL,
    date_updated timestamp with time zone NOT NULL
);


ALTER TABLE public.customers_customer OWNER TO scooteruser;

--
-- Name: customers_customer_id_seq; Type: SEQUENCE; Schema: public; Owner: scooteruser
--

ALTER TABLE public.customers_customer ALTER COLUMN id ADD GENERATED BY DEFAULT AS IDENTITY (
    SEQUENCE NAME public.customers_customer_id_seq
    START WITH 1
    INCREMENT BY 1
    NO MINVALUE
    NO MAXVALUE
    CACHE 1
);


--
-- Name: customers_payment; Type: TABLE; Schema: public; Owner: scooteruser
--

CREATE TABLE public.customers_payment (
    id bigint NOT NULL,
    amount numeric(10,2) NOT NULL,
    payment_date timestamp with time zone NOT NULL,
    status character varying(20) NOT NULL,
    transaction_id character varying(100) NOT NULL,
    notes text NOT NULL,
    date_created timestamp with time zone NOT NULL,
    date_updated timestamp with time zone NOT NULL,
    payment_method_id bigint,
    rental_id bigint NOT NULL
);


ALTER TABLE public.customers_payment OWNER TO scooteruser;

--
-- Name: customers_payment_id_seq; Type: SEQUENCE; Schema: public; Owner: scooteruser
--

ALTER TABLE public.customers_payment ALTER COLUMN id ADD GENERATED BY DEFAULT AS IDENTITY (
    SEQUENCE NAME public.customers_payment_id_seq
    START WITH 1
    INCREMENT BY 1
    NO MINVALUE
    NO MAXVALUE
    CACHE 1
);


--
-- Name: customers_paymentmethod; Type: TABLE; Schema: public; Owner: scooteruser
--

CREATE TABLE public.customers_paymentmethod (
    id bigint NOT NULL,
    payment_type character varying(20) NOT NULL,
    card_number character varying(16) NOT NULL,
    card_holder_name character varying(100) NOT NULL,
    expiry_date character varying(7) NOT NULL,
    is_default boolean NOT NULL,
    is_active boolean NOT NULL,
    date_created timestamp with time zone NOT NULL,
    date_updated timestamp with time zone NOT NULL,
    customer_id bigint NOT NULL
);


ALTER TABLE public.customers_paymentmethod OWNER TO scooteruser;

--
-- Name: customers_paymentmethod_id_seq; Type: SEQUENCE; Schema: public; Owner: scooteruser
--

ALTER TABLE public.customers_paymentmethod ALTER COLUMN id ADD GENERATED BY DEFAULT AS IDENTITY (
    SEQUENCE NAME public.customers_paymentmethod_id_seq
    START WITH 1
    INCREMENT BY 1
    NO MINVALUE
    NO MAXVALUE
    CACHE 1
);


--
-- Name: customers_rental; Type: TABLE; Schema: public; Owner: scooteruser
--

CREATE TABLE public.customers_rental (
    id bigint NOT NULL,
    rental_number character varying(100) NOT NULL,
    start_date timestamp with time zone NOT NULL,
    expected_end_date timestamp with time zone NOT NULL,
    end_date timestamp with time zone,
    rate_type character varying(20) NOT NULL,
    rate_amount numeric(10,2) NOT NULL,
    status character varying(20) NOT NULL,
    deposit_amount numeric(10,2) NOT NULL,
    deposit_returned boolean NOT NULL,
    total_amount numeric(10,2),
    mileage_start integer NOT NULL,
    mileage_end integer,
    notes text NOT NULL,
    date_created timestamp with time zone NOT NULL,
    date_updated timestamp with time zone NOT NULL,
    created_by_id integer,
    customer_id bigint NOT NULL,
    scooter_id bigint NOT NULL,
    category_id bigint,
    CONSTRAINT customers_rental_mileage_end_check CHECK ((mileage_end >= 0)),
    CONSTRAINT customers_rental_mileage_start_check CHECK ((mileage_start >= 0))
);


ALTER TABLE public.customers_rental OWNER TO scooteruser;

--
-- Name: customers_rental_id_seq; Type: SEQUENCE; Schema: public; Owner: scooteruser
--

ALTER TABLE public.customers_rental ALTER COLUMN id ADD GENERATED BY DEFAULT AS IDENTITY (
    SEQUENCE NAME public.customers_rental_id_seq
    START WITH 1
    INCREMENT BY 1
    NO MINVALUE
    NO MAXVALUE
    CACHE 1
);


--
-- Name: customers_rentalcategory; Type: TABLE; Schema: public; Owner: scooteruser
--

CREATE TABLE public.customers_rentalcategory (
    id bigint NOT NULL,
    category character varying(1) NOT NULL,
    description text NOT NULL,
    one_day_price numeric(8,2) NOT NULL,
    two_to_ten_days_price numeric(8,2) NOT NULL,
    eleven_to_twentynine_days_price numeric(8,2) NOT NULL,
    thirty_plus_days_price numeric(8,2) NOT NULL,
    date_created timestamp with time zone NOT NULL,
    date_updated timestamp with time zone NOT NULL
);


ALTER TABLE public.customers_rentalcategory OWNER TO scooteruser;

--
-- Name: customers_rentalcategory_id_seq; Type: SEQUENCE; Schema: public; Owner: scooteruser
--

ALTER TABLE public.customers_rentalcategory ALTER COLUMN id ADD GENERATED BY DEFAULT AS IDENTITY (
    SEQUENCE NAME public.customers_rentalcategory_id_seq
    START WITH 1
    INCREMENT BY 1
    NO MINVALUE
    NO MAXVALUE
    CACHE 1
);


--
-- Name: django_admin_log; Type: TABLE; Schema: public; Owner: scooteruser
--

CREATE TABLE public.django_admin_log (
    id integer NOT NULL,
    action_time timestamp with time zone NOT NULL,
    object_id text,
    object_repr character varying(200) NOT NULL,
    action_flag smallint NOT NULL,
    change_message text NOT NULL,
    content_type_id integer,
    user_id integer NOT NULL,
    CONSTRAINT django_admin_log_action_flag_check CHECK ((action_flag >= 0))
);


ALTER TABLE public.django_admin_log OWNER TO scooteruser;

--
-- Name: django_admin_log_id_seq; Type: SEQUENCE; Schema: public; Owner: scooteruser
--

ALTER TABLE public.django_admin_log ALTER COLUMN id ADD GENERATED BY DEFAULT AS IDENTITY (
    SEQUENCE NAME public.django_admin_log_id_seq
    START WITH 1
    INCREMENT BY 1
    NO MINVALUE
    NO MAXVALUE
    CACHE 1
);


--
-- Name: django_content_type; Type: TABLE; Schema: public; Owner: scooteruser
--

CREATE TABLE public.django_content_type (
    id integer NOT NULL,
    app_label character varying(100) NOT NULL,
    model character varying(100) NOT NULL
);


ALTER TABLE public.django_content_type OWNER TO scooteruser;

--
-- Name: django_content_type_id_seq; Type: SEQUENCE; Schema: public; Owner: scooteruser
--

ALTER TABLE public.django_content_type ALTER COLUMN id ADD GENERATED BY DEFAULT AS IDENTITY (
    SEQUENCE NAME public.django_content_type_id_seq
    START WITH 1
    INCREMENT BY 1
    NO MINVALUE
    NO MAXVALUE
    CACHE 1
);


--
-- Name: django_migrations; Type: TABLE; Schema: public; Owner: scooteruser
--

CREATE TABLE public.django_migrations (
    id bigint NOT NULL,
    app character varying(255) NOT NULL,
    name character varying(255) NOT NULL,
    applied timestamp with time zone NOT NULL
);


ALTER TABLE public.django_migrations OWNER TO scooteruser;

--
-- Name: django_migrations_id_seq; Type: SEQUENCE; Schema: public; Owner: scooteruser
--

ALTER TABLE public.django_migrations ALTER COLUMN id ADD GENERATED BY DEFAULT AS IDENTITY (
    SEQUENCE NAME public.django_migrations_id_seq
    START WITH 1
    INCREMENT BY 1
    NO MINVALUE
    NO MAXVALUE
    CACHE 1
);


--
-- Name: django_session; Type: TABLE; Schema: public; Owner: scooteruser
--

CREATE TABLE public.django_session (
    session_key character varying(40) NOT NULL,
    session_data text NOT NULL,
    expire_date timestamp with time zone NOT NULL
);


ALTER TABLE public.django_session OWNER TO scooteruser;

--
-- Name: inventory_inventoryalert; Type: TABLE; Schema: public; Owner: scooteruser
--

CREATE TABLE public.inventory_inventoryalert (
    id bigint NOT NULL,
    alert_type character varying(20) NOT NULL,
    title character varying(200) NOT NULL,
    description text NOT NULL,
    severity character varying(10) NOT NULL,
    status character varying(15) NOT NULL,
    threshold_value numeric(10,2),
    current_value numeric(10,2),
    email_sent boolean NOT NULL,
    dashboard_notification boolean NOT NULL,
    date_created timestamp with time zone NOT NULL,
    date_updated timestamp with time zone NOT NULL,
    date_acknowledged timestamp with time zone,
    date_resolved timestamp with time zone,
    acknowledged_by_id integer,
    created_by_id integer,
    part_id bigint,
    resolved_by_id integer,
    scooter_id bigint,
    store_id bigint
);


ALTER TABLE public.inventory_inventoryalert OWNER TO scooteruser;

--
-- Name: inventory_inventoryalert_id_seq; Type: SEQUENCE; Schema: public; Owner: scooteruser
--

ALTER TABLE public.inventory_inventoryalert ALTER COLUMN id ADD GENERATED BY DEFAULT AS IDENTITY (
    SEQUENCE NAME public.inventory_inventoryalert_id_seq
    START WITH 1
    INCREMENT BY 1
    NO MINVALUE
    NO MAXVALUE
    CACHE 1
);


--
-- Name: inventory_parts; Type: TABLE; Schema: public; Owner: scooteruser
--

CREATE TABLE public.inventory_parts (
    id bigint NOT NULL,
    part_number character varying(100) NOT NULL,
    name character varying(200) NOT NULL,
    description text NOT NULL,
    current_stock numeric(10,2) NOT NULL,
    reorder_level numeric(10,2) NOT NULL,
    unit_price numeric(10,2) NOT NULL,
    category character varying(100) NOT NULL,
    location_in_store character varying(100) NOT NULL,
    date_created timestamp with time zone NOT NULL,
    date_updated timestamp with time zone NOT NULL,
    store_id bigint NOT NULL
);


ALTER TABLE public.inventory_parts OWNER TO scooteruser;

--
-- Name: inventory_parts_id_seq; Type: SEQUENCE; Schema: public; Owner: scooteruser
--

ALTER TABLE public.inventory_parts ALTER COLUMN id ADD GENERATED BY DEFAULT AS IDENTITY (
    SEQUENCE NAME public.inventory_parts_id_seq
    START WITH 1
    INCREMENT BY 1
    NO MINVALUE
    NO MAXVALUE
    CACHE 1
);


--
-- Name: inventory_purchase; Type: TABLE; Schema: public; Owner: scooteruser
--

CREATE TABLE public.inventory_purchase (
    id bigint NOT NULL,
    invoice_number character varying(100) NOT NULL,
    invoice_date date NOT NULL,
    due_date date NOT NULL,
    status character varying(20) NOT NULL,
    total_amount numeric(10,2) NOT NULL,
    amount_paid numeric(10,2) NOT NULL,
    notes text NOT NULL,
    date_created timestamp with time zone NOT NULL,
    date_updated timestamp with time zone NOT NULL,
    created_by_id integer,
    supplier_id bigint NOT NULL,
    store_id bigint
);


ALTER TABLE public.inventory_purchase OWNER TO scooteruser;

--
-- Name: inventory_purchase_id_seq; Type: SEQUENCE; Schema: public; Owner: scooteruser
--

ALTER TABLE public.inventory_purchase ALTER COLUMN id ADD GENERATED BY DEFAULT AS IDENTITY (
    SEQUENCE NAME public.inventory_purchase_id_seq
    START WITH 1
    INCREMENT BY 1
    NO MINVALUE
    NO MAXVALUE
    CACHE 1
);


--
-- Name: inventory_purchaseitem; Type: TABLE; Schema: public; Owner: scooteruser
--

CREATE TABLE public.inventory_purchaseitem (
    id bigint NOT NULL,
    description character varying(200) NOT NULL,
    quantity numeric(10,2) NOT NULL,
    unit_price numeric(10,2) NOT NULL,
    part_id bigint,
    purchase_id bigint NOT NULL,
    scooter_id bigint,
    store_id bigint
);


ALTER TABLE public.inventory_purchaseitem OWNER TO scooteruser;

--
-- Name: inventory_purchaseitem_id_seq; Type: SEQUENCE; Schema: public; Owner: scooteruser
--

ALTER TABLE public.inventory_purchaseitem ALTER COLUMN id ADD GENERATED BY DEFAULT AS IDENTITY (
    SEQUENCE NAME public.inventory_purchaseitem_id_seq
    START WITH 1
    INCREMENT BY 1
    NO MINVALUE
    NO MAXVALUE
    CACHE 1
);


--
-- Name: inventory_scooter; Type: TABLE; Schema: public; Owner: scooteruser
--

CREATE TABLE public.inventory_scooter (
    id bigint NOT NULL,
    vin character varying(100) NOT NULL,
    make character varying(100) NOT NULL,
    model character varying(100) NOT NULL,
    year integer NOT NULL,
    color character varying(50) NOT NULL,
    status character varying(20) NOT NULL,
    hourly_rate numeric(8,2) NOT NULL,
    daily_rate numeric(8,2) NOT NULL,
    purchase_date date NOT NULL,
    purchase_price numeric(10,2) NOT NULL,
    mileage integer NOT NULL,
    last_maintenance date,
    notes text NOT NULL,
    date_created timestamp with time zone NOT NULL,
    date_updated timestamp with time zone NOT NULL,
    store_id bigint NOT NULL,
    license_number character varying(100),
    supplier_id bigint,
    category_id integer,
    category character varying(1) NOT NULL,
    CONSTRAINT inventory_scooter_mileage_check CHECK ((mileage >= 0)),
    CONSTRAINT inventory_scooter_year_check CHECK ((year >= 0))
);


ALTER TABLE public.inventory_scooter OWNER TO scooteruser;

--
-- Name: inventory_scooter_id_seq; Type: SEQUENCE; Schema: public; Owner: scooteruser
--

ALTER TABLE public.inventory_scooter ALTER COLUMN id ADD GENERATED BY DEFAULT AS IDENTITY (
    SEQUENCE NAME public.inventory_scooter_id_seq
    START WITH 1
    INCREMENT BY 1
    NO MINVALUE
    NO MAXVALUE
    CACHE 1
);


--
-- Name: inventory_scootercategory; Type: TABLE; Schema: public; Owner: scooteruser
--

CREATE TABLE public.inventory_scootercategory (
    id integer NOT NULL,
    category character varying(1) NOT NULL,
    description text DEFAULT ''::text NOT NULL,
    one_day_price numeric(8,2) NOT NULL,
    two_to_ten_days_price numeric(8,2) NOT NULL,
    eleven_to_twentynine_days_price numeric(8,2) NOT NULL,
    thirty_plus_days_price numeric(8,2) NOT NULL,
    date_created timestamp with time zone DEFAULT now() NOT NULL,
    date_updated timestamp with time zone DEFAULT now() NOT NULL
);


ALTER TABLE public.inventory_scootercategory OWNER TO scooteruser;

--
-- Name: inventory_scootercategory_id_seq; Type: SEQUENCE; Schema: public; Owner: scooteruser
--

CREATE SEQUENCE public.inventory_scootercategory_id_seq
    AS integer
    START WITH 1
    INCREMENT BY 1
    NO MINVALUE
    NO MAXVALUE
    CACHE 1;


ALTER SEQUENCE public.inventory_scootercategory_id_seq OWNER TO scooteruser;

--
-- Name: inventory_scootercategory_id_seq; Type: SEQUENCE OWNED BY; Schema: public; Owner: scooteruser
--

ALTER SEQUENCE public.inventory_scootercategory_id_seq OWNED BY public.inventory_scootercategory.id;


--
-- Name: inventory_scootermaintenancehistory; Type: TABLE; Schema: public; Owner: scooteruser
--

CREATE TABLE public.inventory_scootermaintenancehistory (
    id bigint NOT NULL,
    maintenance_date date NOT NULL,
    description text NOT NULL,
    cost numeric(10,2) NOT NULL,
    performed_by character varying(100) NOT NULL,
    mileage_at_service integer NOT NULL,
    date_created timestamp with time zone NOT NULL,
    scooter_id bigint NOT NULL,
    CONSTRAINT inventory_scootermaintenancehistory_mileage_at_service_check CHECK ((mileage_at_service >= 0))
);


ALTER TABLE public.inventory_scootermaintenancehistory OWNER TO scooteruser;

--
-- Name: inventory_scootermaintenancehistory_id_seq; Type: SEQUENCE; Schema: public; Owner: scooteruser
--

ALTER TABLE public.inventory_scootermaintenancehistory ALTER COLUMN id ADD GENERATED BY DEFAULT AS IDENTITY (
    SEQUENCE NAME public.inventory_scootermaintenancehistory_id_seq
    START WITH 1
    INCREMENT BY 1
    NO MINVALUE
    NO MAXVALUE
    CACHE 1
);


--
-- Name: inventory_stocktransfer; Type: TABLE; Schema: public; Owner: scooteruser
--

CREATE TABLE public.inventory_stocktransfer (
    id bigint NOT NULL,
    transfer_number character varying(100) NOT NULL,
    quantity numeric(10,2) NOT NULL,
    transfer_date date NOT NULL,
    status character varying(20) NOT NULL,
    notes text NOT NULL,
    date_created timestamp with time zone NOT NULL,
    date_updated timestamp with time zone NOT NULL,
    created_by_id integer,
    part_id bigint NOT NULL,
    destination_store_id bigint NOT NULL,
    source_store_id bigint NOT NULL
);


ALTER TABLE public.inventory_stocktransfer OWNER TO scooteruser;

--
-- Name: inventory_stocktransfer_id_seq; Type: SEQUENCE; Schema: public; Owner: scooteruser
--

ALTER TABLE public.inventory_stocktransfer ALTER COLUMN id ADD GENERATED BY DEFAULT AS IDENTITY (
    SEQUENCE NAME public.inventory_stocktransfer_id_seq
    START WITH 1
    INCREMENT BY 1
    NO MINVALUE
    NO MAXVALUE
    CACHE 1
);


--
-- Name: inventory_store; Type: TABLE; Schema: public; Owner: scooteruser
--

CREATE TABLE public.inventory_store (
    id bigint NOT NULL,
    name character varying(100) NOT NULL,
    location character varying(200) NOT NULL,
    contact_person character varying(100) NOT NULL,
    phone character varying(20) NOT NULL,
    email character varying(254) NOT NULL,
    is_active boolean NOT NULL,
    date_created timestamp with time zone NOT NULL
);


ALTER TABLE public.inventory_store OWNER TO scooteruser;

--
-- Name: inventory_store_id_seq; Type: SEQUENCE; Schema: public; Owner: scooteruser
--

ALTER TABLE public.inventory_store ALTER COLUMN id ADD GENERATED BY DEFAULT AS IDENTITY (
    SEQUENCE NAME public.inventory_store_id_seq
    START WITH 1
    INCREMENT BY 1
    NO MINVALUE
    NO MAXVALUE
    CACHE 1
);


--
-- Name: inventory_supplier; Type: TABLE; Schema: public; Owner: scooteruser
--

CREATE TABLE public.inventory_supplier (
    id bigint NOT NULL,
    name character varying(100) NOT NULL,
    address text NOT NULL,
    contact_person character varying(100) NOT NULL,
    phone character varying(20) NOT NULL,
    email character varying(254) NOT NULL,
    website character varying(200),
    account_number character varying(50),
    payment_terms character varying(100),
    notes text NOT NULL,
    is_active boolean NOT NULL,
    date_created timestamp with time zone NOT NULL,
    date_updated timestamp with time zone NOT NULL
);


ALTER TABLE public.inventory_supplier OWNER TO scooteruser;

--
-- Name: inventory_supplier_id_seq; Type: SEQUENCE; Schema: public; Owner: scooteruser
--

ALTER TABLE public.inventory_supplier ALTER COLUMN id ADD GENERATED BY DEFAULT AS IDENTITY (
    SEQUENCE NAME public.inventory_supplier_id_seq
    START WITH 1
    INCREMENT BY 1
    NO MINVALUE
    NO MAXVALUE
    CACHE 1
);


--
-- Name: landing_brand; Type: TABLE; Schema: public; Owner: scooteruser
--

CREATE TABLE public.landing_brand (
    id bigint NOT NULL,
    name character varying(100) NOT NULL,
    slug character varying(50) NOT NULL,
    description text NOT NULL,
    logo character varying(100),
    is_active boolean NOT NULL
);


ALTER TABLE public.landing_brand OWNER TO scooteruser;

--
-- Name: landing_brand_id_seq; Type: SEQUENCE; Schema: public; Owner: scooteruser
--

ALTER TABLE public.landing_brand ALTER COLUMN id ADD GENERATED BY DEFAULT AS IDENTITY (
    SEQUENCE NAME public.landing_brand_id_seq
    START WITH 1
    INCREMENT BY 1
    NO MINVALUE
    NO MAXVALUE
    CACHE 1
);


--
-- Name: landing_cart; Type: TABLE; Schema: public; Owner: scooteruser
--

CREATE TABLE public.landing_cart (
    id bigint NOT NULL,
    session_id character varying(100),
    created_at timestamp with time zone NOT NULL,
    updated_at timestamp with time zone NOT NULL,
    user_id integer
);


ALTER TABLE public.landing_cart OWNER TO scooteruser;

--
-- Name: landing_cart_id_seq; Type: SEQUENCE; Schema: public; Owner: scooteruser
--

ALTER TABLE public.landing_cart ALTER COLUMN id ADD GENERATED BY DEFAULT AS IDENTITY (
    SEQUENCE NAME public.landing_cart_id_seq
    START WITH 1
    INCREMENT BY 1
    NO MINVALUE
    NO MAXVALUE
    CACHE 1
);


--
-- Name: landing_cartitem; Type: TABLE; Schema: public; Owner: scooteruser
--

CREATE TABLE public.landing_cartitem (
    id bigint NOT NULL,
    quantity integer NOT NULL,
    color character varying(50),
    added_at timestamp with time zone NOT NULL,
    cart_id bigint NOT NULL,
    product_id bigint NOT NULL,
    CONSTRAINT landing_cartitem_quantity_check CHECK ((quantity >= 0))
);


ALTER TABLE public.landing_cartitem OWNER TO scooteruser;

--
-- Name: landing_cartitem_id_seq; Type: SEQUENCE; Schema: public; Owner: scooteruser
--

ALTER TABLE public.landing_cartitem ALTER COLUMN id ADD GENERATED BY DEFAULT AS IDENTITY (
    SEQUENCE NAME public.landing_cartitem_id_seq
    START WITH 1
    INCREMENT BY 1
    NO MINVALUE
    NO MAXVALUE
    CACHE 1
);


--
-- Name: landing_category; Type: TABLE; Schema: public; Owner: scooteruser
--

CREATE TABLE public.landing_category (
    id bigint NOT NULL,
    name character varying(100) NOT NULL,
    slug character varying(50) NOT NULL,
    description text NOT NULL,
    is_active boolean NOT NULL
);


ALTER TABLE public.landing_category OWNER TO scooteruser;

--
-- Name: landing_category_id_seq; Type: SEQUENCE; Schema: public; Owner: scooteruser
--

ALTER TABLE public.landing_category ALTER COLUMN id ADD GENERATED BY DEFAULT AS IDENTITY (
    SEQUENCE NAME public.landing_category_id_seq
    START WITH 1
    INCREMENT BY 1
    NO MINVALUE
    NO MAXVALUE
    CACHE 1
);


--
-- Name: landing_product; Type: TABLE; Schema: public; Owner: scooteruser
--

CREATE TABLE public.landing_product (
    id bigint NOT NULL,
    name character varying(200) NOT NULL,
    slug character varying(50) NOT NULL,
    description text NOT NULL,
    price numeric(10,2) NOT NULL,
    sale_price numeric(10,2),
    image character varying(100) NOT NULL,
    stock integer NOT NULL,
    is_featured boolean NOT NULL,
    is_active boolean NOT NULL,
    date_added timestamp with time zone NOT NULL,
    date_updated timestamp with time zone NOT NULL,
    brand_id bigint NOT NULL,
    category_id bigint NOT NULL,
    image_url character varying(255),
    CONSTRAINT landing_product_stock_check CHECK ((stock >= 0))
);


ALTER TABLE public.landing_product OWNER TO scooteruser;

--
-- Name: landing_product_id_seq; Type: SEQUENCE; Schema: public; Owner: scooteruser
--

ALTER TABLE public.landing_product ALTER COLUMN id ADD GENERATED BY DEFAULT AS IDENTITY (
    SEQUENCE NAME public.landing_product_id_seq
    START WITH 1
    INCREMENT BY 1
    NO MINVALUE
    NO MAXVALUE
    CACHE 1
);


--
-- Name: landing_wishlist; Type: TABLE; Schema: public; Owner: scooteruser
--

CREATE TABLE public.landing_wishlist (
    id bigint NOT NULL,
    created_at timestamp with time zone NOT NULL,
    user_id integer NOT NULL
);


ALTER TABLE public.landing_wishlist OWNER TO scooteruser;

--
-- Name: landing_wishlist_id_seq; Type: SEQUENCE; Schema: public; Owner: scooteruser
--

ALTER TABLE public.landing_wishlist ALTER COLUMN id ADD GENERATED BY DEFAULT AS IDENTITY (
    SEQUENCE NAME public.landing_wishlist_id_seq
    START WITH 1
    INCREMENT BY 1
    NO MINVALUE
    NO MAXVALUE
    CACHE 1
);


--
-- Name: landing_wishlist_products; Type: TABLE; Schema: public; Owner: scooteruser
--

CREATE TABLE public.landing_wishlist_products (
    id bigint NOT NULL,
    wishlist_id bigint NOT NULL,
    product_id bigint NOT NULL
);


ALTER TABLE public.landing_wishlist_products OWNER TO scooteruser;

--
-- Name: landing_wishlist_products_id_seq; Type: SEQUENCE; Schema: public; Owner: scooteruser
--

ALTER TABLE public.landing_wishlist_products ALTER COLUMN id ADD GENERATED BY DEFAULT AS IDENTITY (
    SEQUENCE NAME public.landing_wishlist_products_id_seq
    START WITH 1
    INCREMENT BY 1
    NO MINVALUE
    NO MAXVALUE
    CACHE 1
);


--
-- Name: service_jobcard; Type: TABLE; Schema: public; Owner: scooteruser
--

CREATE TABLE public.service_jobcard (
    id bigint NOT NULL,
    job_card_number character varying(100) NOT NULL,
    status character varying(20) NOT NULL,
    priority character varying(20) NOT NULL,
    description text NOT NULL,
    mileage integer NOT NULL,
    date_created timestamp with time zone NOT NULL,
    date_updated timestamp with time zone NOT NULL,
    estimated_completion date,
    actual_completion date,
    labor_hours numeric(5,2) NOT NULL,
    labor_rate numeric(10,2) NOT NULL,
    total_cost numeric(10,2) NOT NULL,
    notes text NOT NULL,
    scooter_id bigint NOT NULL,
    technician_id integer NOT NULL,
    previous_scooter_status character varying(20),
    store_id bigint,
    CONSTRAINT service_jobcard_mileage_check CHECK ((mileage >= 0))
);


ALTER TABLE public.service_jobcard OWNER TO scooteruser;

--
-- Name: service_jobcard_id_seq; Type: SEQUENCE; Schema: public; Owner: scooteruser
--

ALTER TABLE public.service_jobcard ALTER COLUMN id ADD GENERATED BY DEFAULT AS IDENTITY (
    SEQUENCE NAME public.service_jobcard_id_seq
    START WITH 1
    INCREMENT BY 1
    NO MINVALUE
    NO MAXVALUE
    CACHE 1
);


--
-- Name: service_jobcarditem; Type: TABLE; Schema: public; Owner: scooteruser
--

CREATE TABLE public.service_jobcarditem (
    id bigint NOT NULL,
    quantity numeric(10,2) NOT NULL,
    unit_price numeric(10,2) NOT NULL,
    total_price numeric(10,2) NOT NULL,
    date_added timestamp with time zone NOT NULL,
    job_card_id bigint NOT NULL,
    part_id bigint NOT NULL
);


ALTER TABLE public.service_jobcarditem OWNER TO scooteruser;

--
-- Name: service_jobcarditem_id_seq; Type: SEQUENCE; Schema: public; Owner: scooteruser
--

ALTER TABLE public.service_jobcarditem ALTER COLUMN id ADD GENERATED BY DEFAULT AS IDENTITY (
    SEQUENCE NAME public.service_jobcarditem_id_seq
    START WITH 1
    INCREMENT BY 1
    NO MINVALUE
    NO MAXVALUE
    CACHE 1
);


--
-- Name: service_servicechecklist; Type: TABLE; Schema: public; Owner: scooteruser
--

CREATE TABLE public.service_servicechecklist (
    id bigint NOT NULL,
    item_name character varying(200) NOT NULL,
    is_checked boolean NOT NULL,
    notes text NOT NULL,
    date_created timestamp with time zone NOT NULL,
    date_updated timestamp with time zone NOT NULL,
    job_card_id bigint NOT NULL
);


ALTER TABLE public.service_servicechecklist OWNER TO scooteruser;

--
-- Name: service_servicechecklist_id_seq; Type: SEQUENCE; Schema: public; Owner: scooteruser
--

ALTER TABLE public.service_servicechecklist ALTER COLUMN id ADD GENERATED BY DEFAULT AS IDENTITY (
    SEQUENCE NAME public.service_servicechecklist_id_seq
    START WITH 1
    INCREMENT BY 1
    NO MINVALUE
    NO MAXVALUE
    CACHE 1
);


--
-- Name: users_userprofile; Type: TABLE; Schema: public; Owner: scooteruser
--

CREATE TABLE public.users_userprofile (
    id bigint NOT NULL,
    phone character varying(20) NOT NULL,
    "position" character varying(100) NOT NULL,
    bio text NOT NULL,
    date_updated timestamp with time zone NOT NULL,
    store_id bigint,
    user_id integer NOT NULL
);


ALTER TABLE public.users_userprofile OWNER TO scooteruser;

--
-- Name: users_userprofile_id_seq; Type: SEQUENCE; Schema: public; Owner: scooteruser
--

ALTER TABLE public.users_userprofile ALTER COLUMN id ADD GENERATED BY DEFAULT AS IDENTITY (
    SEQUENCE NAME public.users_userprofile_id_seq
    START WITH 1
    INCREMENT BY 1
    NO MINVALUE
    NO MAXVALUE
    CACHE 1
);


--
-- Name: inventory_scootercategory id; Type: DEFAULT; Schema: public; Owner: scooteruser
--

ALTER TABLE ONLY public.inventory_scootercategory ALTER COLUMN id SET DEFAULT nextval('public.inventory_scootercategory_id_seq'::regclass);


--
-- Data for Name: analytics_dashboard; Type: TABLE DATA; Schema: public; Owner: scooteruser
--

COPY public.analytics_dashboard (id, name, description, is_default, is_public, date_created, date_updated, owner_id) FROM stdin;
\.


--
-- Data for Name: analytics_dashboardwidget; Type: TABLE DATA; Schema: public; Owner: scooteruser
--

COPY public.analytics_dashboardwidget (id, title, widget_type, data_source, config, position_x, position_y, width, height, date_created, date_updated, dashboard_id) FROM stdin;
\.


--
-- Data for Name: analytics_reportschedule; Type: TABLE DATA; Schema: public; Owner: scooteruser
--

COPY public.analytics_reportschedule (id, name, report_type, description, frequency, include_charts, include_raw_data, date_range_days, next_run_date, last_run_date, is_active, date_created, date_updated, created_by_id) FROM stdin;
\.


--
-- Data for Name: analytics_reportschedule_recipients; Type: TABLE DATA; Schema: public; Owner: scooteruser
--

COPY public.analytics_reportschedule_recipients (id, reportschedule_id, user_id) FROM stdin;
\.


--
-- Data for Name: analytics_savedreport; Type: TABLE DATA; Schema: public; Owner: scooteruser
--

COPY public.analytics_savedreport (id, title, report_data, date_generated, is_public, generated_by_id, report_schedule_id) FROM stdin;
\.


--
-- Data for Name: analytics_savedreport_allowed_users; Type: TABLE DATA; Schema: public; Owner: scooteruser
--

COPY public.analytics_savedreport_allowed_users (id, savedreport_id, user_id) FROM stdin;
\.


--
-- Data for Name: auth_group; Type: TABLE DATA; Schema: public; Owner: scooteruser
--

COPY public.auth_group (id, name) FROM stdin;
1	Managers
2	Directors
3	Staff
\.


--
-- Data for Name: auth_group_permissions; Type: TABLE DATA; Schema: public; Owner: scooteruser
--

COPY public.auth_group_permissions (id, group_id, permission_id) FROM stdin;
1	1	1
2	1	2
3	1	4
4	1	5
5	1	6
6	1	8
7	1	9
8	1	10
9	1	12
10	1	13
11	1	14
12	1	16
13	1	17
14	1	18
15	1	20
16	1	21
17	1	22
18	1	24
19	1	25
20	1	26
21	1	28
22	1	29
23	1	30
24	1	32
25	1	33
26	1	34
27	1	36
28	1	37
29	1	38
30	1	40
31	1	41
32	1	42
33	1	44
34	1	45
35	1	46
36	1	48
37	1	49
38	1	50
39	1	52
40	1	53
41	1	54
42	1	56
43	1	57
44	1	58
45	1	60
46	1	61
47	1	62
48	1	64
49	1	65
50	1	66
51	1	68
52	1	69
53	1	70
54	1	72
55	2	1
56	2	2
57	2	3
58	2	4
59	2	5
60	2	6
61	2	7
62	2	8
63	2	9
64	2	10
65	2	11
66	2	12
67	2	13
68	2	14
69	2	15
70	2	16
71	2	17
72	2	18
73	2	19
74	2	20
75	2	21
76	2	22
77	2	23
78	2	24
79	2	25
80	2	26
81	2	27
82	2	28
83	2	29
84	2	30
85	2	31
86	2	32
87	2	33
88	2	34
89	2	35
90	2	36
91	2	37
92	2	38
93	2	39
94	2	40
95	2	41
96	2	42
97	2	43
98	2	44
99	2	45
100	2	46
101	2	47
102	2	48
103	2	49
104	2	50
105	2	51
106	2	52
107	2	53
108	2	54
109	2	55
110	2	56
111	2	57
112	2	58
113	2	59
114	2	60
115	2	61
116	2	62
117	2	63
118	2	64
119	2	65
120	2	66
121	2	67
122	2	68
123	2	69
124	2	70
125	2	71
126	2	72
127	3	1
128	3	4
129	3	5
130	3	8
131	3	9
132	3	12
133	3	13
134	3	16
135	3	17
136	3	20
137	3	21
138	3	24
139	3	25
140	3	28
141	3	29
142	3	32
143	3	33
144	3	36
145	3	37
146	3	40
147	3	41
148	3	44
149	3	45
150	3	48
151	3	49
152	3	52
153	3	53
154	3	56
155	3	57
156	3	60
157	3	61
158	3	64
159	3	65
160	3	68
161	3	69
162	3	72
\.


--
-- Data for Name: auth_permission; Type: TABLE DATA; Schema: public; Owner: scooteruser
--

COPY public.auth_permission (id, name, content_type_id, codename) FROM stdin;
1	Can add log entry	1	add_logentry
2	Can change log entry	1	change_logentry
3	Can delete log entry	1	delete_logentry
4	Can view log entry	1	view_logentry
5	Can add permission	2	add_permission
6	Can change permission	2	change_permission
7	Can delete permission	2	delete_permission
8	Can view permission	2	view_permission
9	Can add group	3	add_group
10	Can change group	3	change_group
11	Can delete group	3	delete_group
12	Can view group	3	view_group
13	Can add user	4	add_user
14	Can change user	4	change_user
15	Can delete user	4	delete_user
16	Can view user	4	view_user
17	Can add content type	5	add_contenttype
18	Can change content type	5	change_contenttype
19	Can delete content type	5	delete_contenttype
20	Can view content type	5	view_contenttype
21	Can add session	6	add_session
22	Can change session	6	change_session
23	Can delete session	6	delete_session
24	Can view session	6	view_session
25	Can add Part	7	add_parts
26	Can change Part	7	change_parts
27	Can delete Part	7	delete_parts
28	Can view Part	7	view_parts
29	Can add scooter	8	add_scooter
30	Can change scooter	8	change_scooter
31	Can delete scooter	8	delete_scooter
32	Can view scooter	8	view_scooter
33	Can add store	9	add_store
34	Can change store	9	change_store
35	Can delete store	9	delete_store
36	Can view store	9	view_store
37	Can add scooter maintenance history	10	add_scootermaintenancehistory
38	Can change scooter maintenance history	10	change_scootermaintenancehistory
39	Can delete scooter maintenance history	10	delete_scootermaintenancehistory
40	Can view scooter maintenance history	10	view_scootermaintenancehistory
41	Can add stock transfer	11	add_stocktransfer
42	Can change stock transfer	11	change_stocktransfer
43	Can delete stock transfer	11	delete_stocktransfer
44	Can view stock transfer	11	view_stocktransfer
45	Can add job card	12	add_jobcard
46	Can change job card	12	change_jobcard
47	Can delete job card	12	delete_jobcard
48	Can view job card	12	view_jobcard
49	Can add job card item	13	add_jobcarditem
50	Can change job card item	13	change_jobcarditem
51	Can delete job card item	13	delete_jobcarditem
52	Can view job card item	13	view_jobcarditem
53	Can add service checklist	14	add_servicechecklist
54	Can change service checklist	14	change_servicechecklist
55	Can delete service checklist	14	delete_servicechecklist
56	Can view service checklist	14	view_servicechecklist
57	Can add customer	15	add_customer
58	Can change customer	15	change_customer
59	Can delete customer	15	delete_customer
60	Can view customer	15	view_customer
61	Can add payment method	16	add_paymentmethod
62	Can change payment method	16	change_paymentmethod
63	Can delete payment method	16	delete_paymentmethod
64	Can view payment method	16	view_paymentmethod
65	Can add rental	17	add_rental
66	Can change rental	17	change_rental
67	Can delete rental	17	delete_rental
68	Can view rental	17	view_rental
69	Can add payment	18	add_payment
70	Can change payment	18	change_payment
71	Can delete payment	18	delete_payment
72	Can view payment	18	view_payment
73	Can add purchase	19	add_purchase
74	Can change purchase	19	change_purchase
75	Can delete purchase	19	delete_purchase
76	Can view purchase	19	view_purchase
77	Can add purchase item	20	add_purchaseitem
78	Can change purchase item	20	change_purchaseitem
79	Can delete purchase item	20	delete_purchaseitem
80	Can view purchase item	20	view_purchaseitem
81	Can add supplier	21	add_supplier
82	Can change supplier	21	change_supplier
83	Can delete supplier	21	delete_supplier
84	Can view supplier	21	view_supplier
85	Can add inventory alert	22	add_inventoryalert
86	Can change inventory alert	22	change_inventoryalert
87	Can delete inventory alert	22	delete_inventoryalert
88	Can view inventory alert	22	view_inventoryalert
89	Can add dashboard widget	23	add_dashboardwidget
90	Can change dashboard widget	23	change_dashboardwidget
91	Can delete dashboard widget	23	delete_dashboardwidget
92	Can view dashboard widget	23	view_dashboardwidget
93	Can add saved report	24	add_savedreport
94	Can change saved report	24	change_savedreport
95	Can delete saved report	24	delete_savedreport
96	Can view saved report	24	view_savedreport
97	Can add dashboard	25	add_dashboard
98	Can change dashboard	25	change_dashboard
99	Can delete dashboard	25	delete_dashboard
100	Can view dashboard	25	view_dashboard
101	Can add report schedule	26	add_reportschedule
102	Can change report schedule	26	change_reportschedule
103	Can delete report schedule	26	delete_reportschedule
104	Can view report schedule	26	view_reportschedule
105	Can add rental category	27	add_rentalcategory
106	Can change rental category	27	change_rentalcategory
107	Can delete rental category	27	delete_rentalcategory
108	Can view rental category	27	view_rentalcategory
109	Can add scooter category	28	add_scootercategory
110	Can change scooter category	28	change_scootercategory
111	Can delete scooter category	28	delete_scootercategory
112	Can view scooter category	28	view_scootercategory
113	Can add category	29	add_category
114	Can change category	29	change_category
115	Can delete category	29	delete_category
116	Can view category	29	view_category
117	Can add brand	30	add_brand
118	Can change brand	30	change_brand
119	Can delete brand	30	delete_brand
120	Can view brand	30	view_brand
121	Can add product	31	add_product
122	Can change product	31	change_product
123	Can delete product	31	delete_product
124	Can view product	31	view_product
125	Can add user profile	32	add_userprofile
126	Can change user profile	32	change_userprofile
127	Can delete user profile	32	delete_userprofile
128	Can view user profile	32	view_userprofile
129	Can add cart item	33	add_cartitem
130	Can change cart item	33	change_cartitem
131	Can delete cart item	33	delete_cartitem
132	Can view cart item	33	view_cartitem
133	Can add cart	34	add_cart
134	Can change cart	34	change_cart
135	Can delete cart	34	delete_cart
136	Can view cart	34	view_cart
137	Can add wishlist	35	add_wishlist
138	Can change wishlist	35	change_wishlist
139	Can delete wishlist	35	delete_wishlist
140	Can view wishlist	35	view_wishlist
141	Can add cart item	36	add_cartitem
142	Can change cart item	36	change_cartitem
143	Can delete cart item	36	delete_cartitem
144	Can view cart item	36	view_cartitem
\.


--
-- Data for Name: auth_user; Type: TABLE DATA; Schema: public; Owner: scooteruser
--

COPY public.auth_user (id, password, last_login, is_superuser, username, first_name, last_name, email, is_staff, is_active, date_joined) FROM stdin;
3	pbkdf2_sha256$1000000$p6jnNl8KBhOT9I4kdrBz1b$05NN1HRW5cGLCeC1ALuU7RSDOTWW9ippsz/uBOlJJ/c=	\N	f	Trymore	Trymore			t	t	2025-05-12 15:07:03+02
5	pbkdf2_sha256$1000000$1iJQ3t8RB49M8u48YjudBL$sFYDcic6I84CrAg1JPTPBmjhIhfQ8DNBNCAQCz9xlkQ=	2025-05-22 14:24:52.106433+02	f	kato12	Kato	Amos	mmhussein13@yahoo.ca	f	t	2025-05-15 15:37:27.995041+02
1	pbkdf2_sha256$1000000$d8ktIdodJScXs02GNexfXz$0A0iB3GcOehbMrk+K2BoXKCFEqR8tgJ6AmCxeg3JYeo=	2025-05-24 10:43:15.4452+02	t	hussein			mmhussein13@outlook.com	t	t	2025-05-05 20:53:55+02
4	pbkdf2_sha256$1000000$LGZRioMRPowzKZQKFOS5qY$ChwqW0nmegwoAGv/rB9ImGYaiC/G67j7jQECNYxnERk=	\N	f	Pete	Pete	Milne	pete@scoottdr.co.za	f	t	2025-05-12 19:39:07+02
2	pbkdf2_sha256$1000000$PbAO8ViibaigsbGjDLrsEn$D41LoG1vfWqEYeixnJE1cMYY74nrYoRPJnT74Piesbs=	2025-05-23 20:38:34.991584+02	f	Elleck	Elleck	M		t	t	2025-05-08 07:01:36+02
\.


--
-- Data for Name: auth_user_groups; Type: TABLE DATA; Schema: public; Owner: scooteruser
--

COPY public.auth_user_groups (id, user_id, group_id) FROM stdin;
1	2	3
2	1	2
3	3	3
4	4	2
\.


--
-- Data for Name: auth_user_user_permissions; Type: TABLE DATA; Schema: public; Owner: scooteruser
--

COPY public.auth_user_user_permissions (id, user_id, permission_id) FROM stdin;
1	2	17
2	2	20
3	2	21
4	2	24
5	2	25
6	2	28
7	2	29
8	2	32
9	2	33
10	2	36
11	2	37
12	2	40
13	2	41
14	2	44
15	2	45
16	2	48
17	2	49
18	2	52
19	2	53
20	2	56
21	2	57
22	2	60
23	2	61
24	2	64
25	2	65
26	2	68
27	2	69
28	2	72
29	1	1
30	1	2
31	1	3
32	1	4
33	1	5
34	1	6
35	1	7
36	1	8
37	1	9
38	1	10
39	1	11
40	1	12
41	1	13
42	1	14
43	1	15
44	1	16
45	1	17
46	1	18
47	1	19
48	1	20
49	1	21
50	1	22
51	1	23
52	1	24
53	1	25
54	1	26
55	1	27
56	1	28
57	1	29
58	1	30
59	1	31
60	1	32
61	1	33
62	1	34
63	1	35
64	1	36
65	1	37
66	1	38
67	1	39
68	1	40
69	1	41
70	1	42
71	1	43
72	1	44
73	1	45
74	1	46
75	1	47
76	1	48
77	1	49
78	1	50
79	1	51
80	1	52
81	1	53
82	1	54
83	1	55
84	1	56
85	1	57
86	1	58
87	1	59
88	1	60
89	1	61
90	1	62
91	1	63
92	1	64
93	1	65
94	1	66
95	1	67
96	1	68
97	1	69
98	1	70
99	1	71
100	1	72
101	3	1
102	3	4
103	3	5
104	3	8
105	3	9
106	3	12
107	3	13
108	3	16
109	3	17
110	3	20
111	3	21
112	3	24
113	3	25
114	3	28
115	3	29
116	3	32
117	3	33
118	3	36
119	3	37
120	3	40
121	3	41
122	3	44
123	3	45
124	3	48
125	3	49
126	3	52
127	3	53
128	3	56
129	3	57
130	3	60
131	3	61
132	3	64
133	3	65
134	3	68
135	3	69
136	3	72
137	3	73
138	3	76
139	3	77
140	3	80
141	3	81
142	3	84
143	3	85
144	3	88
145	3	89
146	3	92
147	3	93
148	3	96
149	3	97
150	3	100
151	3	101
152	3	104
153	4	1
154	4	2
155	4	3
156	4	4
157	4	5
158	4	6
159	4	7
160	4	8
161	4	9
162	4	10
163	4	11
164	4	12
165	4	13
166	4	14
167	4	15
168	4	16
169	4	17
170	4	18
171	4	19
172	4	20
173	4	21
174	4	22
175	4	23
176	4	24
177	4	25
178	4	26
179	4	27
180	4	28
181	4	29
182	4	30
183	4	31
184	4	32
185	4	33
186	4	34
187	4	35
188	4	36
189	4	37
190	4	38
191	4	39
192	4	40
193	4	41
194	4	42
195	4	43
196	4	44
197	4	45
198	4	46
199	4	47
200	4	48
201	4	49
202	4	50
203	4	51
204	4	52
205	4	53
206	4	54
207	4	55
208	4	56
209	4	57
210	4	58
211	4	59
212	4	60
213	4	61
214	4	62
215	4	63
216	4	64
217	4	65
218	4	66
219	4	67
220	4	68
221	4	69
222	4	70
223	4	71
224	4	72
225	4	73
226	4	74
227	4	75
228	4	76
229	4	77
230	4	78
231	4	79
232	4	80
233	4	81
234	4	82
235	4	83
236	4	84
237	4	85
238	4	86
239	4	87
240	4	88
241	4	89
242	4	90
243	4	91
244	4	92
245	4	93
246	4	94
247	4	95
248	4	96
249	4	97
250	4	98
251	4	99
252	4	100
253	4	101
254	4	102
255	4	103
256	4	104
257	4	105
258	4	106
259	4	107
260	4	108
261	4	109
262	4	110
263	4	111
264	4	112
265	1	73
266	1	74
267	1	75
268	1	76
269	1	77
270	1	78
271	1	79
272	1	80
273	1	81
274	1	82
275	1	83
276	1	84
277	1	85
278	1	86
279	1	87
280	1	88
281	1	89
282	1	90
283	1	91
284	1	92
285	1	93
286	1	94
287	1	95
288	1	96
289	1	97
290	1	98
291	1	99
292	1	100
293	1	101
294	1	102
295	1	103
296	1	104
297	1	105
298	1	106
299	1	107
300	1	108
301	1	109
302	1	110
303	1	111
304	1	112
\.


--
-- Data for Name: customers_customer; Type: TABLE DATA; Schema: public; Owner: scooteruser
--

COPY public.customers_customer (id, first_name, last_name, email, phone, address, city, state, postal_code, country, driver_license, date_of_birth, notes, is_active, date_created, date_updated) FROM stdin;
1	Kyobe	Ismael	info@torqlubricants.co.za	0837288948	Kew	Pretoria	Gauteng	0083	South Africa	12233445	1993-10-10		t	2025-05-05 21:15:13.216694+02	2025-05-05 21:15:13.216724+02
\.


--
-- Data for Name: customers_payment; Type: TABLE DATA; Schema: public; Owner: scooteruser
--

COPY public.customers_payment (id, amount, payment_date, status, transaction_id, notes, date_created, date_updated, payment_method_id, rental_id) FROM stdin;
1	100.00	2025-05-05 21:27:25.996622+02	completed			2025-05-05 21:27:25.996937+02	2025-05-05 21:27:25.996953+02	1	1
2	100.00	2025-05-06 01:15:57.158896+02	completed			2025-05-06 01:15:57.159229+02	2025-05-06 01:15:57.159239+02	1	2
\.


--
-- Data for Name: customers_paymentmethod; Type: TABLE DATA; Schema: public; Owner: scooteruser
--

COPY public.customers_paymentmethod (id, payment_type, card_number, card_holder_name, expiry_date, is_default, is_active, date_created, date_updated, customer_id) FROM stdin;
1	cash				f	t	2025-05-05 21:15:28.092067+02	2025-05-05 21:15:28.092088+02	1
\.


--
-- Data for Name: customers_rental; Type: TABLE DATA; Schema: public; Owner: scooteruser
--

COPY public.customers_rental (id, rental_number, start_date, expected_end_date, end_date, rate_type, rate_amount, status, deposit_amount, deposit_returned, total_amount, mileage_start, mileage_end, notes, date_created, date_updated, created_by_id, customer_id, scooter_id, category_id) FROM stdin;
1	R000001	2025-05-05 21:25:00+02	2025-05-06 21:25:00+02	2025-05-05 21:26:58.099432+02	daily	100.00	completed	600.00	f	100.00	5	500		2025-05-05 21:25:51.432445+02	2025-05-05 21:26:58.220696+02	1	1	1	\N
2	R000002	2025-05-05 21:39:00+02	2025-05-06 21:39:00+02	2025-05-06 01:15:40.692848+02	daily	100.00	completed	600.00	f	100.00	500	600		2025-05-05 21:40:05.955121+02	2025-05-06 01:15:40.718897+02	1	1	1	\N
3	R000003	2025-05-15 12:00:00+02	2025-06-06 12:00:00+02	2025-05-20 21:11:49.544639+02	daily	225.00	completed	1000.00	f	2100.00	26119	26300		2025-05-15 07:30:42.16412+02	2025-05-20 21:11:49.679899+02	1	1	4	\N
\.


--
-- Data for Name: customers_rentalcategory; Type: TABLE DATA; Schema: public; Owner: scooteruser
--

COPY public.customers_rentalcategory (id, category, description, one_day_price, two_to_ten_days_price, eleven_to_twentynine_days_price, thirty_plus_days_price, date_created, date_updated) FROM stdin;
\.


--
-- Data for Name: django_admin_log; Type: TABLE DATA; Schema: public; Owner: scooteruser
--

COPY public.django_admin_log (id, action_time, object_id, object_repr, action_flag, change_message, content_type_id, user_id) FROM stdin;
1	2025-05-08 07:01:37.623463+02	2	Elleck	1	[{"added": {}}]	4	1
2	2025-05-08 07:06:15.869078+02	2	Elleck	2	[{"changed": {"fields": ["First name", "Last name", "Staff status", "User permissions"]}}]	4	1
3	2025-05-08 07:12:43.562157+02	1	Managers	1	[{"added": {}}]	3	1
4	2025-05-08 07:13:11.603486+02	2	Directors	1	[{"added": {}}]	3	1
5	2025-05-08 07:14:38.012297+02	3	Staff	1	[{"added": {}}]	3	1
6	2025-05-08 07:15:27.234526+02	2	Elleck	2	[{"changed": {"fields": ["Groups"]}}]	4	1
7	2025-05-08 07:16:00.692486+02	1	hussein	2	[{"changed": {"fields": ["Groups", "User permissions"]}}]	4	1
8	2025-05-12 15:07:04.969804+02	3	Trmore	1	[{"added": {}}]	4	1
9	2025-05-12 15:09:43.708674+02	3	Trmore	2	[{"changed": {"fields": ["First name", "Staff status", "Groups", "User permissions"]}}]	4	1
10	2025-05-12 15:10:16.907741+02	3	Trymore	2	[{"changed": {"fields": ["Username"]}}]	4	1
11	2025-05-12 19:39:10.24994+02	4	Pete	1	[{"added": {}}]	4	1
12	2025-05-12 19:40:30.379845+02	4	Pete	2	[{"changed": {"fields": ["First name", "Last name", "Email address", "Groups", "User permissions"]}}]	4	1
13	2025-05-16 21:30:06.728281+02	4	Pete	2	[{"changed": {"fields": ["User permissions"]}}]	4	1
14	2025-05-16 21:30:28.053812+02	1	hussein	2	[{"changed": {"fields": ["User permissions"]}}]	4	1
15	2025-05-21 17:38:50.310428+02	1	Scooters	1	[{"added": {}}]	29	1
16	2025-05-21 17:39:00.108612+02	2	Accessories & Add-ons	1	[{"added": {}}]	29	1
17	2025-05-21 17:40:07.515732+02	1	Sym	1	[{"added": {}}]	30	1
18	2025-05-21 17:41:17.808083+02	1	Sym Jet 14	1	[{"added": {}}]	31	1
19	2025-05-21 17:43:41.685803+02	2	Citycom 300i	1	[{"added": {}}]	31	1
20	2025-05-24 08:27:06.842743+02	2	Vespa	1	[{"added": {}}]	30	1
21	2025-05-24 08:27:48.646417+02	3	Vespa GTS 300	1	[{"added": {}}]	31	1
22	2025-05-24 08:40:29.700566+02	2	Citycom 300i	2	[{"changed": {"fields": ["Image"]}}]	31	1
23	2025-05-24 08:40:47.334432+02	1	Sym Jet 14	2	[{"changed": {"fields": ["Image"]}}]	31	1
24	2025-05-24 08:42:58.847642+02	4	Orbit II	1	[{"added": {}}]	31	1
25	2025-05-24 08:44:28.847184+02	5	Joyride 300	1	[{"added": {}}]	31	1
26	2025-05-24 08:46:10.033123+02	6	Fiddle II 150	1	[{"added": {}}]	31	1
27	2025-05-24 08:47:32.875126+02	7	Crox 125	1	[{"added": {}}]	31	1
28	2025-05-24 08:49:54.46292+02	8	X-Pro 125	1	[{"added": {}}]	31	1
29	2025-05-24 08:55:25.014537+02	3	Lambretta	1	[{"added": {}}]	30	1
30	2025-05-24 08:56:12.038995+02	9	G350 Lambretta	1	[{"added": {}}]	31	1
31	2025-05-24 10:31:21.533039+02	9	G350 Lambretta	2	[{"changed": {"fields": ["Image"]}}]	31	1
32	2025-05-24 10:32:14.3541+02	8	X-Pro 125	2	[{"changed": {"fields": ["Image"]}}]	31	1
33	2025-05-24 10:32:43.102729+02	7	Crox 125	2	[{"changed": {"fields": ["Image"]}}]	31	1
34	2025-05-24 10:33:09.384881+02	7	Crox 125	2	[{"changed": {"fields": ["Image"]}}]	31	1
35	2025-05-24 10:34:03.216079+02	6	Fiddle II 150	2	[{"changed": {"fields": ["Image"]}}]	31	1
36	2025-05-24 10:34:42.918011+02	5	Joyride 300	2	[{"changed": {"fields": ["Image"]}}]	31	1
37	2025-05-24 10:35:39.768199+02	4	Orbit II	2	[{"changed": {"fields": ["Image"]}}]	31	1
38	2025-05-24 10:36:33.865981+02	3	Vespa GTS 300	2	[{"changed": {"fields": ["Image"]}}]	31	1
39	2025-05-24 10:37:04.621833+02	2	Citycom 300i	2	[{"changed": {"fields": ["Image"]}}]	31	1
40	2025-05-24 10:37:22.311208+02	1	Sym Jet 14	2	[{"changed": {"fields": ["Image"]}}]	31	1
\.


--
-- Data for Name: django_content_type; Type: TABLE DATA; Schema: public; Owner: scooteruser
--

COPY public.django_content_type (id, app_label, model) FROM stdin;
1	admin	logentry
2	auth	permission
3	auth	group
4	auth	user
5	contenttypes	contenttype
6	sessions	session
7	inventory	parts
8	inventory	scooter
9	inventory	store
10	inventory	scootermaintenancehistory
11	inventory	stocktransfer
12	service	jobcard
13	service	jobcarditem
14	service	servicechecklist
15	customers	customer
16	customers	paymentmethod
17	customers	rental
18	customers	payment
19	inventory	purchase
20	inventory	purchaseitem
21	inventory	supplier
22	inventory	inventoryalert
23	analytics	dashboardwidget
24	analytics	savedreport
25	analytics	dashboard
26	analytics	reportschedule
27	customers	rentalcategory
28	inventory	scootercategory
29	landing	category
30	landing	brand
31	landing	product
32	users	userprofile
33	landing	cartitem
34	landing	cart
35	landing	wishlist
36	cart	cartitem
\.


--
-- Data for Name: django_migrations; Type: TABLE DATA; Schema: public; Owner: scooteruser
--

COPY public.django_migrations (id, app, name, applied) FROM stdin;
1	contenttypes	0001_initial	2025-05-05 20:53:08.941662+02
2	auth	0001_initial	2025-05-05 20:53:09.432448+02
3	admin	0001_initial	2025-05-05 20:53:09.709134+02
4	admin	0002_logentry_remove_auto_add	2025-05-05 20:53:09.722643+02
5	admin	0003_logentry_add_action_flag_choices	2025-05-05 20:53:09.792486+02
6	contenttypes	0002_remove_content_type_name	2025-05-05 20:53:09.894624+02
7	auth	0002_alter_permission_name_max_length	2025-05-05 20:53:09.946633+02
8	auth	0003_alter_user_email_max_length	2025-05-05 20:53:10.017125+02
9	auth	0004_alter_user_username_opts	2025-05-05 20:53:10.069935+02
10	auth	0005_alter_user_last_login_null	2025-05-05 20:53:10.141547+02
11	auth	0006_require_contenttypes_0002	2025-05-05 20:53:10.193113+02
12	auth	0007_alter_validators_add_error_messages	2025-05-05 20:53:10.242543+02
13	auth	0008_alter_user_username_max_length	2025-05-05 20:53:10.296143+02
14	auth	0009_alter_user_last_name_max_length	2025-05-05 20:53:10.315258+02
15	auth	0010_alter_group_name_max_length	2025-05-05 20:53:10.335413+02
16	auth	0011_update_proxy_permissions	2025-05-05 20:53:10.347957+02
17	auth	0012_alter_user_first_name_max_length	2025-05-05 20:53:10.371646+02
18	inventory	0001_initial	2025-05-05 20:53:10.523934+02
19	customers	0001_initial	2025-05-05 20:53:10.759335+02
20	service	0001_initial	2025-05-05 20:53:10.871996+02
21	sessions	0001_initial	2025-05-05 20:53:10.886225+02
22	inventory	0002_alter_parts_part_number_alter_parts_unique_together	2025-05-05 21:58:16.868642+02
23	inventory	0003_alter_parts_current_stock_alter_parts_reorder_level_and_more	2025-05-06 00:43:32.407404+02
24	service	0002_alter_jobcarditem_quantity	2025-05-06 01:12:36.253935+02
25	inventory	0004_scooter_license_number	2025-05-06 13:35:50.933979+02
26	inventory	0005_supplier_purchase_purchaseitem_scooter_supplier	2025-05-08 18:32:08.796551+02
27	inventory	0006_purchaseitem_store	2025-05-08 19:38:15.683068+02
28	analytics	0001_initial	2025-05-08 21:50:07.495634+02
29	inventory	0007_inventoryalert	2025-05-08 21:50:07.574735+02
30	service	0003_jobcard_previous_scooter_status	2025-05-10 06:54:56.581929+02
31	customers	0002_rentalcategory_alter_rental_rate_type_and_more	2025-05-14 19:13:42.48698+02
32	inventory	0008_scooter_category	2025-05-15 07:26:19.651434+02
33	users	0001_initial	2025-05-21 11:13:10.650956+02
34	landing	0001_initial	2025-05-21 15:25:42.544324+02
35	service	0004_jobcard_store	2025-05-22 23:08:43.228169+02
36	inventory	0009_purchase_store	2025-05-23 15:49:16.573189+02
37	landing	0002_cart_cartitem_wishlist	2025-05-23 21:03:40.590061+02
\.


--
-- Data for Name: django_session; Type: TABLE DATA; Schema: public; Owner: scooteruser
--

COPY public.django_session (session_key, session_data, expire_date) FROM stdin;
geqyoahqboa3zlxpc8enotpfdg8pcotn	.eJxVjE0OwiAYBe_C2pBCAcGl-56BfH-RqoGktCvj3bVJF7p9M_NeKsO2lrx1WfLM6qKMOv1uCPSQugO-Q701Ta2uy4x6V_RBu54ay_N6uH8HBXr51kRorDUSB-8wIafBgVg05-AwjswIYkAoig-RyWBgT-DHBDFRHEXU-wP-HDjq:1uC0xm:xX4hVJX9CmPC--joZyccgEwSeJLtITmVgeO24BEhaBM	2025-05-19 20:54:50.081835+02
r4tcwwvdfpldntryy9zkob4apgy18umj	.eJxVjE0OwiAYBe_C2pBCAcGl-56BfH-RqoGktCvj3bVJF7p9M_NeKsO2lrx1WfLM6qKMOv1uCPSQugO-Q701Ta2uy4x6V_RBu54ay_N6uH8HBXr51kRorDUSB-8wIafBgVg05-AwjswIYkAoig-RyWBgT-DHBDFRHEXU-wP-HDjq:1uCMPY:jwLB1JJ14K1YbFLIXfmtESREf_-TP7g4Q6Er_aiyYGQ	2025-05-20 19:48:56.363644+02
bgqbgicle1vldwb76c3uioohep5sjxlb	.eJxVjE0OwiAYBe_C2pBCAcGl-56BfH-RqoGktCvj3bVJF7p9M_NeKsO2lrx1WfLM6qKMOv1uCPSQugO-Q701Ta2uy4x6V_RBu54ay_N6uH8HBXr51kRorDUSB-8wIafBgVg05-AwjswIYkAoig-RyWBgT-DHBDFRHEXU-wP-HDjq:1uEm5C:SVT0o0q2Bvo6eOWPlvRAPjKrSW27KhIFUIYssNiDKvA	2025-05-13 11:42:54.407467+02
uh6wls56irgfzmpe5ad4zwvelosuqrws	.eJxVjE0OwiAYBe_C2pBCAcGl-56BfH-RqoGktCvj3bVJF7p9M_NeKsO2lrx1WfLM6qKMOv1uCPSQugO-Q701Ta2uy4x6V_RBu54ay_N6uH8HBXr51kRorDUSB-8wIafBgVg05-AwjswIYkAoig-RyWBgT-DHBDFRHEXU-wP-HDjq:1uFCYF:8RIcOcKQd_9dD-z37lT1SWtBvGyvHOAa0eh9mWHKf-I	2025-05-14 15:58:39.595073+02
s2mlc2dhj4ylsnmlrmr0kiylpmp6fsgu	.eJxVjE0OwiAYBe_C2pBCAcGl-56BfH-RqoGktCvj3bVJF7p9M_NeKsO2lrx1WfLM6qKMOv1uCPSQugO-Q701Ta2uy4x6V_RBu54ay_N6uH8HBXr51kRorDUSB-8wIafBgVg05-AwjswIYkAoig-RyWBgT-DHBDFRHEXU-wP-HDjq:1uEQSm:KwEsV5e3R7jMj1U6Liqc58SaageIHzTv1QEdR7_SLew	2025-05-12 12:37:48.572846+02
s7cqt7qctjfgyg7o28lnsvaavyro7k7r	.eJxVjE0OwiAYBe_C2pBCAcGl-56BfH-RqoGktCvj3bVJF7p9M_NeKsO2lrx1WfLM6qKMOv1uCPSQugO-Q701Ta2uy4x6V_RBu54ay_N6uH8HBXr51kRorDUSB-8wIafBgVg05-AwjswIYkAoig-RyWBgT-DHBDFRHEXU-wP-HDjq:1uDHAB:b3wCbXzBRFT8xOD9PCx2rIMPMkKblzLfPDFY4elSONg	2025-05-23 08:24:51.162796+02
i6lw8wr6nfrwsmv6wcdm5m014ne10h3m	.eJxVjE0OwiAYBe_C2pBCAcGl-56BfH-RqoGktCvj3bVJF7p9M_NeKsO2lrx1WfLM6qKMOv1uCPSQugO-Q701Ta2uy4x6V_RBu54ay_N6uH8HBXr51kRorDUSB-8wIafBgVg05-AwjswIYkAoig-RyWBgT-DHBDFRHEXU-wP-HDjq:1uDM5y:CDQq1oZV5Q7WU2j9cF1jSwTmxNBfbfD1XLAGJqVhPDI	2025-05-23 13:40:50.327832+02
1c12vbwi78zv6qpo24s32ouhkgtckj9n	.eJxVjE0OwiAYBe_C2pBCAcGl-56BfH-RqoGktCvj3bVJF7p9M_NeKsO2lrx1WfLM6qKMOv1uCPSQugO-Q701Ta2uy4x6V_RBu54ay_N6uH8HBXr51kRorDUSB-8wIafBgVg05-AwjswIYkAoig-RyWBgT-DHBDFRHEXU-wP-HDjq:1uFD0O:QOoDWPswwTlqH1pExnP-k5rP3ZaV40lNL8KMFaDAYTE	2025-05-14 16:27:44.281077+02
puteg7ra7igxbvh3czxsk33a69wxmf43	.eJxVjE0OwiAYBe_C2pBCAcGl-56BfH-RqoGktCvj3bVJF7p9M_NeKsO2lrx1WfLM6qKMOv1uCPSQugO-Q701Ta2uy4x6V_RBu54ay_N6uH8HBXr51kRorDUSB-8wIafBgVg05-AwjswIYkAoig-RyWBgT-DHBDFRHEXU-wP-HDjq:1uEPlC:G7ADmtS-6Jtb6PrGGzdijaosEjnlKlFLWscYxJiaF80	2025-05-12 11:52:46.107277+02
czxdanlf5i7tnca0as31svt9wwng1d6n	.eJxVjMsOwiAQRf-FtSFAeTgu3fsNzTADUjWQlHZl_HdD0oVu7znnvsWM-1bmvad1XlhchBGn3y0iPVMdgB9Y701Sq9u6RDkUedAub43T63q4fwcFexm1CaiAvQIKYCyYQJ4155A5GySFVofE7HlS0enk4uSCsRpYaTojoPh8Aec1N_0:1uDpN6:Qh-DxrTSBxF9F5ZYyCxZYvf0gm8VmfJuvtSfUxZyPJM	2025-05-10 21:01:28.602879+02
jmsf38jh025z5x2onwkq2mc78cs8t2k3	.eJxVjE0OwiAYBe_C2pBCAcGl-56BfH-RqoGktCvj3bVJF7p9M_NeKsO2lrx1WfLM6qKMOv1uCPSQugO-Q701Ta2uy4x6V_RBu54ay_N6uH8HBXr51kRorDUSB-8wIafBgVg05-AwjswIYkAoig-RyWBgT-DHBDFRHEXU-wP-HDjq:1uEo1p:8ZcOv-bqrcfpmegJEsA1SVldvqHUZ8q_5K5o3Nnz9p4	2025-05-13 13:47:33.516184+02
yh4fayleh90gyip1rfaep9fiy932nu47	.eJxVjE0OwiAYBe_C2pBCAcGl-56BfH-RqoGktCvj3bVJF7p9M_NeKsO2lrx1WfLM6qKMOv1uCPSQugO-Q701Ta2uy4x6V_RBu54ay_N6uH8HBXr51kRorDUSB-8wIafBgVg05-AwjswIYkAoig-RyWBgT-DHBDFRHEXU-wP-HDjq:1uDpci:SoVB33q8ZMQS460XMPdoHf0WSSY0cCCJCSLnnOTLb5s	2025-05-10 21:17:36.565813+02
halany4pdv2oggnrgfgokh1afdam8mi6	.eJxVjE0OwiAYBe_C2pBCAcGl-56BfH-RqoGktCvj3bVJF7p9M_NeKsO2lrx1WfLM6qKMOv1uCPSQugO-Q701Ta2uy4x6V_RBu54ay_N6uH8HBXr51kRorDUSB-8wIafBgVg05-AwjswIYkAoig-RyWBgT-DHBDFRHEXU-wP-HDjq:1uEX8g:Ksg228Z11QHK_pz33W5ijNtyEhBJHJtCKfvm67xAVw0	2025-05-12 19:45:30.80333+02
h5ig6zb39minnfvw6s88869e9x0q3ews	.eJxVjE0OwiAYBe_C2pBCAcGl-56BfH-RqoGktCvj3bVJF7p9M_NeKsO2lrx1WfLM6qKMOv1uCPSQugO-Q701Ta2uy4x6V_RBu54ay_N6uH8HBXr51kRorDUSB-8wIafBgVg05-AwjswIYkAoig-RyWBgT-DHBDFRHEXU-wP-HDjq:1uEle4:7u-p4KgLjX0yJfbEF4F8zXZGwp0NLkQkVW-FXcG5oww	2025-05-13 11:14:52.033885+02
222lt28x3pttev1c9ji8n20w5vgynbs3	.eJxVjE0OwiAYBe_C2pBCAcGl-56BfH-RqoGktCvj3bVJF7p9M_NeKsO2lrx1WfLM6qKMOv1uCPSQugO-Q701Ta2uy4x6V_RBu54ay_N6uH8HBXr51kRorDUSB-8wIafBgVg05-AwjswIYkAoig-RyWBgT-DHBDFRHEXU-wP-HDjq:1uEQlt:wndPmBoU4MY9FinDMGD_oC2xK9DpymndvONOeVu7kVY	2025-05-12 12:57:33.41738+02
bzp5xur61j1fzh8hw66zrqs9c8po7al4	.eJxVjE0OwiAYBe_C2pBCAcGl-56BfH-RqoGktCvj3bVJF7p9M_NeKsO2lrx1WfLM6qKMOv1uCPSQugO-Q701Ta2uy4x6V_RBu54ay_N6uH8HBXr51kRorDUSB-8wIafBgVg05-AwjswIYkAoig-RyWBgT-DHBDFRHEXU-wP-HDjq:1uFFoR:JqP1RV7oxM__-DKn1TDe0V3e81uC2Q3oX86uW-kebTo	2025-05-14 19:27:35.874609+02
mmmzjg1cyupc07qunxyq4cl9zvwthxy5	.eJxVjE0OwiAYBe_C2pBCAcGl-56BfH-RqoGktCvj3bVJF7p9M_NeKsO2lrx1WfLM6qKMOv1uCPSQugO-Q701Ta2uy4x6V_RBu54ay_N6uH8HBXr51kRorDUSB-8wIafBgVg05-AwjswIYkAoig-RyWBgT-DHBDFRHEXU-wP-HDjq:1uERBD:YPLXrJgbbpM2W37gEBzWItK5eYXB7LDN46-tkk3QEHU	2025-05-12 13:23:43.210782+02
zcole5fqjhrwleihs75y5mtwu6mqi7u4	.eJxVjE0OwiAYBe_C2pBCAcGl-56BfH-RqoGktCvj3bVJF7p9M_NeKsO2lrx1WfLM6qKMOv1uCPSQugO-Q701Ta2uy4x6V_RBu54ay_N6uH8HBXr51kRorDUSB-8wIafBgVg05-AwjswIYkAoig-RyWBgT-DHBDFRHEXU-wP-HDjq:1uFCRc:N9p1sjJ5L9DgCyYf5xB5JpNUBKvPyyO-StH7Y8Do7hE	2025-05-14 15:51:48.228232+02
m42dvrisv588qtdkyp0y4mdkcstt6uns	.eJxVjE0OwiAYBe_C2pBCAcGl-56BfH-RqoGktCvj3bVJF7p9M_NeKsO2lrx1WfLM6qKMOv1uCPSQugO-Q701Ta2uy4x6V_RBu54ay_N6uH8HBXr51kRorDUSB-8wIafBgVg05-AwjswIYkAoig-RyWBgT-DHBDFRHEXU-wP-HDjq:1uFG8V:fKAw5skOjM8Vk8nMmr3qjZgVshB2RvJLx0S5ETZdJZU	2025-05-14 19:48:19.771874+02
gv6uld1olwbbyd93s0k02nzu1hh1sf4k	.eJxVjE0OwiAYBe_C2pBCAcGl-56BfH-RqoGktCvj3bVJF7p9M_NeKsO2lrx1WfLM6qKMOv1uCPSQugO-Q701Ta2uy4x6V_RBu54ay_N6uH8HBXr51kRorDUSB-8wIafBgVg05-AwjswIYkAoig-RyWBgT-DHBDFRHEXU-wP-HDjq:1uFIHp:2T6bAZ8Rh5PDDh1x9YhcCoWxhcV-46rjwD_50t6FcA0	2025-05-14 22:06:05.360568+02
zp13kiqn135bv7klcssgzminey52c06x	.eJxVjE0OwiAYBe_C2pBCAcGl-56BfH-RqoGktCvj3bVJF7p9M_NeKsO2lrx1WfLM6qKMOv1uCPSQugO-Q701Ta2uy4x6V_RBu54ay_N6uH8HBXr51kRorDUSB-8wIafBgVg05-AwjswIYkAoig-RyWBgT-DHBDFRHEXU-wP-HDjq:1uFISo:DJcvo3gSewiMrYTHpcyy1Kw_CtrysrseXA8VyroKPMw	2025-05-14 22:17:26.678244+02
qx38719twa20eh7z9v7sx63fvstcc074	eyJjYXJ0Ijp7fX0:1uI65O:xGqUEe9BoKfK4Vet0wiDuEURie1uLHmIsz-SnwxjJi8	2025-05-22 15:40:50.227983+02
6l84o5eunidw0357ofc3y7juudks702e	.eJxVjE0OwiAYBe_C2pBCAcGl-56BfH-RqoGktCvj3bVJF7p9M_NeKsO2lrx1WfLM6qKMOv1uCPSQugO-Q701Ta2uy4x6V_RBu54ay_N6uH8HBXr51kRorDUSB-8wIafBgVg05-AwjswIYkAoig-RyWBgT-DHBDFRHEXU-wP-HDjq:1uFJsE:2Lc9YLo9Gisz_MmxCFeCWlfPl2oeW5zhqkqXj8iAkIU	2025-05-14 23:47:46.544733+02
5uux28atosk4m228h10sp6jt9x0w5ba5	.eJxVjEEOwiAQRe_C2hDqgAMu3XuGZpgBqRpISrsy3l2bdKHb_977LzXSupRx7WkeJ1FnNajD7xaJH6luQO5Ub01zq8s8Rb0peqddX5uk52V3_w4K9fKtMQC4BB4hYMTM4gmsRU4wUMgnDISWogmZAVDIsRF3JJMRxHpjWb0_1HM3sw:1uHis6:2-YBtToo3uYProAodO7DrQXG886V84TX77w0b4Prrfg	2025-05-21 14:53:34.453727+02
7x0dkms87ybag48l38yz53w5unkw026a	.eJxVjE0OwiAYBe_C2pBCAcGl-56BfH-RqoGktCvj3bVJF7p9M_NeKsO2lrx1WfLM6qKMOv1uCPSQugO-Q701Ta2uy4x6V_RBu54ay_N6uH8HBXr51kRorDUSB-8wIafBgVg05-AwjswIYkAoig-RyWBgT-DHBDFRHEXU-wP-HDjq:1uFRuk:Bm6CjSxZRkvUd7zHcfB7iSTELT4D5nnVgUtOdp2ZMJQ	2025-05-15 08:22:54.551871+02
b1d9ys20dx0atxe79h46yh1hakl2hzta	.eJxVjE0OwiAYBe_C2pBCAcGl-56BfH-RqoGktCvj3bVJF7p9M_NeKsO2lrx1WfLM6qKMOv1uCPSQugO-Q701Ta2uy4x6V_RBu54ay_N6uH8HBXr51kRorDUSB-8wIafBgVg05-AwjswIYkAoig-RyWBgT-DHBDFRHEXU-wP-HDjq:1uFRB6:zSGkCWN_nKmIOoHazRfySbtiqS_8euIQD7uLs0Dw-X4	2025-05-15 07:35:44.812301+02
w4hf1q1139wm9rggt12djp5oiyzyezek	.eJxVjE0OwiAYBe_C2pBCAcGl-56BfH-RqoGktCvj3bVJF7p9M_NeKsO2lrx1WfLM6qKMOv1uCPSQugO-Q701Ta2uy4x6V_RBu54ay_N6uH8HBXr51kRorDUSB-8wIafBgVg05-AwjswIYkAoig-RyWBgT-DHBDFRHEXU-wP-HDjq:1uFRPE:uVPBEpGBj4YCJw8s0IHjAK7cJSl7yLV4Bsi4wZPR5SQ	2025-05-15 07:50:20.792187+02
mefwi1fwxghgofj5d5qe9bd2ld7xg4ju	.eJxVjE0OwiAYBe_C2pBCAcGl-56BfH-RqoGktCvj3bVJF7p9M_NeKsO2lrx1WfLM6qKMOv1uCPSQugO-Q701Ta2uy4x6V_RBu54ay_N6uH8HBXr51kRorDUSB-8wIafBgVg05-AwjswIYkAoig-RyWBgT-DHBDFRHEXU-wP-HDjq:1uFSOn:43vUXwXkJ9OxM4Xqk9d1FhXr1-TzUG_Xf2_T9vhdKD4	2025-05-15 08:53:57.976174+02
z9u3fgitjqqpns6ngt9kidt2uso8few2	.eJxVjE0OwiAYBe_C2pBCAcGl-56BfH-RqoGktCvj3bVJF7p9M_NeKsO2lrx1WfLM6qKMOv1uCPSQugO-Q701Ta2uy4x6V_RBu54ay_N6uH8HBXr51kRorDUSB-8wIafBgVg05-AwjswIYkAoig-RyWBgT-DHBDFRHEXU-wP-HDjq:1uFmb2:OHFcW_DlB4syH9kBgSs9NYsedG6Lt17K7QxS-QB-I1A	2025-05-16 06:27:56.991484+02
qdu71cre1jsw7ajsv766r40xahvg3gxd	.eJxVjE0OwiAYBe_C2pBCAcGl-56BfH-RqoGktCvj3bVJF7p9M_NeKsO2lrx1WfLM6qKMOv1uCPSQugO-Q701Ta2uy4x6V_RBu54ay_N6uH8HBXr51kRorDUSB-8wIafBgVg05-AwjswIYkAoig-RyWBgT-DHBDFRHEXU-wP-HDjq:1uFqEd:sbRnvQS5wO5zfM28Z-LaPhakE13ktyoe6Fhz7yzHZWE	2025-05-16 10:21:03.828816+02
55ga0cbgg6axmaxl7o196d0450txhzrj	.eJxVjEEOwiAQRe_C2hDqgAMu3XuGZpgBqRpISrsy3l2bdKHb_977LzXSupRx7WkeJ1FnNajD7xaJH6luQO5Ub01zq8s8Rb0peqddX5uk52V3_w4K9fKtMQC4BB4hYMTM4gmsRU4wUMgnDISWogmZAVDIsRF3JJMRxHpjWb0_1HM3sw:1uGEsX:Y9PxcKby6mswKRHNpBiekk1BkdhoHvBRnyvD9W5mIzA	2025-05-17 12:39:53.106867+02
9kdphlgg29slijcg5krxjxbpmeh36awa	.eJxVjE0OwiAYBe_C2pBCAcGl-56BfH-RqoGktCvj3bVJF7p9M_NeKsO2lrx1WfLM6qKMOv1uCPSQugO-Q701Ta2uy4x6V_RBu54ay_N6uH8HBXr51kRorDUSB-8wIafBgVg05-AwjswIYkAoig-RyWBgT-DHBDFRHEXU-wP-HDjq:1uFoHM:PVoyshIb9WJTkJUnyu56KPFjxJbGa7PVHOltldXn6TE	2025-05-16 08:15:44.240332+02
8hnggc907sajf9jpyqy9tzkyz7oryhpk	.eJxVjE0OwiAYBe_C2pBCAcGl-56BfH-RqoGktCvj3bVJF7p9M_NeKsO2lrx1WfLM6qKMOv1uCPSQugO-Q701Ta2uy4x6V_RBu54ay_N6uH8HBXr51kRorDUSB-8wIafBgVg05-AwjswIYkAoig-RyWBgT-DHBDFRHEXU-wP-HDjq:1uFdRk:o1CPS5C_-6r6Nx1yWgAElpxU7AzhOfzvNJXHVSbYvXs	2025-05-15 20:41:44.425435+02
13gjyvipcwoge2quf3y3g28xlj84mwj7	.eJxVjEEOwiAQRe_C2hDqgAMu3XuGZpgBqRpISrsy3l2bdKHb_977LzXSupRx7WkeJ1FnNajD7xaJH6luQO5Ub01zq8s8Rb0peqddX5uk52V3_w4K9fKtMQC4BB4hYMTM4gmsRU4wUMgnDISWogmZAVDIsRF3JJMRxHpjWb0_1HM3sw:1uGIlh:OThR8xAuy8FNxZvEPAPNnOW-D5Df8D3px4JhJzqILRo	2025-05-17 16:49:05.250183+02
v8x8m0bugll0untgn81p7dmymjfrtzq4	.eJxVjE0OwiAYBe_C2pBCAcGl-56BfH-RqoGktCvj3bVJF7p9M_NeKsO2lrx1WfLM6qKMOv1uCPSQugO-Q701Ta2uy4x6V_RBu54ay_N6uH8HBXr51kRorDUSB-8wIafBgVg05-AwjswIYkAoig-RyWBgT-DHBDFRHEXU-wP-HDjq:1uFoTs:tperSJ1zIOWMmmnKdbcXWQYsIx0s68Y6K4L29ZAbPZE	2025-05-16 08:28:40.216074+02
1x187hy5fb7vj29tdrwbyvgehla70eiu	.eJxVjE0OwiAYBe_C2pBCAcGl-56BfH-RqoGktCvj3bVJF7p9M_NeKsO2lrx1WfLM6qKMOv1uCPSQugO-Q701Ta2uy4x6V_RBu54ay_N6uH8HBXr51kRorDUSB-8wIafBgVg05-AwjswIYkAoig-RyWBgT-DHBDFRHEXU-wP-HDjq:1uG0mJ:kk808E-Kph8m7I41Ri-6LQJOfwhScu1ApCJT1AlkDuY	2025-05-16 21:36:31.926877+02
sg2pzfmvm1tw96870qaaolt8g6r9nzb5	.eJxVjE0OwiAYBe_C2pBCAcGl-56BfH-RqoGktCvj3bVJF7p9M_NeKsO2lrx1WfLM6qKMOv1uCPSQugO-Q701Ta2uy4x6V_RBu54ay_N6uH8HBXr51kRorDUSB-8wIafBgVg05-AwjswIYkAoig-RyWBgT-DHBDFRHEXU-wP-HDjq:1uG9Xf:4XXzaVHk0QhQtDT58MhM6WLUW_KZX3xHHCHbFUChof4	2025-05-17 06:57:59.669621+02
r31gbbk0snac99os2lnjawljjpvpx2zo	.eJxVjE0OwiAYBe_C2pBCAcGl-56BfH-RqoGktCvj3bVJF7p9M_NeKsO2lrx1WfLM6qKMOv1uCPSQugO-Q701Ta2uy4x6V_RBu54ay_N6uH8HBXr51kRorDUSB-8wIafBgVg05-AwjswIYkAoig-RyWBgT-DHBDFRHEXU-wP-HDjq:1uFn8w:-UHXaH5vszTYkt8FqscMnGqsMZGklUpvTTHTxfrfLgI	2025-05-16 07:02:58.838502+02
92m38recxa26cyetvzfa1sfwxq39kyot	.eJxVjE0OwiAYBe_C2pBCAcGl-56BfH-RqoGktCvj3bVJF7p9M_NeKsO2lrx1WfLM6qKMOv1uCPSQugO-Q701Ta2uy4x6V_RBu54ay_N6uH8HBXr51kRorDUSB-8wIafBgVg05-AwjswIYkAoig-RyWBgT-DHBDFRHEXU-wP-HDjq:1uFobF:B2GzqvGzG_RCcxo-JM23umtX7PZkMeoFluV9HH_0dKc	2025-05-16 08:36:17.828868+02
yarntr0j5n5jldogg5cvd3nhut8a7oj1	.eJxVjE0OwiAYBe_C2pBCAcGl-56BfH-RqoGktCvj3bVJF7p9M_NeKsO2lrx1WfLM6qKMOv1uCPSQugO-Q701Ta2uy4x6V_RBu54ay_N6uH8HBXr51kRorDUSB-8wIafBgVg05-AwjswIYkAoig-RyWBgT-DHBDFRHEXU-wP-HDjq:1uFbMZ:uXt5zuKVMznLTxLuJUuMo9mT3fQSy68TklZCK5IuwKA	2025-05-15 18:28:15.451854+02
11unayc0e1i2fq9gd31v0ya34fq5cs1l	.eJxVjE0OwiAYBe_C2pBCAcGl-56BfH-RqoGktCvj3bVJF7p9M_NeKsO2lrx1WfLM6qKMOv1uCPSQugO-Q701Ta2uy4x6V_RBu54ay_N6uH8HBXr51kRorDUSB-8wIafBgVg05-AwjswIYkAoig-RyWBgT-DHBDFRHEXU-wP-HDjq:1uFnGe:8SesyJrMRjnzQupjpGdcW4ktPdHzh3L09vd8tdYsDE4	2025-05-16 07:10:56.615559+02
xqt8xpymwvra8ebv4czztup9lkz46tb0	.eJxVjE0OwiAYBe_C2pBCAcGl-56BfH-RqoGktCvj3bVJF7p9M_NeKsO2lrx1WfLM6qKMOv1uCPSQugO-Q701Ta2uy4x6V_RBu54ay_N6uH8HBXr51kRorDUSB-8wIafBgVg05-AwjswIYkAoig-RyWBgT-DHBDFRHEXU-wP-HDjq:1uFu3X:I3EUv03EECskgzsPqi5Sr9JguACFtr8n5eTvIcaPLR8	2025-05-16 14:25:51.266303+02
c4s4qbnwgjm5k5f3qw0wxrytyyxephy0	.eJxVjE0OwiAYBe_C2pBCAcGl-56BfH-RqoGktCvj3bVJF7p9M_NeKsO2lrx1WfLM6qKMOv1uCPSQugO-Q701Ta2uy4x6V_RBu54ay_N6uH8HBXr51kRorDUSB-8wIafBgVg05-AwjswIYkAoig-RyWBgT-DHBDFRHEXU-wP-HDjq:1uGDkf:kCrZ6n66wWpCi0589LY1Yg1PtQ7Y9GuXpJabhsXaVlY	2025-05-17 11:27:41.928426+02
eua1fqu6c62ov8ctm8rl1hwxng5zk5e0	.eJxVjE0OwiAYBe_C2pBCAcGl-56BfH-RqoGktCvj3bVJF7p9M_NeKsO2lrx1WfLM6qKMOv1uCPSQugO-Q701Ta2uy4x6V_RBu54ay_N6uH8HBXr51kRorDUSB-8wIafBgVg05-AwjswIYkAoig-RyWBgT-DHBDFRHEXU-wP-HDjq:1uFd7N:JGa-n9WLPS2_xy5NO3TGw09fkpxBuvNNAm4xJrr-Bco	2025-05-15 20:20:41.327471+02
y6qgdtefm6qnbjefrl9z1olxrvk7xzc7	.eJxVjE0OwiAYBe_C2pBCAcGl-56BfH-RqoGktCvj3bVJF7p9M_NeKsO2lrx1WfLM6qKMOv1uCPSQugO-Q701Ta2uy4x6V_RBu54ay_N6uH8HBXr51kRorDUSB-8wIafBgVg05-AwjswIYkAoig-RyWBgT-DHBDFRHEXU-wP-HDjq:1uFWrj:bUcoAZHUN7KB10mXBPr0h2vBuedEQ7Q7rHAdwc1801g	2025-05-15 13:40:07.295431+02
ssuwk1cisvyo56ylh5ku2brxxub3l97p	.eJxVjE0OwiAYBe_C2pBCAcGl-56BfH-RqoGktCvj3bVJF7p9M_NeKsO2lrx1WfLM6qKMOv1uCPSQugO-Q701Ta2uy4x6V_RBu54ay_N6uH8HBXr51kRorDUSB-8wIafBgVg05-AwjswIYkAoig-RyWBgT-DHBDFRHEXU-wP-HDjq:1uFpPC:mhAaxu0QqoRD2zrYEB61ltHbtGahwNWGhZKVFPqTELg	2025-05-16 09:27:54.643552+02
n5s707xt9sljtr8sb1bloofc4ryaozpx	.eJxVjE0OwiAYBe_C2pBCAcGl-56BfH-RqoGktCvj3bVJF7p9M_NeKsO2lrx1WfLM6qKMOv1uCPSQugO-Q701Ta2uy4x6V_RBu54ay_N6uH8HBXr51kRorDUSB-8wIafBgVg05-AwjswIYkAoig-RyWBgT-DHBDFRHEXU-wP-HDjq:1uFRg8:T6TE83vClMPlo2bpx6O5s0-hnrueGyZnzhj6s7jW9Hw	2025-05-15 08:07:48.833988+02
mwsv9zkfj1238cjfqba5tg7zjch4yk42	.eJxVjE0OwiAYBe_C2pBCAcGl-56BfH-RqoGktCvj3bVJF7p9M_NeKsO2lrx1WfLM6qKMOv1uCPSQugO-Q701Ta2uy4x6V_RBu54ay_N6uH8HBXr51kRorDUSB-8wIafBgVg05-AwjswIYkAoig-RyWBgT-DHBDFRHEXU-wP-HDjq:1uFUO0:BqphA1XqNw7duMoNNMbT7mSSYs9wDPntWhjzYNFyiQY	2025-05-15 11:01:16.549002+02
c852iyzeewhen1tdzplfxh5dc7pesquq	.eJxVjE0OwiAYBe_C2pBCAcGl-56BfH-RqoGktCvj3bVJF7p9M_NeKsO2lrx1WfLM6qKMOv1uCPSQugO-Q701Ta2uy4x6V_RBu54ay_N6uH8HBXr51kRorDUSB-8wIafBgVg05-AwjswIYkAoig-RyWBgT-DHBDFRHEXU-wP-HDjq:1uFnkr:-WP8znSCH8fNMQQ2N3d34CpMzWM7iHbsd5JSzphpnjk	2025-05-16 07:42:09.720962+02
2pqze00tjgap6fh3un8l8jx5lyd04f4b	.eJxVjE0OwiAYBe_C2pBCAcGl-56BfH-RqoGktCvj3bVJF7p9M_NeKsO2lrx1WfLM6qKMOv1uCPSQugO-Q701Ta2uy4x6V_RBu54ay_N6uH8HBXr51kRorDUSB-8wIafBgVg05-AwjswIYkAoig-RyWBgT-DHBDFRHEXU-wP-HDjq:1uFUbs:klHIbixKZNB6ts0sRrk7HdrwvJKEF1geOKjd6QqEU7g	2025-05-15 11:15:36.222611+02
70j0ewi9ip0q12r817ob25p1iajfuz8j	.eJxVjE0OwiAYBe_C2pBCAcGl-56BfH-RqoGktCvj3bVJF7p9M_NeKsO2lrx1WfLM6qKMOv1uCPSQugO-Q701Ta2uy4x6V_RBu54ay_N6uH8HBXr51kRorDUSB-8wIafBgVg05-AwjswIYkAoig-RyWBgT-DHBDFRHEXU-wP-HDjq:1uFxHF:JH2uy2vsii_vUihdiiBgZi4DWLvM9af_gkvZIGeyiwc	2025-05-16 17:52:13.723801+02
celc5io0e6vv1awqvvcppm1zfk6bz54k	.eJxVjE0OwiAYBe_C2pBCAcGl-56BfH-RqoGktCvj3bVJF7p9M_NeKsO2lrx1WfLM6qKMOv1uCPSQugO-Q701Ta2uy4x6V_RBu54ay_N6uH8HBXr51kRorDUSB-8wIafBgVg05-AwjswIYkAoig-RyWBgT-DHBDFRHEXU-wP-HDjq:1uFmSc:aAO5nlfEBEFqkCwbfCzg8Y-KVE2Pjy-q6owztDEiyAg	2025-05-16 06:19:14.95457+02
nspwkl4vhgv3te5pmc6z4wib0nh158os	.eJxVjE0OwiAYBe_C2pBCAcGl-56BfH-RqoGktCvj3bVJF7p9M_NeKsO2lrx1WfLM6qKMOv1uCPSQugO-Q701Ta2uy4x6V_RBu54ay_N6uH8HBXr51kRorDUSB-8wIafBgVg05-AwjswIYkAoig-RyWBgT-DHBDFRHEXU-wP-HDjq:1uFysK:SwjdVM5BtmhM4q3tWuBr2o2RwzOoCovjK7LcC5LIXIw	2025-05-16 19:34:36.968375+02
zyy5ne29i2nzkcxo901bbmvl3m2713q0	.eJxVjEEOwiAQRe_C2hDqgAMu3XuGZpgBqRpISrsy3l2bdKHb_977LzXSupRx7WkeJ1FnNajD7xaJH6luQO5Ub01zq8s8Rb0peqddX5uk52V3_w4K9fKtMQC4BB4hYMTM4gmsRU4wUMgnDISWogmZAVDIsRF3JJMRxHpjWb0_1HM3sw:1uHQND:QaYS20IgPbTMlRGakD-ZWIG68l8kIm0s_Fnl6lqtysg	2025-05-20 19:08:27.697099+02
rhbth7kam9ldp2wkpxj8c0b8v8igq30h	.eJxVjE0OwiAYBe_C2pBCAcGl-56BfH-RqoGktCvj3bVJF7p9M_NeKsO2lrx1WfLM6qKMOv1uCPSQugO-Q701Ta2uy4x6V_RBu54ay_N6uH8HBXr51kRorDUSB-8wIafBgVg05-AwjswIYkAoig-RyWBgT-DHBDFRHEXU-wP-HDjq:1uGDwf:Hj2JwgScqUzwNdbOho81R8qqpPY73yTK43oEJsr69ao	2025-05-17 11:40:05.557058+02
c5jjcovhgl9mcz4rz22okjduixj27lme	.eJxVjEEOwiAQRe_C2hDqgAMu3XuGZpgBqRpISrsy3l2bdKHb_977LzXSupRx7WkeJ1FnNajD7xaJH6luQO5Ub01zq8s8Rb0peqddX5uk52V3_w4K9fKtMQC4BB4hYMTM4gmsRU4wUMgnDISWogmZAVDIsRF3JJMRxHpjWb0_1HM3sw:1uHhIq:1hAVFZcZVPrq4aDkRPLjSu6q9ORuSXulTzOLryqDpGQ	2025-05-21 13:13:04.10515+02
mv87hmc5tq5prp9qyny7u5mg4xh4n1fp	.eJxVjEEOwiAQRe_C2hDqgAMu3XuGZpgBqRpISrsy3l2bdKHb_977LzXSupRx7WkeJ1FnNajD7xaJH6luQO5Ub01zq8s8Rb0peqddX5uk52V3_w4K9fKtMQC4BB4hYMTM4gmsRU4wUMgnDISWogmZAVDIsRF3JJMRxHpjWb0_1HM3sw:1uHcvc:kJOlhxa1IehYLGK5YpM6bHYNMndBuJK_M8vqd7BJCH4	2025-05-21 08:32:48.270203+02
vmgfprfko8fospjgtos19aqxdv7dkubm	.eJxVjEEOwiAQRe_C2hDqgAMu3XuGZpgBqRpISrsy3l2bdKHb_977LzXSupRx7WkeJ1FnNajD7xaJH6luQO5Ub01zq8s8Rb0peqddX5uk52V3_w4K9fKtMQC4BB4hYMTM4gmsRU4wUMgnDISWogmZAVDIsRF3JJMRxHpjWb0_1HM3sw:1uGE4N:_CsuzQV_RqHlOgJ769EwMPw0bq1kcaAL-wVlAIIXVBI	2025-05-17 11:48:03.605794+02
cs5aq7mhq9mxz9yceaig6atss2fzm5nd	eyJqdXN0X2xvZ2dlZF9vdXQiOnRydWV9:1uI4Er:RJe0pqWctr2BXghQr2-l3H9GgNuRZFwCWHOlhazpWyM	2025-05-22 13:42:29.034525+02
62ftmgwdib756pwg5y90qzbq2kwc69ds	.eJxVjEEOwiAQRe_C2hCGUgou3XsGwsyAVA0kpV0Z765NutDtf-_9lwhxW0vYelrCzOIstDj9bhjpkeoO-B7rrUlqdV1mlLsiD9rltXF6Xg7376DEXr41gWONDDAS8BC9Ms5idgRkXAZLbKzGrAxOg-EMXjujPGOcfEI1Dlm8P-hQN_o:1uGJOA:TuqgDdz4TjRwAZgoR3hLE8DpbdcbPg2zXiEDdFpFbsU	2025-05-17 17:28:50.587694+02
7dqmhd2mijmw89pyesgljytucrw7x3bb	eyJjYXJ0Ijp7fX0:1uI6Tm:ExwFmlEaXWxC7kZq8NeUur-tfzUU_nk9K7e8kIa0TFw	2025-05-22 16:06:02.598233+02
n2gzl4fq1hqld7oil2oftrtj4q30fgv4	.eJxVjEEOwiAQRe_C2hDqgAMu3XuGZpgBqRpISrsy3l2bdKHb_977LzXSupRx7WkeJ1FnNajD7xaJH6luQO5Ub01zq8s8Rb0peqddX5uk52V3_w4K9fKtMQC4BB4hYMTM4gmsRU4wUMgnDISWogmZAVDIsRF3JJMRxHpjWb0_1HM3sw:1uGJiH:TTsqpvcwInP3sv48EqupNr7OZK5phhVmCh2fgdkwQG0	2025-05-17 17:49:37.939289+02
c0kvrfsqe2ryvwdh8cyvvlhebaav4yll	.eJxVjEEOwiAQRe_C2hDqgAMu3XuGZpgBqRpISrsy3l2bdKHb_977LzXSupRx7WkeJ1FnNajD7xaJH6luQO5Ub01zq8s8Rb0peqddX5uk52V3_w4K9fKtMQC4BB4hYMTM4gmsRU4wUMgnDISWogmZAVDIsRF3JJMRxHpjWb0_1HM3sw:1uGutr:2g2GO4S1RtljO9ZDHO8bfS1-DfuCiLWrv_cOdvNpJkY	2025-05-19 09:32:03.314906+02
785nqlx67msovca3kmwjdf05z1az4wol	.eJxVjEEOwiAQRe_C2hCGUgou3XsGwsyAVA0kpV0Z765NutDtf-_9lwhxW0vYelrCzOIstDj9bhjpkeoO-B7rrUlqdV1mlLsiD9rltXF6Xg7376DEXr41gWONDDAS8BC9Ms5idgRkXAZLbKzGrAxOg-EMXjujPGOcfEI1Dlm8P-hQN_o:1uHfr7:1NJFU1GLar50FtbUmk5xNzg1i70KNkENM9yPK2zy3Vw	2025-05-21 11:40:21.556294+02
sbqza88v0mhtrnn69970193orsqtcle2	.eJxVjEEOwiAQRe_C2hDqgAMu3XuGZpgBqRpISrsy3l2bdKHb_977LzXSupRx7WkeJ1FnNajD7xaJH6luQO5Ub01zq8s8Rb0peqddX5uk52V3_w4K9fKtMQC4BB4hYMTM4gmsRU4wUMgnDISWogmZAVDIsRF3JJMRxHpjWb0_1HM3sw:1uGFED:2eQBFsvpzvTDnvCekPyivyD5USIhneZ7ApkjYgiP-Jw	2025-05-17 13:02:17.55685+02
vi2e7wrhojvdy87ek06onjfayphijw8b	.eJxVjEEOwiAQRe_C2hCGUgou3XsGwsyAVA0kpV0Z765NutDtf-_9lwhxW0vYelrCzOIstDj9bhjpkeoO-B7rrUlqdV1mlLsiD9rltXF6Xg7376DEXr41gWONDDAS8BC9Ms5idgRkXAZLbKzGrAxOg-EMXjujPGOcfEI1Dlm8P-hQN_o:1uGH8H:AZFcfr_hEpzju1mzXGAEte-joi_skgVVp4Jo5nM2Hbc	2025-05-17 15:04:17.1095+02
558ltnxm9b7ph07zhio1lotxb9cmh96e	.eJxVjEEOwiAQRe_C2hDqgAMu3XuGZpgBqRpISrsy3l2bdKHb_977LzXSupRx7WkeJ1FnNajD7xaJH6luQO5Ub01zq8s8Rb0peqddX5uk52V3_w4K9fKtMQC4BB4hYMTM4gmsRU4wUMgnDISWogmZAVDIsRF3JJMRxHpjWb0_1HM3sw:1uGHJI:sC43oOnpWXeEFll5Qh3x3IHEJj-PAtIRodVyfUF59f0	2025-05-17 15:15:40.38018+02
u3xw4vrufrfirf8f2u9dvxqkvylxu2x8	.eJxVjEEOwiAQRe_C2hDqgAMu3XuGZpgBqRpISrsy3l2bdKHb_977LzXSupRx7WkeJ1FnNajD7xaJH6luQO5Ub01zq8s8Rb0peqddX5uk52V3_w4K9fKtMQC4BB4hYMTM4gmsRU4wUMgnDISWogmZAVDIsRF3JJMRxHpjWb0_1HM3sw:1uGfoE:8n5oz1iZcnwgfz_jeeWOqD7ke7d0QHerMWRhwuBs5ls	2025-05-18 17:25:14.431538+02
qssblhdgx651a075r7cthsrhkicrw158	.eJxVjEEOwiAQRe_C2hDqgAMu3XuGZpgBqRpISrsy3l2bdKHb_977LzXSupRx7WkeJ1FnNajD7xaJH6luQO5Ub01zq8s8Rb0peqddX5uk52V3_w4K9fKtMQC4BB4hYMTM4gmsRU4wUMgnDISWogmZAVDIsRF3JJMRxHpjWb0_1HM3sw:1uGI0F:7Jy2wIB0-XIMunFG4HDqDr3JuGatJxqXGR3pHxKmuO4	2025-05-17 16:00:03.84827+02
0jrfhtrnmn4l83qxvnsikj1py6ncre9z	.eJxVjEEOwiAQRe_C2hDqgAMu3XuGZpgBqRpISrsy3l2bdKHb_977LzXSupRx7WkeJ1FnNajD7xaJH6luQO5Ub01zq8s8Rb0peqddX5uk52V3_w4K9fKtMQC4BB4hYMTM4gmsRU4wUMgnDISWogmZAVDIsRF3JJMRxHpjWb0_1HM3sw:1uGirw:pFaOTyb84ZTmcE4xE0xC9K7ICVENvMy4_PL6oxmjUG0	2025-05-18 20:41:16.342548+02
ps9g8jmcdibypmtililu3ugwklup9hvw	.eJxVjEEOwiAQRe_C2hDqgAMu3XuGZpgBqRpISrsy3l2bdKHb_977LzXSupRx7WkeJ1FnNajD7xaJH6luQO5Ub01zq8s8Rb0peqddX5uk52V3_w4K9fKtMQC4BB4hYMTM4gmsRU4wUMgnDISWogmZAVDIsRF3JJMRxHpjWb0_1HM3sw:1uGwFL:b3P28szso5PUFvaX8tXnEYpEjesDztH-n24xc7UlyR4	2025-05-19 10:58:19.66636+02
s3u94eeh8im0md7j0uppplnf1c18kzlr	.eJxVjEEOwiAQRe_C2hDqgAMu3XuGZpgBqRpISrsy3l2bdKHb_977LzXSupRx7WkeJ1FnNajD7xaJH6luQO5Ub01zq8s8Rb0peqddX5uk52V3_w4K9fKtMQC4BB4hYMTM4gmsRU4wUMgnDISWogmZAVDIsRF3JJMRxHpjWb0_1HM3sw:1uH2xh:XWkCWflxAEBAFeFnrD4H18H08BJBNl8PtMlzVkxEDAI	2025-05-19 18:08:33.296936+02
ktghd5f5molakkhjzv8n48omk39bsqly	.eJxVjEEOwiAQRe_C2hDqgAMu3XuGZpgBqRpISrsy3l2bdKHb_977LzXSupRx7WkeJ1FnNajD7xaJH6luQO5Ub01zq8s8Rb0peqddX5uk52V3_w4K9fKtMQC4BB4hYMTM4gmsRU4wUMgnDISWogmZAVDIsRF3JJMRxHpjWb0_1HM3sw:1uGKis:YP8is7hLeKG-5pEsOkYtNgWu5YVJGS-drvo8cqUK-Uk	2025-05-17 18:54:18.693003+02
m72l9jyo1uv8cvv77uq7wmddsh5volqu	.eJxVjEEOwiAQRe_C2hCGUgou3XsGwsyAVA0kpV0Z765NutDtf-_9lwhxW0vYelrCzOIstDj9bhjpkeoO-B7rrUlqdV1mlLsiD9rltXF6Xg7376DEXr41gWONDDAS8BC9Ms5idgRkXAZLbKzGrAxOg-EMXjujPGOcfEI1Dlm8P-hQN_o:1uGG8B:2tKZxBW7NIeC7GcrFRNIoZRE3xscP6KvuMW6a2Mer8I	2025-05-17 14:00:07.058325+02
098z5b73omq4ej9pwq33jmdvy62zx7fr	.eJxVjEEOwiAQRe_C2hDqgAMu3XuGZpgBqRpISrsy3l2bdKHb_977LzXSupRx7WkeJ1FnNajD7xaJH6luQO5Ub01zq8s8Rb0peqddX5uk52V3_w4K9fKtMQC4BB4hYMTM4gmsRU4wUMgnDISWogmZAVDIsRF3JJMRxHpjWb0_1HM3sw:1uHPml:eZaFzP_8q0WSY6KUcBKoXt2FRRnN7GFTbYheZYCiP3Y	2025-05-20 18:30:47.393907+02
yp713kljm22oazkqn4oyjswha3f679km	.eJxVjEEOwiAQRe_C2hDqgAMu3XuGZpgBqRpISrsy3l2bdKHb_977LzXSupRx7WkeJ1FnNajD7xaJH6luQO5Ub01zq8s8Rb0peqddX5uk52V3_w4K9fKtMQC4BB4hYMTM4gmsRU4wUMgnDISWogmZAVDIsRF3JJMRxHpjWb0_1HM3sw:1uHghR:e6qpuzS3IT5G_oaOfnPw-WKMDgxkuUQbtdX9V5y1piQ	2025-05-21 12:34:25.516728+02
8ywshrtrka144vxez67rbszk0c2o3lix	.eJxVjEEOwiAQRe_C2hDqgAMu3XuGZpgBqRpISrsy3l2bdKHb_977LzXSupRx7WkeJ1FnNajD7xaJH6luQO5Ub01zq8s8Rb0peqddX5uk52V3_w4K9fKtMQC4BB4hYMTM4gmsRU4wUMgnDISWogmZAVDIsRF3JJMRxHpjWb0_1HM3sw:1uHOYJ:AMhcYppKD-nDmfpj4xw2FGDZnIk5B_t4jg-DD5jrMV0	2025-05-20 17:11:47.78265+02
1hcyb9ls2strh3d8l599qdqhk1u2ec6i	.eJxVjEEOwiAQRe_C2hDqgAMu3XuGZpgBqRpISrsy3l2bdKHb_977LzXSupRx7WkeJ1FnNajD7xaJH6luQO5Ub01zq8s8Rb0peqddX5uk52V3_w4K9fKtMQC4BB4hYMTM4gmsRU4wUMgnDISWogmZAVDIsRF3JJMRxHpjWb0_1HM3sw:1uHh6J:5JvUeyVjrdT-6EFf1xqodz2o654t6DQR7U6HEOCqfk0	2025-05-21 13:00:07.615146+02
7lhnedppk4eewkj6ssfhfptu981jh5rd	.eJxVjEEOwiAQRe_C2hDqgAMu3XuGZpgBqRpISrsy3l2bdKHb_977LzXSupRx7WkeJ1FnNajD7xaJH6luQO5Ub01zq8s8Rb0peqddX5uk52V3_w4K9fKtMQC4BB4hYMTM4gmsRU4wUMgnDISWogmZAVDIsRF3JJMRxHpjWb0_1HM3sw:1uHSRP:QyraIr98h5UozRCJfsq5yHUWXda22N0uPrTuwC_4RZk	2025-05-20 21:20:55.961451+02
5r7gr5agcpjk1qezg7lvajjhs2oaa7i6	.eJxVjE0OwiAYBe_C2pBCAcGl-56BfH-RqoGktCvj3bVJF7p9M_NeKsO2lrx1WfLM6qKMOv1uCPSQugO-Q701Ta2uy4x6V_RBu54ay_N6uH8HBXr51kRorDUSB-8wIafBgVg05-AwjswIYkAoig-RyWBgT-DHBDFRHEXU-wP-HDjq:1uI9fK:2i368QcN85UUJtpeZh4zqe0lo2jx7EI6qzmpbWhs7pc	2025-05-22 19:30:10.615451+02
o1fe3a4r964kjsoer6900izqenvyfvdr	.eJxVjEEOwiAQRe_C2hDqgAMu3XuGZpgBqRpISrsy3l2bdKHb_977LzXSupRx7WkeJ1FnNajD7xaJH6luQO5Ub01zq8s8Rb0peqddX5uk52V3_w4K9fKtMQC4BB4hYMTM4gmsRU4wUMgnDISWogmZAVDIsRF3JJMRxHpjWb0_1HM3sw:1uISrA:N7k0mdmkZ-wFC5XS5iNy8z96xbMC6us1DQbYDn7t0D8	2025-05-23 15:59:40.403761+02
mqtv5j4kf9yv0lptku6rzv49tsdwayyb	.eJxVjEEOwiAQRe_C2hDqgAMu3XuGZpgBqRpISrsy3l2bdKHb_977LzXSupRx7WkeJ1FnNajD7xaJH6luQO5Ub01zq8s8Rb0peqddX5uk52V3_w4K9fKtMQC4BB4hYMTM4gmsRU4wUMgnDISWogmZAVDIsRF3JJMRxHpjWb0_1HM3sw:1uIVqQ:r-uUwmz0Q36b43zPsOjv5bRRyf5YE1VsBzy7PcdREfU	2025-05-23 19:11:06.606564+02
3kt1l9tzj44mz1va6ip2ulseuls2ango	.eJxVjEsOgzAMBe_idRWFOtQJy-45A3LspKGtQOKzQty9RWLD9s3M20B4WqDZ9ht0vC6lW-c0db1CAxVctsjyScMB9M3DazQyDsvUR3Mo5qSzaUdN3-fpXg4Kz-VfU0CsE3rCQJGyqGd0jiRhxSE_KDA5jjZkQSTlWqzWd7aZUJ23TmD_ARvGOv8:1uI89C:kOftF0bbCosEpXpb8Dgzkq4-1D7NjmHyJy8m_37nGNQ	2025-05-22 17:52:54.8381+02
3r3ibq78ccewlpyr2w1fk1xorejau7k3	.eJxVjEEOwiAQRe_C2hDqgAMu3XuGZpgBqRpISrsy3l2bdKHb_977LzXSupRx7WkeJ1FnNajD7xaJH6luQO5Ub01zq8s8Rb0peqddX5uk52V3_w4K9fKtMQC4BB4hYMTM4gmsRU4wUMgnDISWogmZAVDIsRF3JJMRxHpjWb0_1HM3sw:1uHnQk:vU59LpWprVGKzhEZlQt2N5TRvRJvUYo38VY9VZqQvE8	2025-05-21 19:45:38.374381+02
2lxcaf8uowsq3gn3b3yv6c0uy5ux49gz	.eJxVjEsOgzAMBe_idRWFOtQJy-45A3LspKGtQOKzQty9RWLD9s3M20B4WqDZ9ht0vC6lW-c0db1CAxVctsjyScMB9M3DazQyDsvUR3Mo5qSzaUdN3-fpXg4Kz-VfU0CsE3rCQJGyqGd0jiRhxSE_KDA5jjZkQSTlWqzWd7aZUJ23TmD_ARvGOv8:1uI53e:7itQAlZNB8aqwF9w9gm1buu1IrKrDHhcCtw934kN9BI	2025-05-22 14:34:58.131562+02
dyqpls6w1iee3kbjdztmv5pmhrmfslgj	eyJqdXN0X2xvZ2dlZF9vdXQiOnRydWUsImNhcnQiOnsiMiI6eyJxdWFudGl0eSI6MSwicHJpY2UiOiI3OTAwMC4wMCJ9fX0:1uI7Zt:7_7Z91jcoXA2YOnIVUwj4WOWNcYp1QOgYS2126NPPvk	2025-05-22 17:16:25.709056+02
rd19eou92rikzl560n7ebvy6yv9ufnnm	.eJxVjEEOwiAQRe_C2hDqgAMu3XuGZpgBqRpISrsy3l2bdKHb_977LzXSupRx7WkeJ1FnNajD7xaJH6luQO5Ub01zq8s8Rb0peqddX5uk52V3_w4K9fKtMQC4BB4hYMTM4gmsRU4wUMgnDISWogmZAVDIsRF3JJMRxHpjWb0_1HM3sw:1uIANN:VIMlo6C-Gg1L_qW8AFuxYKrsNgCaRTpovn7DVhBrMXQ	2025-05-22 20:15:41.943951+02
gpfxuoo1hn5e6lnvohinpwzqp1hc07ro	.eJxVjEEOwiAQRe_C2hDqgAMu3XuGZpgBqRpISrsy3l2bdKHb_977LzXSupRx7WkeJ1FnNajD7xaJH6luQO5Ub01zq8s8Rb0peqddX5uk52V3_w4K9fKtMQC4BB4hYMTM4gmsRU4wUMgnDISWogmZAVDIsRF3JJMRxHpjWb0_1HM3sw:1uIRXe:5VZV9h94uTD3Dxfd53hYLs7Z8pBKaXcAAcChFL-1NWE	2025-05-23 14:35:26.417144+02
z8rikn45u1ta3wgzec3porp2wc3ge154	.eJxVjEEOwiAQRe_C2hDqgAMu3XuGZpgBqRpISrsy3l2bdKHb_977LzXSupRx7WkeJ1FnNajD7xaJH6luQO5Ub01zq8s8Rb0peqddX5uk52V3_w4K9fKtMQC4BB4hYMTM4gmsRU4wUMgnDISWogmZAVDIsRF3JJMRxHpjWb0_1HM3sw:1uIC1U:9uQFLc1K-up2YZJwnPMpo3uPA4is25uTpOxtSOuTFHA	2025-05-22 22:01:12.864429+02
3e85jtom061i8jbkq48t7lj1mbzls7fl	.eJxVjEEOwiAQRe_C2hDqgAMu3XuGZpgBqRpISrsy3l2bdKHb_977LzXSupRx7WkeJ1FnNajD7xaJH6luQO5Ub01zq8s8Rb0peqddX5uk52V3_w4K9fKtMQC4BB4hYMTM4gmsRU4wUMgnDISWogmZAVDIsRF3JJMRxHpjWb0_1HM3sw:1uINFT:l4-YupCkcoOh7B2lZ8UMxgmFx6jaAcYOmC-C69x6pYA	2025-05-23 10:00:23.728946+02
v6cw6l33sjf8yw1j7h4ui0dex0iw2b8o	.eJxVjEsOgzAMBe_idRWFOtQJy-45A3LspKGtQOKzQty9RWLD9s3M20B4WqDZ9ht0vC6lW-c0db1CAxVctsjyScMB9M3DazQyDsvUR3Mo5qSzaUdN3-fpXg4Kz-VfU0CsE3rCQJGyqGd0jiRhxSE_KDA5jjZkQSTlWqzWd7aZUJ23TmD_ARvGOv8:1uI8ft:ld_BFcqB6mcwVcyuXbwLbdS4iLN8teLXtXbC549fAEc	2025-05-22 18:26:41.701765+02
fn1urwy0dhr1gaf5nyaodyya5xlyzysy	.eJxVjEEOwiAQRe_C2hDqgAMu3XuGZpgBqRpISrsy3l2bdKHb_977LzXSupRx7WkeJ1FnNajD7xaJH6luQO5Ub01zq8s8Rb0peqddX5uk52V3_w4K9fKtMQC4BB4hYMTM4gmsRU4wUMgnDISWogmZAVDIsRF3JJMRxHpjWb0_1HM3sw:1uIE3M:cdfA_r2z83Ancj7Jk5O-OcjUP78xQK-M2CFSG775C94	2025-05-23 00:11:16.822198+02
j9ansniocrzx5lwbf8ocu8lu7h0goi7q	.eJxVjEEOwiAQRe_C2hDqgAMu3XuGZpgBqRpISrsy3l2bdKHb_977LzXSupRx7WkeJ1FnNajD7xaJH6luQO5Ub01zq8s8Rb0peqddX5uk52V3_w4K9fKtMQC4BB4hYMTM4gmsRU4wUMgnDISWogmZAVDIsRF3JJMRxHpjWb0_1HM3sw:1uHp4B:5aWZNKM1D54CyxgYqE4KAVfICyhdkJtnH7wXCiPDSIU	2025-05-21 21:30:27.675985+02
p0jynctrq6mcfo6w3fn63iz2t8m606sn	.eJxVjEEOwiAQRe_C2hDqgAMu3XuGZpgBqRpISrsy3l2bdKHb_977LzXSupRx7WkeJ1FnNajD7xaJH6luQO5Ub01zq8s8Rb0peqddX5uk52V3_w4K9fKtMQC4BB4hYMTM4gmsRU4wUMgnDISWogmZAVDIsRF3JJMRxHpjWb0_1HM3sw:1uHyT8:J84xrUcu_lLO_XW2n4VLypvbnPcF_OC4N_zdw5pZcBs	2025-05-22 07:32:50.22386+02
mkw6ffywm9oliu2230o21rjzywm1m2k2	.eJxVjEEOwiAQRe_C2hDqgAMu3XuGZpgBqRpISrsy3l2bdKHb_977LzXSupRx7WkeJ1FnNajD7xaJH6luQO5Ub01zq8s8Rb0peqddX5uk52V3_w4K9fKtMQC4BB4hYMTM4gmsRU4wUMgnDISWogmZAVDIsRF3JJMRxHpjWb0_1HM3sw:1uI3kV:2_QBMliJRVsq9g9Z1NAKFpq7sZ2PbKymx_yNM9c8nws	2025-05-22 13:11:07.261677+02
664xcnom38q1owrzxlmj94nvugzahl73	.eJxVjEEOwiAQRe_C2hDqgAMu3XuGZpgBqRpISrsy3l2bdKHb_977LzXSupRx7WkeJ1FnNajD7xaJH6luQO5Ub01zq8s8Rb0peqddX5uk52V3_w4K9fKtMQC4BB4hYMTM4gmsRU4wUMgnDISWogmZAVDIsRF3JJMRxHpjWb0_1HM3sw:1uICXM:qMuqS-gpnRyH74ARoXmOvS5qvhk8A6wfRVSIgzLzVDw	2025-05-22 22:34:08.36861+02
a2oopsc83u9ltajhgymj1urtjkw1pkce	.eJxVjEEOwiAQRe_C2hDqgAMu3XuGZpgBqRpISrsy3l2bdKHb_977LzXSupRx7WkeJ1FnNajD7xaJH6luQO5Ub01zq8s8Rb0peqddX5uk52V3_w4K9fKtMQC4BB4hYMTM4gmsRU4wUMgnDISWogmZAVDIsRF3JJMRxHpjWb0_1HM3sw:1uILNV:pVpVtYENDfrE3jzo_yHPZJvftd7xTr30ZWSQeTngg7o	2025-05-23 08:00:33.502665+02
qjo094pq34kw59o8ty4n5dex6eaq8iw7	.eJxVjEEOwiAQRe_C2hDqgAMu3XuGZpgBqRpISrsy3l2bdKHb_977LzXSupRx7WkeJ1FnNajD7xaJH6luQO5Ub01zq8s8Rb0peqddX5uk52V3_w4K9fKtMQC4BB4hYMTM4gmsRU4wUMgnDISWogmZAVDIsRF3JJMRxHpjWb0_1HM3sw:1uI8ow:ikxQOGYNMuC2cO9w9NCTfTNr8iKlg_yMVD7K9Yi9kTI	2025-05-22 18:36:02.832278+02
nb6q8jgq6cgjd1of6ewkugdu2qt7kdmt	.eJxVjEEOwiAQRe_C2hDqgAMu3XuGZpgBqRpISrsy3l2bdKHb_977LzXSupRx7WkeJ1FnNajD7xaJH6luQO5Ub01zq8s8Rb0peqddX5uk52V3_w4K9fKtMQC4BB4hYMTM4gmsRU4wUMgnDISWogmZAVDIsRF3JJMRxHpjWb0_1HM3sw:1uICxU:sHwvn9if5C-jCXU85c5HZ3G6UbT7DalrGRjy4AtitKU	2025-05-22 23:01:08.534658+02
wurpoleq5gp4qf9sjlwh4a1hfsma9d6q	eyJjYXJ0Ijp7fX0:1uI97E:heyxJkVueR4SQB709IbMffXSDtVt23VasBEcSv77-dE	2025-05-22 18:54:56.422153+02
qszshtkvvvdfkkise00ud69qjp6eyuzh	.eJxVjEEOwiAQRe_C2hDqgAMu3XuGZpgBqRpISrsy3l2bdKHb_977LzXSupRx7WkeJ1FnNajD7xaJH6luQO5Ub01zq8s8Rb0peqddX5uk52V3_w4K9fKtMQC4BB4hYMTM4gmsRU4wUMgnDISWogmZAVDIsRF3JJMRxHpjWb0_1HM3sw:1uIPHA:4YxsdNlG8xSFG5_1TCE3M16rdbaYo_RJXkZgMZZVh38	2025-05-23 12:10:16.162686+02
dk0uflwc586rtdwt6r3oyvgqae8v9kj6	.eJxVjEEOwiAQRe_C2hDqgAMu3XuGZpgBqRpISrsy3l2bdKHb_977LzXSupRx7WkeJ1FnNajD7xaJH6luQO5Ub01zq8s8Rb0peqddX5uk52V3_w4K9fKtMQC4BB4hYMTM4gmsRU4wUMgnDISWogmZAVDIsRF3JJMRxHpjWb0_1HM3sw:1uIDZS:DGimjpT3mzFoFKKux_JifQmNax-FQT7_Y7rARN7ZOj4	2025-05-22 23:40:22.24151+02
yg4reov25p05ig7gvyue7e3x501dh6cx	.eJxVjEEOwiAQRe_C2hDqgAMu3XuGZpgBqRpISrsy3l2bdKHb_977LzXSupRx7WkeJ1FnNajD7xaJH6luQO5Ub01zq8s8Rb0peqddX5uk52V3_w4K9fKtMQC4BB4hYMTM4gmsRU4wUMgnDISWogmZAVDIsRF3JJMRxHpjWb0_1HM3sw:1uISQE:cDSH4pMamV-5O73sboBdZhtif3K5Uw2IShshma5dfvo	2025-05-23 15:31:50.157499+02
4jay44ynr6zhwd0p22mjyo72xmy37b7o	.eJxVjEEOwiAQRe_C2hDqgAMu3XuGZpgBqRpISrsy3l2bdKHb_977LzXSupRx7WkeJ1FnNajD7xaJH6luQO5Ub01zq8s8Rb0peqddX5uk52V3_w4K9fKtMQC4BB4hYMTM4gmsRU4wUMgnDISWogmZAVDIsRF3JJMRxHpjWb0_1HM3sw:1uIAkC:y-IZMJGXQ-pTSZ10fMm9DFhj-7ITNg572dRStofgp0w	2025-05-22 20:39:16.196742+02
uy5achyjf1kxmcw7makvgcgtjtag5q6z	.eJxVjEEOwiAQRe_C2hDqgAMu3XuGZpgBqRpISrsy3l2bdKHb_977LzXSupRx7WkeJ1FnNajD7xaJH6luQO5Ub01zq8s8Rb0peqddX5uk52V3_w4K9fKtMQC4BB4hYMTM4gmsRU4wUMgnDISWogmZAVDIsRF3JJMRxHpjWb0_1HM3sw:1uIBnd:yx0L5wqFeSSk_n9eW56mKP1KHNBQvd4bLfe9isokKKA	2025-05-22 21:46:53.125459+02
kfvx84w85g1c1kg8q4swuzu8k77bj5df	.eJxVjEEOwiAQRe_C2hDqgAMu3XuGZpgBqRpISrsy3l2bdKHb_977LzXSupRx7WkeJ1FnNajD7xaJH6luQO5Ub01zq8s8Rb0peqddX5uk52V3_w4K9fKtMQC4BB4hYMTM4gmsRU4wUMgnDISWogmZAVDIsRF3JJMRxHpjWb0_1HM3sw:1uIUlK:kyTIiFv_hPA1d8QN_vlE26V7dp4XTTC0WUg0WJBgCks	2025-05-23 18:01:46.446016+02
i50ecbadk4jyg46vhqnhj722a8bo3g7u	.eJxVjEEOwiAQRe_C2hDqgAMu3XuGZpgBqRpISrsy3l2bdKHb_977LzXSupRx7WkeJ1FnNajD7xaJH6luQO5Ub01zq8s8Rb0peqddX5uk52V3_w4K9fKtMQC4BB4hYMTM4gmsRU4wUMgnDISWogmZAVDIsRF3JJMRxHpjWb0_1HM3sw:1uIDAz:0IGS6cVQNDrHOUGBpkwSy-gIvvmKD77OILhrplOHqIY	2025-05-22 23:15:05.900922+02
ipkaoo06cet3afqc66zsvaodd3jvmgxe	.eJxVjEEOwiAQRe_C2hCGUgou3XsGwsyAVA0kpV0Z765NutDtf-_9lwhxW0vYelrCzOIstDj9bhjpkeoO-B7rrUlqdV1mlLsiD9rltXF6Xg7376DEXr41gWONDDAS8BC9Ms5idgRkXAZLbKzGrAxOg-EMXjujPGOcfEI1Dlm8P-hQN_o:1uHjAW:k2WPOpXSyped9ObSYL4DIKMvjTZLefuIqduxhiy8K40	2025-05-21 15:12:36.837638+02
eqqlfl0ih4yg38aqp6auu7ffig2orwz0	.eJxVjEEOwiAQRe_C2hDqgAMu3XuGZpgBqRpISrsy3l2bdKHb_977LzXSupRx7WkeJ1FnNajD7xaJH6luQO5Ub01zq8s8Rb0peqddX5uk52V3_w4K9fKtMQC4BB4hYMTM4gmsRU4wUMgnDISWogmZAVDIsRF3JJMRxHpjWb0_1HM3sw:1uHjI9:aYnGykptL7vQIVnv6pNEQiM6EfFHZaF8u0VXnFG5ZdM	2025-05-21 15:20:29.257169+02
rtsr37jef7tmn17xhc4dnruh5nplobgo	.eJxVjEEOwiAQRe_C2hDqgAMu3XuGZpgBqRpISrsy3l2bdKHb_977LzXSupRx7WkeJ1FnNajD7xaJH6luQO5Ub01zq8s8Rb0peqddX5uk52V3_w4K9fKtMQC4BB4hYMTM4gmsRU4wUMgnDISWogmZAVDIsRF3JJMRxHpjWb0_1HM3sw:1uHxTj:aj3T-1SVg24XfUtf5lRhLUZ-UtfnwWBI95FtigKsX5o	2025-05-22 06:29:23.946673+02
9k5q8ecrrsh6poizzvijc6x56y5nof2p	.eJxVjEEOwiAQRe_C2hDqgAMu3XuGZpgBqRpISrsy3l2bdKHb_977LzXSupRx7WkeJ1FnNajD7xaJH6luQO5Ub01zq8s8Rb0peqddX5uk52V3_w4K9fKtMQC4BB4hYMTM4gmsRU4wUMgnDISWogmZAVDIsRF3JJMRxHpjWb0_1HM3sw:1uI1fQ:QIL2RBwl0pcc42u-Xl9YBeWu4q5rJ4dlwOw435LPvp8	2025-05-22 10:57:44.85369+02
5pa2l3tpltje93p5070qewhi1estboos	.eJxVjEEOwiAQRe_C2hDqgAMu3XuGZpgBqRpISrsy3l2bdKHb_977LzXSupRx7WkeJ1FnNajD7xaJH6luQO5Ub01zq8s8Rb0peqddX5uk52V3_w4K9fKtMQC4BB4hYMTM4gmsRU4wUMgnDISWogmZAVDIsRF3JJMRxHpjWb0_1HM3sw:1uHjs9:dTnGeE7yFpBDPTNJ45Ri_6PxLDY65BUz-d4W9DEpAv8	2025-05-21 15:57:41.049934+02
c4v2lc7ec1d85w4t5ngkexyicwjjufwc	.eJxVjEsOgzAMBe_idRWFOtQJy-45A3LspKGtQOKzQty9RWLD9s3M20B4WqDZ9ht0vC6lW-c0db1CAxVctsjyScMB9M3DazQyDsvUR3Mo5qSzaUdN3-fpXg4Kz-VfU0CsE3rCQJGyqGd0jiRhxSE_KDA5jjZkQSTlWqzWd7aZUJ23TmD_ARvGOv8:1uI7wa:qxHEuIFFHmqvaoua11o6nw0qJQaN7dQQwBj7SCfBbY0	2025-05-22 17:39:52.070423+02
8alzgqlqot4lr10ttympm37x6lblfhng	eyJqdXN0X2xvZ2dlZF9vdXQiOnRydWUsImNhcnQiOnt9fQ:1uI5DR:Kr27dumc33pngw-XY40A4SFDrQRSXgwd6FfQdzjNeng	2025-05-22 14:45:05.75342+02
u1egdd9l9brztj7ly01hllsr9wpdjel3	eyJqdXN0X2xvZ2dlZF9vdXQiOnRydWV9:1uHz7F:iwBnxXUzAjXe7x2z-6k9kjmRGDDMp0fXLDANb4_cVPc	2025-05-22 08:14:17.920735+02
955lwftt6qsrado9rstt0nrnveux2684	.eJxVjEEOwiAQRe_C2hDqgAMu3XuGZpgBqRpISrsy3l2bdKHb_977LzXSupRx7WkeJ1FnNajD7xaJH6luQO5Ub01zq8s8Rb0peqddX5uk52V3_w4K9fKtMQC4BB4hYMTM4gmsRU4wUMgnDISWogmZAVDIsRF3JJMRxHpjWb0_1HM3sw:1uHkw0:NZ2UtdTA3eIJAds-dKUZyfc09oAQ-FSfJmF_n-L23wI	2025-05-21 17:05:44.621513+02
8dn31fj6vr1txvmcshq3gt4tkmtswtqg	.eJxVjEEOwiAQRe_C2hDqgAMu3XuGZpgBqRpISrsy3l2bdKHb_977LzXSupRx7WkeJ1FnNajD7xaJH6luQO5Ub01zq8s8Rb0peqddX5uk52V3_w4K9fKtMQC4BB4hYMTM4gmsRU4wUMgnDISWogmZAVDIsRF3JJMRxHpjWb0_1HM3sw:1uITPE:V0W8xqJ4YGa7BGmcTy6EleeTdvO4iEDbg6FfOcb8sks	2025-05-23 16:34:52.277242+02
o2cjmdkhq2zd0otdxgtaznxjmjhqao3a	.eJxVjEEOwiAQRe_C2hDqgAMu3XuGZpgBqRpISrsy3l2bdKHb_977LzXSupRx7WkeJ1FnNajD7xaJH6luQO5Ub01zq8s8Rb0peqddX5uk52V3_w4K9fKtMQC4BB4hYMTM4gmsRU4wUMgnDISWogmZAVDIsRF3JJMRxHpjWb0_1HM3sw:1uIUx1:zWUC5zs9tTFKdrOTsEjEZHmt3Td552k8wwfNJphEiZ4	2025-05-23 18:13:51.653899+02
j32il025grn3inj1fv0slp9k763hjy67	eyJqdXN0X2xvZ2dlZF9vdXQiOnRydWV9:1uHzKX:tAMiceYKKsXrke-M-_yK7SgDm6VeNHIiSwCVaCrSTMo	2025-05-22 08:28:01.057009+02
no26vs85n0s81mvnck0qb8ak5mgancyp	.eJxVjEEOwiAQRe_C2hDqgAMu3XuGZpgBqRpISrsy3l2bdKHb_977LzXSupRx7WkeJ1FnNajD7xaJH6luQO5Ub01zq8s8Rb0peqddX5uk52V3_w4K9fKtMQC4BB4hYMTM4gmsRU4wUMgnDISWogmZAVDIsRF3JJMRxHpjWb0_1HM3sw:1uHlqV:UZO6lXGiy9j_wDDL78j_0z-1zjrfJ_wguhKMsJqeOPw	2025-05-21 18:04:07.850504+02
9tlvlf2k78ik4g9vvdd8aofzls5qj4ux	.eJxVjEEOwiAQRe_C2hDqgAMu3XuGZpgBqRpISrsy3l2bdKHb_977LzXSupRx7WkeJ1FnNajD7xaJH6luQO5Ub01zq8s8Rb0peqddX5uk52V3_w4K9fKtMQC4BB4hYMTM4gmsRU4wUMgnDISWogmZAVDIsRF3JJMRxHpjWb0_1HM3sw:1uIRjP:mBhKT6idkwxCF46zPUe7sOrwL1FdGdofHehSlLkSmNc	2025-05-23 14:47:35.671997+02
1s1pf82dk775nxsylt3veglxab3ngew0	.eJxVjEEOwiAQRe_C2hDqgAMu3XuGZpgBqRpISrsy3l2bdKHb_977LzXSupRx7WkeJ1FnNajD7xaJH6luQO5Ub01zq8s8Rb0peqddX5uk52V3_w4K9fKtMQC4BB4hYMTM4gmsRU4wUMgnDISWogmZAVDIsRF3JJMRxHpjWb0_1HM3sw:1uIKWo:bEqDnPotREIKgcV2JVDKDX4KNxK4rdY6cwNCMFBJaJg	2025-05-23 07:06:06.087697+02
r2sa8zyymj49m30xiopo18s26c847ihs	.eJxVjEEOwiAQRe_C2hCGUgou3XsGwsyAVA0kpV0Z765NutDtf-_9lwhxW0vYelrCzOIstDj9bhjpkeoO-B7rrUlqdV1mlLsiD9rltXF6Xg7376DEXr41gWONDDAS8BC9Ms5idgRkXAZLbKzGrAxOg-EMXjujPGOcfEI1Dlm8P-hQN_o:1uIOr9:rP0bR2ovDryd-C4kuXKaHHd8tr3sDALsxgnEEk9BpL0	2025-05-23 11:43:23.376838+02
ck77plruiz0dsu2omdacm7qgzg1b946e	.eJxVjEEOwiAQRe_C2hDqgAMu3XuGZpgBqRpISrsy3l2bdKHb_977LzXSupRx7WkeJ1FnNajD7xaJH6luQO5Ub01zq8s8Rb0peqddX5uk52V3_w4K9fKtMQC4BB4hYMTM4gmsRU4wUMgnDISWogmZAVDIsRF3JJMRxHpjWb0_1HM3sw:1uICEA:zS6MkRGLuGaj9gZ8nVB7nlKpSRFlFmQcdGQRNreN2TY	2025-05-22 22:14:18.090024+02
z27smzzqbk8kf126fzd63gn4iv6vg8du	.eJxVjEEOwiAQRe_C2hDqgAMu3XuGZpgBqRpISrsy3l2bdKHb_977LzXSupRx7WkeJ1FnNajD7xaJH6luQO5Ub01zq8s8Rb0peqddX5uk52V3_w4K9fKtMQC4BB4hYMTM4gmsRU4wUMgnDISWogmZAVDIsRF3JJMRxHpjWb0_1HM3sw:1uIWqe:pEEWbUmWCsIWm2Mz6kYu4S60Y1hsHrxX6iYpCuDRFsM	2025-05-23 20:15:24.603335+02
na3sv7i1d1km2b7vn57ruzvb0xcsazqs	.eJxVjEEOwiAQRe_C2hDqgAMu3XuGZpgBqRpISrsy3l2bdKHb_977LzXSupRx7WkeJ1FnNajD7xaJH6luQO5Ub01zq8s8Rb0peqddX5uk52V3_w4K9fKtMQC4BB4hYMTM4gmsRU4wUMgnDISWogmZAVDIsRF3JJMRxHpjWb0_1HM3sw:1uILVs:wUHUd6QkATiOk4QVY5ddw_0Nn8R-fmKM-jSdjwCS1oM	2025-05-23 08:09:12.545749+02
1lyzuns2upd7pmxafqstk4m7o3truh6w	.eJxVjEEOwiAQRe_C2hDqgAMu3XuGZpgBqRpISrsy3l2bdKHb_977LzXSupRx7WkeJ1FnNajD7xaJH6luQO5Ub01zq8s8Rb0peqddX5uk52V3_w4K9fKtMQC4BB4hYMTM4gmsRU4wUMgnDISWogmZAVDIsRF3JJMRxHpjWb0_1HM3sw:1uITpj:SSxDOFh0M4xRYAPZXbyxkGP65L1ufpEhUEHhh1HOjNg	2025-05-23 17:02:15.732434+02
8gm7055tz9mu71ibv6gn4s2sb0f79gzi	.eJxVjbEOgkAQRP9la3JZ3MPlKO39BrK3dwhqQOEoDOHfFUNDM8W8l5kFVMYE1QKnLd6z9KlLH6jyDF5jpxEqYIeIBhHWNYNa5tTW8xTHugs_mMOh86KP2G8g3KW_DUaHPo2dN5tidjqZ6xDi87K7h4FWpvb_SVREKpkce240lELWskbKxTVndsJWPLpGiThIoRiKk2DDFGyJVmH9AlxIRWQ:1uI5qW:IC9lEC69YYazWjon_l9EVN8rwZL28eaWBY-0ofo5hvo	2025-05-22 15:25:28.13388+02
ta11512chupckk1msr1b6uziwyxa7327	.eJxVjEEOwiAQRe_C2hDqgAMu3XuGZpgBqRpISrsy3l2bdKHb_977LzXSupRx7WkeJ1FnNajD7xaJH6luQO5Ub01zq8s8Rb0peqddX5uk52V3_w4K9fKtMQC4BB4hYMTM4gmsRU4wUMgnDISWogmZAVDIsRF3JJMRxHpjWb0_1HM3sw:1uHmjw:DBkJHdupL5N-J0G6VcP0owUxqX0nsvnGSDS1i17qWb4	2025-05-21 19:01:24.863168+02
r2nr0ltpforrb6uzguf8g4szdcjfcdwu	.eJxVjEEOwiAQRe_C2hDqgAMu3XuGZpgBqRpISrsy3l2bdKHb_977LzXSupRx7WkeJ1FnNajD7xaJH6luQO5Ub01zq8s8Rb0peqddX5uk52V3_w4K9fKtMQC4BB4hYMTM4gmsRU4wUMgnDISWogmZAVDIsRF3JJMRxHpjWb0_1HM3sw:1uISca:lqy-7BBX7-M4gDhGa9TATnD2RpNKBmj1LFvx1mKNVl4	2025-05-23 15:44:36.066393+02
i99o1iuedy27miyydmvw4pbmzvyfkn0q	.eJxVjEEOwiAQRe_C2hDqgAMu3XuGZpgBqRpISrsy3l2bdKHb_977LzXSupRx7WkeJ1FnNajD7xaJH6luQO5Ub01zq8s8Rb0peqddX5uk52V3_w4K9fKtMQC4BB4hYMTM4gmsRU4wUMgnDISWogmZAVDIsRF3JJMRxHpjWb0_1HM3sw:1uIUAV:ThXervqqGYVRWBImaPPvBx47tKY89Tl9GRBnvmoiuOA	2025-05-23 17:23:43.948952+02
d4073rnzfxegf0nm9s1yqq22zupj8k7h	.eJyNkUFvgzAMhf9K5TOhCUlIw22repm0wzRpV2ScQLMN6CAcuqr_fbBWk7jtYsl-7_mT7AsQDrEMDgpQNkfS1jCeEzGVI2fIa2JWW6F0bWrMPCS_ASgukC3la8IuhniGQiRwGgJ5KIzlnKc8gQ7buYX9rFPfbiTnYc6HFptlvG29C7g9Db2bKI7bJx-ZUCzjnB10uS8fDm_4_dKnp66BawJijZN_OKnXuNdzu5l3bYT6P-wGmSklTvFYTqMfbjcRsJpVSB--WwT3jl3Tp9R3cQhVuljSuzqmz73zn49372rBEcfjnDZWSu3lzkhrKlOT26FUypCXAm2dG4tGYcVtTVIah5q409n8DCOd2nFFcP0B-jGHdA:1uIYx8:bEr6saVaaivAZIe_-7-2vLdYlQdTWZg9WhwyM6PxKos	2025-05-23 22:30:14.527981+02
tgdlsjpcfwk7ganv5zjooyp8dzcfjkts	.eJxVjEEOwiAQRe_C2hDqgAMu3XuGZpgBqRpISrsy3l2bdKHb_977LzXSupRx7WkeJ1FnNajD7xaJH6luQO5Ub01zq8s8Rb0peqddX5uk52V3_w4K9fKtMQC4BB4hYMTM4gmsRU4wUMgnDISWogmZAVDIsRF3JJMRxHpjWb0_1HM3sw:1uIglC:RXHIVcEryRCo6QMSGtYUCcySOE_-he5YduRjz86fXkE	2025-05-24 06:50:26.695853+02
g8sxs2f3pk9mpz8s45kvhxglqs46f5oh	.eJxVjEEOwiAQRe_C2hDqgAMu3XuGZpgBqRpISrsy3l2bdKHb_977LzXSupRx7WkeJ1FnNajD7xaJH6luQO5Ub01zq8s8Rb0peqddX5uk52V3_w4K9fKtMQC4BB4hYMTM4gmsRU4wUMgnDISWogmZAVDIsRF3JJMRxHpjWb0_1HM3sw:1uIW7n:EDtcqYB2xPmyYB3z2YJMStOrppTuwDj5G6x-MxNWWEs	2025-05-23 19:29:03.908385+02
2ks5gqo2038sd5wkh9el3v8cflhojcmg	.eJxVjrFug0AQRH8l2hrwcnuwHF1iuYmUIk1atNwd9iUBHDiKxPK_BxI3bkbaeTOruYCVKTbBQQ2iypyYilTn5Spd6VNTsqRYmVaVXrESguSvAPUF1CZfiwwxxG-o8wTOU7AeajaImGECg_TrCfuV27F_IMSw9kMvx83e9d4F2Z2n0S02zrtnH9NcpwoxPRTNvnk8vMnP65idhyNcrwk0ssRTs8x--p-bw53Xiv3wwwbcuwzHMbPjEKfQZlsku9E5exmd_3y6Ze8enGQ-rW02RIWnislwy511lZDWbD3lYrqSjbCWFk1nidhJYdEVSrBjcrpCbeH6C1ICaLo:1uIhzc:EVWdTLmzXxcYg2LiUZ8js2omZ7djnwWJ604AsIb_7fM	2025-05-24 08:09:24.382244+02
rbbs9iapf0lu7vehaifugzvuzqfgbx01	.eJxVkMtuhDAMRX-l8pqHIaEmLNt1vwEZJ0BmyqMQFtWIfy9M2czGku8917L9AOEl1N5CBWS0Jip1nKO4WGd5G5dIGLOzBUlWNgVqiJ4BqB6Qn-Vn4zH48AtVFsG8eHFQkUHEBCMYeTha-Dx8mYY3heiPvB-4O-V0cNZzOi-T3SSs6YXVB5bc5g72PYKat9DX2-qW_xUzeNEalrsbT8PeeOymRKYxLL5JTiS53DX5mqz7_rjYlwE9r_3zcqUKp0pShhpqxZasjl-IUxmb9p0Mk-YGTStKkeVC0BY5Y0vK6hK1wP4HgNVmGw:1uIjI0:atXIdLyv4ah4a7H_hiUvQ6g63v9gtNrG8VmBvwjj4TM	2025-05-24 09:32:28.671897+02
828b67j2mffslfx5dt9wsbin9ofsfpha	.eJxVjEEOwiAQRe_C2hDqgAMu3XuGZpgBqRpISrsy3l2bdKHb_977LzXSupRx7WkeJ1FnNajD7xaJH6luQO5Ub01zq8s8Rb0peqddX5uk52V3_w4K9fKtMQC4BB4hYMTM4gmsRU4wUMgnDISWogmZAVDIsRF3JJMRxHpjWb0_1HM3sw:1uIWMR:FucZYCs7c6n6MjkzzvYncTk1zM2K8VIJy_AWbR4bEMw	2025-05-23 19:44:11.747223+02
r0przjb7o069d4vb0n69384bgw3gwxsa	.eJxVjEEOwiAQRe_C2hDqgAMu3XuGZpgBqRpISrsy3l2bdKHb_977LzXSupRx7WkeJ1FnNajD7xaJH6luQO5Ub01zq8s8Rb0peqddX5uk52V3_w4K9fKtMQC4BB4hYMTM4gmsRU4wUMgnDISWogmZAVDIsRF3JJMRxHpjWb0_1HM3sw:1uIhlZ:V5blTOLeb1G2GiJrajQTKJpM3EXxWt9hs3fDv0baROk	2025-05-24 07:54:53.251451+02
p0cswdmjriusda2b58liq00nqkiowogr	.eJxVjEEOwiAQRe_C2hDqgAMu3XuGZpgBqRpISrsy3l2bdKHb_977LzXSupRx7WkeJ1FnNajD7xaJH6luQO5Ub01zq8s8Rb0peqddX5uk52V3_w4K9fKtMQC4BB4hYMTM4gmsRU4wUMgnDISWogmZAVDIsRF3JJMRxHpjWb0_1HM3sw:1uIiEX:yWmyr4ke1PLRkSpzng6TNUGAa4g151oTtqSKO0KSFAY	2025-05-24 08:24:49.686857+02
cmve8u9513l4ro87yynju2h6r382s0sh	.eJxVjEEOwiAQRe_C2hDqgAMu3XuGZpgBqRpISrsy3l2bdKHb_977LzXSupRx7WkeJ1FnNajD7xaJH6luQO5Ub01zq8s8Rb0peqddX5uk52V3_w4K9fKtMQC4BB4hYMTM4gmsRU4wUMgnDISWogmZAVDIsRF3JJMRxHpjWb0_1HM3sw:1uIWXg:TDqjpuceHIbZawlNpuFzNR3ulaaiLJCfIiBwVk7_2uo	2025-05-23 19:55:48.342114+02
5m3g8x53igh8fgoj1fjao03w2cdt03x3	.eJxVjEEOwiAQRe_C2hDqgAMu3XuGZpgBqRpISrsy3l2bdKHb_977LzXSupRx7WkeJ1FnNajD7xaJH6luQO5Ub01zq8s8Rb0peqddX5uk52V3_w4K9fKtMQC4BB4hYMTM4gmsRU4wUMgnDISWogmZAVDIsRF3JJMRxHpjWb0_1HM3sw:1uIWhd:f6OORiwhU5bRJH6Eic0ulvsycrDIEccPaQ-QwxuvYUE	2025-05-23 20:06:05.212735+02
4uf4sw5ci1tuzvar7r817oa480htirvg	.eJxVjksOwjAMRO-SNY0S7NQNS_acoXIch_JRK_Wzqrg7VHQB25k3T7Oalpe5a5dJx_aWzcl4c_jNEstD-63Id-6vg5Whn8dbshti93aylyHr87yzf4KOp-6zpggQFBqCSImK5IYBkUTBcyw1RSbk5GIRAMocxOVwZFcIMjYO5SMVHufvR1JI6P2xCjVxhYpcRS-lQu-CY0WN6vaBOa2v1xt_Tkf7:1uIYhy:VbO-12XC_OyCrx1iThjJpu4quhQi8RPc_Y2_4W-DBHU	2025-05-23 22:14:34.008129+02
xra1gs2rq62fgqpiv1tfcq6g3hu5n780	.eJxVjEEOwiAQRe_C2hDqgAMu3XuGZpgBqRpISrsy3l2bdKHb_977LzXSupRx7WkeJ1FnNajD7xaJH6luQO5Ub01zq8s8Rb0peqddX5uk52V3_w4K9fKtMQC4BB4hYMTM4gmsRU4wUMgnDISWogmZAVDIsRF3JJMRxHpjWb0_1HM3sw:1uIioa:RSc_jzEC5kUENPba-gosVGcEmQGx4Rrz0oNqIY1bIKs	2025-05-24 09:02:04.48884+02
\.


--
-- Data for Name: inventory_inventoryalert; Type: TABLE DATA; Schema: public; Owner: scooteruser
--

COPY public.inventory_inventoryalert (id, alert_type, title, description, severity, status, threshold_value, current_value, email_sent, dashboard_notification, date_created, date_updated, date_acknowledged, date_resolved, acknowledged_by_id, created_by_id, part_id, resolved_by_id, scooter_id, store_id) FROM stdin;
1	low_stock	Low Stock: Main Stand COMP	Inventory level for Main Stand COMP (50500-X8A-0002) is below reorder level. Current stock: 1.00, Reorder level: 1.00	medium	new	1.00	1.00	f	t	2025-05-08 22:31:45.909664+02	2025-05-08 22:31:45.909713+02	\N	\N	\N	\N	29	\N	\N	1
3	low_stock	Low Stock: Start MAG SW SET JET 14	Inventory level for Start MAG SW SET JET 14 (3585A-35A-A000) is below reorder level. Current stock: 1.00, Reorder level: 1.00	medium	new	1.00	1.00	f	t	2025-05-08 22:31:46.065073+02	2025-05-08 22:31:46.065093+02	\N	\N	\N	\N	44	\N	\N	1
4	low_stock	Low Stock: Tyre FF 100/90-14 Vee Rubber Motorsport	Inventory level for Tyre FF 100/90-14 Vee Rubber Motorsport (328-10090114338) is below reorder level. Current stock: 0.00, Reorder level: 0.00	high	new	0.00	0.00	f	t	2025-05-08 22:31:46.151063+02	2025-05-08 22:31:46.151086+02	\N	\N	\N	\N	36	\N	\N	1
5	low_stock	Low Stock: Tyre RR 110/80-14  Micheline Auto-X	Inventory level for Tyre RR 110/80-14  Micheline Auto-X (TYM-6377986) is below reorder level. Current stock: 0.00, Reorder level: 0.00	high	new	0.00	0.00	f	t	2025-05-08 22:31:46.167495+02	2025-05-08 22:31:46.167518+02	\N	\N	\N	\N	37	\N	\N	1
6	low_stock	Low Stock: Tyre RR 110/80-14 Vee Rubber Motorsport	Inventory level for Tyre RR 110/80-14 Vee Rubber Motorsport (328-1108014144) is below reorder level. Current stock: 0.00, Reorder level: 0.00	high	new	0.00	0.00	f	t	2025-05-08 22:31:46.279204+02	2025-05-08 22:31:46.279222+02	\N	\N	\N	\N	39	\N	\N	1
7	low_stock	Low Stock: Tyre RR 120/70-14	Inventory level for Tyre RR 120/70-14 (2770300) is below reorder level. Current stock: 0.00, Reorder level: 0.00	high	new	0.00	0.00	f	t	2025-05-08 22:31:46.360072+02	2025-05-08 22:31:46.360091+02	\N	\N	\N	\N	40	\N	\N	1
8	low_stock	Low Stock: Winker Jet14 LH FR	Inventory level for Winker Jet14 LH FR (33450-X8A-0002) is below reorder level. Current stock: 0.00, Reorder level: 0.00	high	new	0.00	0.00	f	t	2025-05-08 22:31:46.443528+02	2025-05-08 22:31:46.443549+02	\N	\N	\N	\N	42	\N	\N	1
10	low_stock	Low Stock: Rr Cushion Jet 14	Inventory level for Rr Cushion Jet 14 (52400-AR1-0200-K-M1) is below reorder level. Current stock: 1.00, Reorder level: 1.00	medium	resolved	1.00	1.00	f	t	2025-05-08 22:31:46.452359+02	2025-05-08 22:44:38.295994+02	\N	2025-05-08 22:44:38.295791+02	\N	\N	59	1	\N	1
2	low_stock	Low Stock: Mirror LH	Inventory level for Mirror LH (88120-XPA-0004-K) is below reorder level. Current stock: 1.00, Reorder level: 1.00	medium	acknowledged	1.00	1.00	f	t	2025-05-08 22:31:46.019495+02	2025-05-08 23:21:59.559986+02	2025-05-08 23:21:59.55976+02	\N	1	\N	32	\N	\N	1
12	low_stock	Low Stock: Rr Cushion Jet 14	Inventory level for Rr Cushion Jet 14 (52400-AR1-0200-K-M1) is below reorder level. Current stock: 1.00, Reorder level: 1.00	medium	resolved	1.00	1.00	f	t	2025-05-08 22:54:57.751524+02	2025-05-10 10:49:41.791514+02	\N	2025-05-10 10:49:41.791318+02	\N	\N	59	1	\N	1
13	low_stock	Low Stock: Rr Cushion Jet 14	Inventory level for Rr Cushion Jet 14 (52400-AR1-0200-K-M1) is below reorder level. Current stock: 1.00, Reorder level: 1.00	medium	resolved	1.00	1.00	f	t	2025-05-10 10:57:33.931999+02	2025-05-10 17:53:01.62584+02	\N	2025-05-10 17:53:01.625652+02	\N	\N	59	2	\N	1
9	low_stock	Low Stock: Flange Bolt 8x64	Inventory level for Flange Bolt 8x64 (95801-08064-07) is below reorder level. Current stock: 1.00, Reorder level: 1.00	medium	acknowledged	1.00	1.00	f	t	2025-05-08 22:31:46.44793+02	2025-05-10 17:53:05.059309+02	2025-05-10 17:53:05.059171+02	\N	2	\N	51	\N	\N	1
14	low_stock	Low Stock: Rr Cushion Jet 14	Inventory level for Rr Cushion Jet 14 (52400-AR1-0200-K-M1) is below reorder level. Current stock: 1.00, Reorder level: 1.00	medium	new	1.00	1.00	f	t	2025-05-10 18:13:44.607624+02	2025-05-10 18:13:44.607669+02	\N	\N	\N	\N	59	\N	\N	1
16	maintenance_due	Maintenance Due: Sym Jet 14 200	Scooter Sym Jet 14 200 (LXMXCA501MX024486) is due for maintenance. Last maintenance was 166 days ago.	high	new	\N	\N	f	t	2025-05-13 10:41:33.929893+02	2025-05-13 10:41:33.929917+02	\N	\N	\N	\N	\N	\N	19	1
17	maintenance_due	Maintenance Due: Sym Jet 14 200	Scooter Sym Jet 14 200 (LXMXCA501NX022967) is due for maintenance. Last maintenance was 99 days ago.	medium	new	\N	\N	f	t	2025-05-13 11:25:00.769907+02	2025-05-13 11:25:00.769927+02	\N	\N	\N	\N	\N	\N	26	1
18	maintenance_due	Maintenance Due: Sym Jet 14 200	Scooter Sym Jet 14 200 (LXMXCA501MX025164) is due for maintenance. Last maintenance was 155 days ago.	high	new	\N	\N	f	t	2025-05-13 12:44:11.860478+02	2025-05-13 12:44:11.860501+02	\N	\N	\N	\N	\N	\N	29	1
19	maintenance_due	Maintenance Due: Sym Citycom 300	Scooter Sym Citycom 300 (RFGLLA702LSA00815) is due for maintenance. Last maintenance was 210 days ago.	high	new	\N	\N	f	t	2025-05-13 12:44:11.907903+02	2025-05-13 12:44:11.907924+02	\N	\N	\N	\N	\N	\N	36	1
20	low_stock	Low Stock: Stator Jet14	Inventory level for Stator Jet14 (31120-F6N-0000) is below reorder level. Current stock: 0.00, Reorder level: 1.00	high	new	1.00	0.00	f	t	2025-05-16 06:13:27.775273+02	2025-05-16 06:13:27.775293+02	\N	\N	\N	\N	150	\N	\N	1
21	low_stock	Low Stock: Flange Bolt 8*40	Inventory level for Flange Bolt 8*40 (95801-08040-00) is below reorder level. Current stock: 1.00, Reorder level: 1.00	medium	new	1.00	1.00	f	t	2025-05-16 06:13:31.45504+02	2025-05-16 06:13:31.45506+02	\N	\N	\N	\N	151	\N	\N	1
22	maintenance_due	Maintenance Due: Sym Jet 14 200	Scooter Sym Jet 14 200 (LXMXCA501PX020396) is due for maintenance. Last maintenance was 123 days ago.	high	new	\N	\N	f	t	2025-05-19 09:59:07.406911+02	2025-05-19 09:59:07.406929+02	\N	\N	\N	\N	\N	\N	51	1
15	low_stock	Low Stock: Brake Pads RR	Inventory level for Brake Pads RR (43105-ARB-000-A-9) is below reorder level. Current stock: 5.00, Reorder level: 5.00	medium	resolved	5.00	5.00	f	t	2025-05-12 15:35:50.83574+02	2025-05-21 22:08:51.579447+02	\N	2025-05-21 22:08:51.579259+02	\N	\N	14	1	\N	1
11	low_stock	Low Stock: Regulator Rec Comp Jet14	Inventory level for Regulator Rec Comp Jet14 (31600-N7F-0001) is below reorder level. Current stock: 1.00, Reorder level: 1.00	medium	resolved	1.00	1.00	f	t	2025-05-08 22:31:46.459632+02	2025-05-21 22:09:30.704392+02	2025-05-10 10:50:39.564796+02	2025-05-21 22:09:30.70424+02	1	\N	80	1	\N	1
23	low_stock	Low Stock: Regulator Rec Comp Jet14	Inventory level for Regulator Rec Comp Jet14 (31600-N7F-0001) is below reorder level. Current stock: 1.00, Reorder level: 1.00	medium	new	1.00	1.00	f	t	2025-05-22 06:22:43.194307+02	2025-05-22 06:22:43.194339+02	\N	\N	\N	\N	80	\N	\N	1
\.


--
-- Data for Name: inventory_parts; Type: TABLE DATA; Schema: public; Owner: scooteruser
--

COPY public.inventory_parts (id, part_number, name, description, current_stock, reorder_level, unit_price, category, location_in_store, date_created, date_updated, store_id) FROM stdin;
17	8360A-X8A-0002-WA	Body Cover Assy LH		2.00	1.00	100.00	Frame and Body		2025-05-05 23:40:28.191266+02	2025-05-05 23:40:28.191293+02	1
18	8350A-X8A-0001-WD	Body Cover Assy RH		4.00	1.00	300.00	Frame and Body		2025-05-05 23:41:34.328391+02	2025-05-05 23:41:34.328414+02	1
19	45121-XMC-0001	Brake Disk FR		4.00	2.00	500.00	Brakes		2025-05-05 23:42:42.832656+02	2025-05-05 23:42:42.832684+02	1
21	30410-T3A-A000	CDI UNIT		5.00	2.00	400.00	Electrical Components		2025-05-05 23:44:52.200515+02	2025-05-05 23:44:52.200543+02	1
23	50512-ARA-0005	Flange Bolt		1.00	0.00	50.00	Miscellaneous / Universal Parts		2025-05-05 23:46:27.306745+02	2025-05-05 23:46:27.306765+02	1
25	3051A-ARA-0200	Ignition Coil		9.00	4.00	100.00	Engine & Fuel System		2025-05-05 23:48:21.351164+02	2025-05-05 23:48:21.351197+02	1
26	30700-T7A-A000	Ignition Coil Cap		4.00	2.00	300.00	Electrical Components		2025-05-05 23:49:06.538945+02	2025-05-05 23:49:06.538966+02	1
27	12V/21W/BAU15S	Indicator bulbs		10.00	4.00	50.00	Lighting and Indicators		2025-05-05 23:49:41.520259+02	2025-05-05 23:51:33.921147+02	1
28	50504-Z6A-0000	Main Stand Collar		4.00	2.00	40.00	Frame and Body		2025-05-05 23:51:21.965599+02	2025-05-05 23:53:47.307305+02	1
31	50503-F6B-0000	Main Stand Washer		4.00	2.00	40.00	Frame and Body		2025-05-05 23:55:26.62229+02	2025-05-05 23:55:26.622312+02	1
32	88120-XPA-0004-K	Mirror LH		1.00	1.00	300.00	Frame and Body		2025-05-05 23:56:15.561909+02	2025-05-05 23:56:15.56193+02	1
33	88110-XPA-0004-K	Mirror RH		2.00	1.00	50.00	Frame and Body		2025-05-05 23:56:40.65233+02	2025-05-05 23:56:40.652359+02	1
16	90309-M9Q-000-M2	Self Lock Nut		9.00	4.00	20.00	Miscellaneous / Universal Parts		2025-05-05 23:36:48.792632+02	2025-05-05 23:57:52.525095+02	1
10	22132-ARA-0000	Slide Piece		6.00	5.00	10.00	Engine & Transmission		2025-05-05 23:28:57.890263+02	2025-05-05 23:58:19.30591+02	1
11	CR7HSA	Spark Plug		11.00	5.00	80.00	Engine & Transmission		2025-05-05 23:30:07.226667+02	2025-05-05 23:58:38.029835+02	1
34	50506-ABA-0000	Stand Stop Rubber A		4.00	2.00	100.00	Frame and Body		2025-05-05 23:59:14.844519+02	2025-05-05 23:59:14.844539+02	1
35	3445700	Tyre FF 100/90-14 Pireli Bikewise		4.00	2.00	1000.00	Wheels and Tires		2025-05-06 00:05:17.849359+02	2025-05-06 00:05:17.849379+02	1
38	2902800	Tyre RR 110/80-14 Pireli Bikewise		6.00	5.00	800.00	Wheels and Tires		2025-05-06 08:57:41.482487+02	2025-05-07 20:10:42.633884+02	1
36	328-10090114338	Tyre FF 100/90-14 Vee Rubber Motorsport		0.00	0.00	650.00	Wheels and Tires		2025-05-06 08:55:05.81147+02	2025-05-06 08:55:05.811497+02	1
37	TYM-6377986	Tyre RR 110/80-14  Micheline Auto-X		0.00	0.00	650.00	Wheels and Tires		2025-05-06 08:57:13.751702+02	2025-05-06 08:57:13.751724+02	1
39	328-1108014144	Tyre RR 110/80-14 Vee Rubber Motorsport		0.00	0.00	700.00	Wheels and Tires		2025-05-06 08:58:05.9813+02	2025-05-06 08:58:05.981328+02	1
40	2770300	Tyre RR 120/70-14		0.00	0.00	650.00	Wheels and Tires		2025-05-06 08:58:32.926978+02	2025-05-06 08:58:32.927006+02	1
41	28300-F6C-0000	Arm-Kick Start		2.00	1.00	800.00	Frame and Body		2025-05-06 08:59:18.760098+02	2025-05-06 08:59:18.760117+02	1
42	33450-X8A-0002	Winker Jet14 LH FR		0.00	0.00	150.00	Lighting and Indicators		2025-05-06 09:00:00.120324+02	2025-05-06 09:00:00.120343+02	1
22	64302-X8A-0001-WD	Cover FF LH		1.00	0.00	200.00	Frame and Body		2025-05-05 23:45:34.307397+02	2025-05-07 21:17:05.429016+02	1
43	64300-X8A-0001	Spoiler Jet14 FR		1.00	0.00	300.00	Frame and Body		2025-05-06 09:02:14.46694+02	2025-05-06 09:02:14.466967+02	1
46	22102-ARA-0001	Drive Face Xpro125		3.00	1.00	200.00	Engine & Transmission		2025-05-06 09:14:05.960616+02	2025-05-06 09:14:05.960642+02	1
47	42753-ABA-0000	Valve Ruber Rim		50.00	5.00	10.00	Wheels and Tires		2025-05-06 09:15:31.536846+02	2025-05-06 09:15:31.536867+02	1
48	Brake Fluid	Brake Fluid		4.00	1.00	50.00	Lubricants & Fluids		2025-05-06 09:16:30.892695+02	2025-05-06 09:16:30.892715+02	1
49	Cooland	Coolant		2.00	1.00	150.00	Lubricants & Fluids		2025-05-06 09:17:44.528979+02	2025-05-06 09:17:44.529+02	1
50	18291-Z8G-0000	EXH Pipe Gasket Fiddle 150		4.00	1.00	3000.00	Engine & Transmission		2025-05-06 09:18:44.623886+02	2025-05-06 09:18:44.623914+02	1
51	95801-08064-07	Flange Bolt 8x64		1.00	1.00	5.00	Miscellaneous / Universal Parts		2025-05-06 09:20:00.761491+02	2025-05-06 09:20:00.761523+02	1
52	93903-34340	Tapping Screw 4x12		10.00	5.00	3.00	Miscellaneous / Universal Parts		2025-05-06 09:20:41.156391+02	2025-05-06 09:20:41.15641+02	1
53	90754-M9Q-0000-M1	Seal-dust Crox125		7.00	2.00	50.00	Engine & Transmission		2025-05-06 09:21:13.123139+02	2025-05-06 09:21:13.123158+02	1
54	90912-M9Q-0000-M1	Radial Ball BRG 6201U Xpro125		8.00	2.00	50.00	Engine & Transmission		2025-05-06 09:22:00.143143+02	2025-05-06 09:22:00.143165+02	1
56	96001-06022-49	Bolt Xpro125 6*22		4.00	2.00	10.00	Miscellaneous / Universal Parts		2025-05-06 09:23:18.396414+02	2025-05-06 09:23:18.396443+02	1
57	18295-F3E-0001	Collar M6		7.00	2.00	120.00	Miscellaneous / Universal Parts		2025-05-06 09:23:51.116818+02	2025-05-06 09:23:51.116841+02	1
58	44311-GW0-910	Collar FR Wheel SID GTS300		2.00	1.00	100.00	Wheels and Tires		2025-05-06 09:24:24.456626+02	2025-05-06 09:24:24.456647+02	1
59	52400-AR1-0200-K-M1	Rr Cushion Jet 14		1.00	1.00	600.00	Suspension and Steering		2025-05-06 09:25:20.871868+02	2025-05-06 09:25:20.871889+02	1
60	E450N	TopBox GIVI		2.00	0.00	5000.00	Miscellaneous / Universal Parts		2025-05-06 09:27:22.584344+02	2025-05-06 09:27:22.584364+02	1
61	95701-06012-07	Flange Bolt 6*12		1.00	0.00	10.00	Miscellaneous / Universal Parts		2025-05-06 09:27:57.530288+02	2025-05-06 09:27:57.530317+02	1
63	SR7055	Carrier Topbox Sym Jet 14		11.00	0.00	2000.00	Miscellaneous / Universal Parts		2025-05-06 09:29:07.250843+02	2025-05-06 09:29:07.250865+02	1
64	83620-LEA-000-QU	Side Cover  LH white		2.00	0.00	200.00	Frame and Body		2025-05-06 09:29:40.993296+02	2025-05-06 09:29:40.993317+02	1
65	43121-LEA-000-KB	Brake Disk RR		2.00	0.00	200.00	Brakes		2025-05-06 09:30:11.283345+02	2025-05-06 09:30:11.283365+02	1
62	91302-M9T-0002	O-ring 30.8mm		10.00	2.00	20.00	Engine & Transmission		2025-05-06 09:28:29.595603+02	2025-05-09 10:11:46.069044+02	1
55	90106-N02-0002	Bolt-Disk FR Crox125		5.00	2.00	150.00	Wheels and Tires		2025-05-06 09:22:47.029718+02	2025-05-07 21:15:20.527295+02	1
12	22121-M9B-0000	Weight Roller		5.00	3.00	120.00	Engine & Transmission		2025-05-05 23:31:05.995356+02	2025-05-07 21:15:45.694858+02	1
45	12361-M9Q-0001	CAP-OIL XPRO125		5.00	2.00	70.00	Engine & Transmission		2025-05-06 09:13:28.577429+02	2025-05-09 10:11:46.11716+02	1
20	43121-XJA-0001	Brake Disk RR		3.00	2.00	600.00	Brakes		2025-05-05 23:43:23.364712+02	2025-05-12 12:22:43.960014+02	1
24	GL-R459	Headlight Bulbs 12V 35/35W		13.00	5.00	100.00	Lighting and Indicators		2025-05-05 23:47:48.651835+02	2025-05-13 10:20:17.400869+02	1
29	50500-X8A-0002	Main Stand COMP		0.00	1.00	561.36	Frame and Body		2025-05-05 23:54:23.332383+02	2025-05-12 15:34:57.838822+02	1
66	18317-XPA-0001-K	Exhaust Protector Jet14		2.00	0.00	300.00	Frame and Body		2025-05-06 09:30:48.985752+02	2025-05-06 09:30:48.98578+02	1
67	5052A-H9A-000	Main Stand SPG.ASSY		2.00	0.00	1500.00	Frame and Body		2025-05-06 09:31:33.601684+02	2025-05-06 09:31:33.601719+02	1
44	3585A-35A-A000	Start MAG SW SET JET 14		6.00	1.00	300.00	Electrical Components		2025-05-06 09:12:36.605176+02	2025-05-15 21:04:48.251632+02	1
15	FDB2190EF	Brake Pads FF		10.00	5.00	119.00	Brakes		2025-05-05 23:34:44.654682+02	2025-05-23 12:29:50.248876+02	1
13	91204-HMA-0005-M2	Oil Seal 25*40*7		29.00	5.00	50.00	Engine & Transmission		2025-05-05 23:32:34.243521+02	2025-05-20 21:04:38.488111+02	1
30	5052A-APA-9000	Main Stand SPG.ASSY		7.00	2.00	40.00	Frame and Body		2025-05-05 23:54:55.123104+02	2025-05-23 11:04:32.520091+02	1
9	23100-XMA-0001	Drive Belt		9.00	5.00	1700.00	Engine & Transmission		2025-05-05 23:28:13.605717+02	2025-05-23 12:30:40.281621+02	1
7	130469	Gear Oil		12.50	5.00	500.00	Lubricants & Fluids		2025-05-05 23:21:17.375925+02	2025-05-22 22:29:07.207295+02	1
1	130460	Engine Oil		186.00	5.00	560.00	Lubricants & Fluids		2025-05-05 21:18:03.334943+02	2025-05-23 11:04:32.56143+02	1
68	22132-HMA-000-A1	Slide piece		7.00	0.00	30.00	Engine & Transmission		2025-05-06 09:32:03.289291+02	2025-05-06 09:32:03.289312+02	1
69	1275-CR8E	Spark Plug		8.00	0.00	50.00	Engine & Transmission		2025-05-06 09:32:30.375045+02	2025-05-06 09:32:30.375075+02	1
70	2902200	Tyre FF 90/80-16		2.00	0.00	800.00	Wheels and Tires		2025-05-06 09:34:54.756421+02	2025-05-06 09:34:54.756449+02	1
71	2772400	Tyre RR 140/70-16 Pireli Bikewise		2.00	0.00	800.00	Wheels and Tires		2025-05-06 09:35:24.265646+02	2025-05-06 09:35:24.265676+02	1
72	22121-RB1-001-A1	Weight roller COMP		9.00	0.00	300.00	Engine & Transmission		2025-05-06 09:35:56.318341+02	2025-05-06 09:35:56.318372+02	1
73	44301-LEA-000	FR Wheel Axel Citicom		1.00	0.00	50.00	Wheels and Tires		2025-05-06 09:36:38.964846+02	2025-05-06 09:36:38.964873+02	1
74	90754-LEA-000	Dust Seal 20X35X50		4.00	0.00	120.00	Engine & Transmission		2025-05-06 09:37:13.443406+02	2025-05-06 09:37:13.443434+02	1
75	90912-LEA-000	Bearing 6202LLU GTS300I		4.00	0.00	120.00	Engine & Transmission		2025-05-06 09:37:41.222858+02	2025-05-06 09:37:41.222878+02	1
76	64306-X01-000	FR Cover Collar CITICOM300		20.00	0.00	10.00	Wheels and Tires		2025-05-06 09:40:30.95088+02	2025-05-06 09:40:30.950907+02	1
77	S0CT31ST-RA	Topbox Carrier		1.00	0.00	800.00	Miscellaneous / Universal Parts		2025-05-06 09:41:05.202402+02	2025-05-06 09:41:05.202423+02	1
78	1711A-AR1-0003	Inlet Pipe Sym Jet 14		4.00	2.00	400.00	Engine & Transmission		2025-05-06 09:41:54.094547+02	2025-05-06 09:41:54.094569+02	1
79	17910-XRA-0000	Throttle Cable Comp Jet 14		4.00	1.00	300.00	Controls and Cables		2025-05-06 09:43:59.529803+02	2025-05-06 09:43:59.529827+02	1
80	31600-N7F-0001	Regulator Rec Comp Jet14		1.00	1.00	50.00	Electrical Components		2025-05-06 09:44:54.619405+02	2025-05-06 09:44:54.619427+02	1
81	90108-Z7C-0101	Side Stand Bolt Xpro125		3.00	1.00	50.00	Frame and Body		2025-05-06 09:46:36.890682+02	2025-05-06 09:46:36.890705+02	1
82	94030-08040	Hex NUT 8mm		3.00	1.00	30.00	Miscellaneous / Universal Parts		2025-05-06 09:47:07.3958+02	2025-05-06 09:47:07.395821+02	1
83	50535-Z7C-0002	Spring stand xpro125		2.00	1.00	50.00	Frame and Body		2025-05-06 09:47:59.89807+02	2025-05-06 09:47:59.898096+02	1
84	38300-T40-0101	Winker Relay Jet 14		1.00	0.00	300.00	Lighting and Indicators		2025-05-06 09:49:14.233734+02	2025-05-06 09:49:14.233757+02	1
85	53104-ZBC-0000	Handle Pipe Wt Jet14		1.00	0.00	50.00	Frame and Body		2025-05-06 09:49:47.513094+02	2025-05-06 09:49:47.513114+02	1
86	14711-F8A-0000	Intake Valve Jet14		3.00	1.00	60.00	Engine & Transmission		2025-05-06 09:50:56.11066+02	2025-05-06 09:50:56.110692+02	1
87	14721-F8A-0000	Exhaust Valve Jet 14		3.00	1.00	70.00	Engine & Transmission		2025-05-06 09:51:23.669093+02	2025-05-06 09:51:23.669124+02	1
88	12209-H6B-9000	Valve Stem Seal Jet 14		3.00	1.00	20.00	Engine & Transmission		2025-05-06 09:51:54.971641+02	2025-05-06 09:51:54.971669+02	1
89	35111-XGA-0001	Key blank Jet14		5.00	1.00	200.00	Locks and Security		2025-05-06 09:52:47.129684+02	2025-05-06 09:52:47.129707+02	1
90	1690A-XRA-0002	Fuel strainer Jet 14		3.00	1.00	120.00	Fuel System		2025-05-06 09:53:25.793309+02	2025-05-06 09:53:25.793333+02	1
91	44601-LEA-000-KB1	FR Cast Wheel Comp B Citicom30i		1.00	0.00	100.00	Wheels and Tires		2025-05-06 09:53:55.407432+02	2025-05-06 09:53:55.407459+02	1
92	44830-XDE-0002	Sensor Crox 125		2.00	1.00	300.00	Electrical Components		2025-05-06 09:56:35.130861+02	2025-05-06 09:56:35.130882+02	1
93	53104-N02-000	Handle Pipe Wt Assy GTS300i		1.00	0.00	80.00	Frame and Body		2025-05-06 09:57:02.632078+02	2025-05-06 09:57:02.632107+02	1
94	81141-X8A-0100	Inner Box Lid		3.00	1.00	300.00	Frame and Body		2025-05-06 09:57:44.331085+02	2025-05-06 09:57:44.331113+02	1
95	50530-X8A-0002	Side Stand Comp Jet 14		2.00	1.00	800.00	Frame and Body		2025-05-06 09:58:21.402971+02	2025-05-06 09:58:21.402994+02	1
96	18000-X9C-0002-K	Exhaust Muffler Assy		3.00	1.00	300.00	Frame and Body		2025-05-06 09:58:48.344813+02	2025-05-06 09:58:48.344835+02	1
97	14523-Z8G-0000	Gasket-tens Xpro125		1.00	0.00	30.00	Engine & Transmission		2025-05-06 10:02:58.489471+02	2025-05-06 10:02:58.489493+02	1
98	44601-X8A-0001	Fr Wheel Jet 14		2.00	0.00	900.00	Wheels and Tires		2025-05-06 10:03:44.128557+02	2025-05-06 10:03:44.128578+02	1
99	42601-X9A-0002	RR Cast Wheel Jet14		2.00	0.00	900.00	Wheels and Tires		2025-05-06 10:04:07.29121+02	2025-05-06 10:04:07.29123+02	1
100	95801-08045-04	Flange Bolt 845		3.00	0.00	10.00	Miscellaneous / Universal Parts		2025-05-06 10:04:35.016433+02	2025-05-06 10:04:35.016454+02	1
101	95801-08035-07	Flange Bolt M8x35		3.00	0.00	10.00	Miscellaneous / Universal Parts		2025-05-06 10:04:58.176295+02	2025-05-06 10:04:58.176315+02	1
102	22131-M92-0003	Ramp Plate		4.00	1.00	300.00	Engine & Transmission		2025-05-06 10:05:31.71597+02	2025-05-06 10:05:31.715991+02	1
103	2211A-ARA-0002	Face-Drive Xpro125		5.00	1.00	120.00	Engine & Transmission		2025-05-06 10:06:05.065674+02	2025-05-06 10:06:05.065703+02	1
104	81132-X8A-0000	Luggage Hook		3.00	1.00	50.00	Frame and Body		2025-05-06 10:06:31.708581+02	2025-05-06 10:06:31.708612+02	1
105	43500-ARB-0100	Rr M/c Ass Y Jet14		1.00	0.00	100.00	Frame and Body		2025-05-06 10:07:32.640969+02	2025-05-06 10:07:32.641182+02	1
106	45500-AAA-0002	Fr MIC Xpro125		1.00	0.00	100.00	Frame and Body		2025-05-06 10:07:52.816851+02	2025-05-06 10:07:52.81688+02	1
107	22300-L3D-000	Drive Plate Assy GTS300I		4.00	0.00	600.00	Engine & Transmission		2025-05-06 10:08:32.168287+02	2025-05-06 10:08:32.168316+02	1
108	1137A-HMA-000	Bearing Stay Collar GTS300I		2.00	0.00	50.00	Engine & Transmission		2025-05-06 10:08:54.599044+02	2025-05-06 10:08:54.599065+02	1
109	96150-60060-10	Radial Ball Bearing GTS300I		2.00	0.00	50.00	Engine & Transmission		2025-05-06 10:09:23.685498+02	2025-05-06 10:09:23.68552+02	1
110	35850-L4A-100	Starter Magnetic SW Citicom300I		3.00	1.00	300.00	Electrical Components		2025-05-06 10:09:53.195256+02	2025-05-06 10:09:53.195278+02	1
111	1565A-LEA-000	Oil Level Guage Assy GTS300I		1.00	0.00	50.00	Engine & Transmission		2025-05-06 10:10:28.25206+02	2025-05-06 10:10:28.252082+02	1
113	43100-LEA-010-RY	RR Caliper Assy R-10 Citicom300I		3.00	0.00	300.00	Brakes		2025-05-06 10:11:26.316871+02	2025-05-06 10:11:26.316893+02	1
114	31200-HMA-100	Start Motor Assy		1.00	0.00	200.00	Engine & Transmission		2025-05-06 10:12:29.955224+02	2025-05-06 10:12:29.955253+02	1
115	8375G-LHA-000-QU	RR Center Cover Assy Citycom		1.00	0.00	80.00	Frame and Body		2025-05-06 10:13:06.698077+02	2025-05-06 10:13:06.6981+02	1
117	22300-ANT-0001	Plate Xpro125		2.00	0.00	120.00	Engine & Transmission		2025-05-06 10:14:07.124182+02	2025-05-06 10:14:07.124211+02	1
118	95003-23032-60	V Tube Gts300efi		2.00	0.00	30.00	Cooling System		2025-05-06 10:15:55.753642+02	2025-05-06 10:15:55.753669+02	1
119	33100-X8A-0001	Headlight Assy Jet14		1.00	0.00	1900.00	Lighting and Indicators		2025-05-06 10:16:55.432802+02	2025-05-06 10:16:55.432833+02	1
120	67100-X8A-0000	Wind Screen Jet14		1.00	0.00	600.00	Frame and Body		2025-05-06 10:17:23.949623+02	2025-05-06 10:17:23.949644+02	1
121	61100-X8A-0001-K	FR Fender Jet 14		1.00	0.00	1200.00	Frame and Body		2025-05-06 10:18:06.013404+02	2025-05-06 10:18:06.013427+02	1
122	64303-X8A-0000	Head Light Lower Cover Jet14		1.00	0.00	60.00	Frame and Body		2025-05-06 10:18:35.256798+02	2025-05-06 10:18:35.256819+02	1
123	2301A-ANT-0005	Pully Jet 14		1.00	0.00	600.00	Engine & Transmission		2025-05-06 10:19:00.095022+02	2025-05-06 10:19:00.095051+02	1
124	91256-LEA-000	Dust Oil Seal		4.00	0.00	30.00	Engine & Transmission		2025-05-06 10:19:34.744678+02	2025-05-06 10:19:34.744696+02	1
125	91255-LEA-000	Oil Seal Citicom 300		4.00	0.00	30.00	Engine & Transmission		2025-05-06 10:20:03.481216+02	2025-05-06 10:20:03.481248+02	1
116	93404-06012-07	Washer Bolt 6*12		15.00	4.00	20.00	Miscellaneous / Universal Parts		2025-05-06 10:13:38.874667+02	2025-05-14 15:53:36.972206+02	1
126	45121-LEA-000-SO	FR Brake Disks-421 Citycom		1.00	0.00	400.00	Brakes		2025-05-06 10:21:03.195024+02	2025-05-06 10:21:03.195046+02	1
127	28233-M92-0001	Driven-Kick Xpro 123		2.00	0.00	200.00	Frame and Body		2025-05-06 10:21:31.228176+02	2025-05-06 10:21:31.228204+02	1
128	91201-M9Q-3000-M2	Oil Seal		1.00	0.00	30.00	Engine & Transmission		2025-05-06 10:21:57.874753+02	2025-05-06 10:21:57.874793+02	1
129	2812A-XJA-0000	Starter Clutch Outer Assy		1.00	0.00	200.00	Engine & Transmission		2025-05-06 10:22:20.427184+02	2025-05-06 10:22:20.427211+02	1
130	90034-HMA-000	Special Stud Bolt 8		2.00	0.00	50.00	Miscellaneous / Universal Parts		2025-05-06 10:25:45.469494+02	2025-05-06 10:25:45.469519+02	1
131	90103-KN8-000	Special Bolt 8MM		5.00	0.00	50.00	Miscellaneous / Universal Parts		2025-05-06 10:26:13.732585+02	2025-05-06 10:26:13.732612+02	1
132	90474-333-000-KD	Washer Xpro		5.00	2.00	10.00	Miscellaneous / Universal Parts		2025-05-06 10:26:47.240428+02	2025-05-06 10:26:47.240448+02	1
133	90043-XB1-0000	Cap Nut 8mm		2.00	0.00	50.00	Miscellaneous / Universal Parts		2025-05-06 10:27:15.154942+02	2025-05-06 10:27:15.154963+02	1
135	MCT-YTX7A-BS	Battery Auto-X		5.00	3.00	800.00	Electrical Components		2025-05-06 10:28:44.934208+02	2025-05-06 10:28:44.934231+02	1
136	90202-M9Q-000	Special Nut 28 mm		2.00	0.00	80.00	Miscellaneous / Universal Parts		2025-05-06 10:29:16.499241+02	2025-05-06 10:29:16.499276+02	1
137	91003-M8Q-0000	Radial Ball Bearing		2.00	0.00	50.00	Engine & Transmission		2025-05-06 10:29:41.197184+02	2025-05-06 10:29:41.197205+02	1
138	91104-KN7-6700-M1	Radial Ball Bearing		2.00	0.00	50.00	Engine & Transmission		2025-05-06 10:30:09.738883+02	2025-05-06 10:30:09.738905+02	1
139	91202-KJ9-0030-M1	Seal-Oil Xpro125		2.00	0.00	20.00	Engine & Transmission		2025-05-06 10:30:34.447746+02	2025-05-06 10:30:34.447775+02	1
140	96100-63013-00	Radial Ball Bearing  630		4.00	0.00	50.00	Engine & Transmission		2025-05-06 10:30:57.568455+02	2025-05-06 10:30:57.568476+02	1
141	96100-62033-10	Radial Ball Bearing  6203 c3		2.00	0.00	50.00	Engine & Transmission		2025-05-06 10:31:20.251768+02	2025-05-06 10:31:20.251799+02	1
142	96150-62050-10	Radial Ball Bearing 6205LLU		2.00	0.00	50.00	Engine & Transmission		2025-05-06 10:31:51.739186+02	2025-05-06 10:31:51.739217+02	1
143	91203-A6A-0000	Seal-Oil Xpro125		2.00	0.00	50.00	Engine & Transmission		2025-05-06 10:32:17.429735+02	2025-05-06 10:32:17.429755+02	1
144	23420-Z7P-0100-M1	Counter Shaft Jet14		2.00	0.00	200.00	Engine & Transmission		2025-05-06 10:32:40.822658+02	2025-05-06 10:32:40.822677+02	1
145	12391-F8A-0001	Head Cover Packing Jet14		3.00	0.00	120.00	Engine & Transmission		2025-05-06 10:33:10.560434+02	2025-05-06 10:33:10.560463+02	1
146	14751-ARA-0000	Valve Spring		2.00	0.00	30.00	Engine & Transmission		2025-05-06 10:33:37.996101+02	2025-05-06 10:33:37.996131+02	1
147	14771-F6C-A000	Retainer Xpro125		6.00	0.00	20.00	Engine & Transmission		2025-05-06 10:34:03.188241+02	2025-05-06 10:34:03.18826+02	1
148	35340-ARB-0000	LH stop Switch		4.00	0.00	50.00	Lighting and Indicators		2025-05-06 10:34:47.465447+02	2025-05-06 10:34:47.465476+02	1
112	11344-HMA-000	L Side Cover Element GTS300I		1.00	0.00	100.00	Frame and Body		2025-05-06 10:10:58.771393+02	2025-05-08 07:09:08.195498+02	1
134	384-BTX7A-BS	Battery Motorsport		1.00	0.00	429.00	Electrical Components		2025-05-06 10:28:03.415966+02	2025-05-12 12:52:33.061732+02	1
150	31120-F6N-0000	Stator Jet14		0.00	1.00	1460.93	Engine & Transmission		2025-05-15 21:07:38.676738+02	2025-05-15 21:07:38.676759+02	1
151	95801-08040-00	Flange Bolt 8*40		1.00	1.00	19.58	Miscellaneous / Universal Parts		2025-05-15 21:09:19.412309+02	2025-05-15 21:11:32.589959+02	1
14	43105-ARB-000-A-9	Brake Pads RR		22.00	5.00	140.00	Brakes		2025-05-05 23:33:50.092617+02	2025-05-23 12:29:24.198005+02	1
8	172-ADB-0000	Air Filter Element		11.00	5.00	111.80	Consumables and Accessories		2025-05-05 23:25:15.716942+02	2025-05-23 12:33:00.918246+02	1
149	130460	Engine Oil		37.60	5.00	560.00	Lubricants & Fluids		2025-05-08 21:19:11.904303+02	2025-05-23 20:10:24.288242+02	2
\.


--
-- Data for Name: inventory_purchase; Type: TABLE DATA; Schema: public; Owner: scooteruser
--

COPY public.inventory_purchase (id, invoice_number, invoice_date, due_date, status, total_amount, amount_paid, notes, date_created, date_updated, created_by_id, supplier_id, store_id) FROM stdin;
2	10IPAAY9965	2025-05-08	2025-05-08	paid	1800.00	0.00		2025-05-08 21:19:50.045499+02	2025-05-10 12:48:11.428965+02	1	4	\N
4	10AIPAAZ0950	2025-05-13	2025-05-29	paid	6987.95	6987.95		2025-05-15 21:04:48.125991+02	2025-05-15 21:11:32.529387+02	1	1	\N
\.


--
-- Data for Name: inventory_purchaseitem; Type: TABLE DATA; Schema: public; Owner: scooteruser
--

COPY public.inventory_purchaseitem (id, description, quantity, unit_price, part_id, purchase_id, scooter_id, store_id) FROM stdin;
2	Engine Oil	50.00	560.00	149	2	\N	2
3	brake pads	20.00	140.16	14	4	\N	1
4	air filter	5.00	111.80	8	4	\N	1
5	start mag sw	5.00	191.70	44	4	\N	1
6	drive belt	5.00	996.52	9	4	\N	1
7	flange bolt	1.00	19.58	151	4	\N	1
\.


--
-- Data for Name: inventory_scooter; Type: TABLE DATA; Schema: public; Owner: scooteruser
--

COPY public.inventory_scooter (id, vin, make, model, year, color, status, hourly_rate, daily_rate, purchase_date, purchase_price, mileage, last_maintenance, notes, date_created, date_updated, store_id, license_number, supplier_id, category_id, category) FROM stdin;
12	LXMXCA501NX026504	Sym	Jet 14 200	2023	White	available	25.00	100.00	2023-06-02	30779.00	32566	2025-05-16		2025-05-09 10:06:34.967184+02	2025-05-16 11:49:17.408064+02	1	LD 90 DT GP	\N	\N	B
15	LXMXCA501MX025160	Sym	Jet 14 200	2022	White	available	25.00	100.00	2022-11-14	30779.00	39016	\N		2025-05-12 12:20:21.993346+02	2025-05-22 17:29:24.364329+02	1	KL 21 XD GP	\N	\N	B
21	LXMXCA501MX024483	Sym	Jet 14 200	2022	White	available	25.00	100.00	2022-11-21	30775.00	31168	2025-05-23		2025-05-13 10:34:56.528396+02	2025-05-23 11:04:32.107067+02	1	KP 13 TB GP	\N	\N	B
26	LXMXCA501NX022967	Sym	Jet 14 200	2022	White	available	25.00	400.00	2022-10-20	30775.00	47597	2025-02-03		2025-05-13 10:50:59.724124+02	2025-05-15 07:55:32.499396+02	1	KS 92 GD GP	\N	\N	B
27	LXMXCA501NX021501	Sym	Jet 14 200	2022	White	available	25.00	400.00	2022-10-28	30775.00	21044	2025-04-16		2025-05-13 10:55:32.309347+02	2025-05-15 07:55:45.701605+02	1	KR 93 JM GP	\N	\N	B
28	LXMXCA501MX024485	Sym	Jet 14 200	2022	White	available	25.00	400.00	2022-11-02	30775.00	12483	2025-04-15		2025-05-13 10:59:35.404545+02	2025-05-15 07:55:59.435644+02	1	KP 09 XM GP	\N	\N	B
9	LXMXCA501RXA35882	Sym	Jet 14 200	2023	White	available	25.00	100.00	2025-04-01	30779.00	0	2025-04-01		2025-05-08 10:07:17.503582+02	2025-05-15 07:58:12.16571+02	1	MG 15 XL GP	\N	\N	B
14	LXMXCA501PX020384	Sym	Jet 14 200	2023	White	available	25.00	100.00	2024-06-25	30779.00	33514	2025-05-12		2025-05-12 12:03:59.974763+02	2025-05-15 07:56:35.381021+02	1	LL 14 DL GP	\N	\N	B
22	LXMXCA501MX024492	Sym	Jet 14 200	2022	White	available	100.00	100.00	2022-11-02	30775.00	12111	2025-05-20		2025-05-13 10:39:20.870625+02	2025-05-20 21:04:36.974211+02	1	KP 13 SB GP	\N	\N	B
5	LXMXCA501MX023518	Sym	Jet 14 200	2023	White	available	25.00	650.00	2023-01-07	30779.00	44882	2025-05-07		2025-05-07 20:26:44.546692+02	2025-05-15 07:57:09.536344+02	1	KF 56 XK GP	\N	\N	B
13	RFGLLA700NS700236	Sym	Citycom 300	2022	White	available	50.00	120.00	2022-10-26	70000.00	77975	2025-05-12		2025-05-12 11:47:29.520956+02	2025-05-15 07:57:51.405991+02	1	KP87PJGP	\N	\N	C
8	LXMXCA501RXA35901	Sym	Jet 14 200	2023	White	available	25.00	100.00	2025-04-01	30779.00	0	2025-04-01		2025-05-08 10:05:29.886307+02	2025-05-15 07:58:21.358622+02	1	MG 15 TV GP	\N	\N	B
6	LXMXCA501RXA35906	Sym	Jet 14 200	2023	White	available	25.00	100.00	2025-04-01	30779.00	0	2025-04-01		2025-05-08 10:00:32.484575+02	2025-05-15 07:58:29.977031+02	1	MG 15 RP GP	\N	\N	B
7	LXMXCA501RXA35903	Sym	Jet 14 200	2023	White	available	25.00	100.00	2025-04-01	30779.00	0	2025-04-01		2025-05-08 10:02:35.264864+02	2025-05-15 07:58:38.679052+02	1	MG 15 PN GP	\N	\N	B
29	LXMXCA501MX025164	Sym	Jet 14 200	2022	White	available	25.00	400.00	2022-11-09	30775.00	32795	2024-12-09		2025-05-13 11:46:10.365731+02	2025-05-15 07:58:47.453752+02	1	KL 21 SP GP	\N	\N	B
30	LXMXCA501MX024518	Sym	Jet 14 200	2022	White	available	25.00	400.00	2022-10-21	30779.00	41349	2025-04-24		2025-05-13 11:49:12.122981+02	2025-05-15 07:58:55.146637+02	1	KL 21 TT GP	\N	\N	B
31	LXMXCA501NX021483	Sym	Jet 14 200	2022	White	available	25.00	400.00	2022-12-20	30775.00	45048	2025-05-02		2025-05-13 11:51:22.283187+02	2025-05-15 07:59:02.527159+02	1	KS 93 ZW GP	\N	\N	B
40	LXMXCA501RXA30428	Sym	Jet 14 200	2023	White	available	25.00	400.00	2024-12-13	30775.00	4444	2025-05-22		2025-05-13 12:23:59.922266+02	2025-05-22 22:29:06.948287+02	1	MB 96 XY GP	\N	\N	B
1	LXMXCA501RXA35862	Sym	Jet 14 200	2023	White	available	20.00	100.00	2025-04-01	30779.00	0	2025-04-01		2025-05-05 21:16:25.43611+02	2025-05-15 07:59:16.917692+02	1	MB 15 SB GP	\N	\N	B
32	LXMXCA501NX022992	Sym	Jet 14 200	2022	White	available	25.00	400.00	2022-10-13	30775.00	30085	2025-02-27		2025-05-13 11:53:27.324978+02	2025-05-15 07:59:24.697228+02	1	KS 92 GW GP	\N	\N	B
33	LXMXCA501NX022993	Sym	Jet 14 200	2002	White	available	25.00	400.00	2022-10-19	30779.00	45011	2025-03-27		2025-05-13 11:55:41.511881+02	2025-05-15 07:59:31.860026+02	1	KS 28 HS GP	\N	\N	B
17	LXMXCA501PX020386	Sym	Jet 14 200	2023	White	available	25.00	100.00	2024-06-25	30775.00	5400	2025-05-12		2025-05-12 15:04:58.765628+02	2025-05-15 07:59:40.289959+02	1	LV 14 HZ GP	\N	\N	B
16	LXMXCA501MX024488	Sym	Jet 14 200	2023	White	available	25.00	100.00	2023-01-18	30779.00	20635	2025-05-12		2025-05-12 14:15:51.437705+02	2025-05-15 07:59:48.076625+02	1	KP 13 SM GP	\N	\N	B
34	LXMXCA501NX022994	Sym	Jet 14 200	2022	White	available	25.00	400.00	2022-10-18	30775.00	42083	2025-04-16		2025-05-13 11:57:53.916279+02	2025-05-15 07:59:55.30404+02	1	KS 28 KK GP	\N	\N	B
18	LXMXCA501NX022973	Sym	Jet 14 200	2022	White	available	25.00	100.00	2022-10-12	30775.00	38286	2025-05-13		2025-05-13 10:18:38.306852+02	2025-05-15 08:00:03.343348+02	1	KS 28 KZ GP	\N	\N	B
19	LXMXCA501MX024486	Sym	Jet 14 200	2022	White	available	25.00	100.00	2022-11-01	30775.00	23989	2024-11-28		2025-05-13 10:30:23.162061+02	2025-05-15 08:00:11.347376+02	1	KP 13 YT GP	\N	\N	B
20	LXMXCA501MX024462	Sym	Jet 14 200	2022	White	available	25.00	100.00	2022-12-05	30775.00	35973	2025-04-09		2025-05-13 10:32:40.992422+02	2025-05-15 08:00:18.612219+02	1	KP 13 ZF GP	\N	\N	B
23	LXMXCA501MX024528	Sym	Jet 14 200	2022	White	available	25.00	100.00	2022-11-18	30775.00	32025	2025-02-27		2025-05-13 10:41:29.360727+02	2025-05-15 08:00:47.922897+02	1	KP 13 RN GP	\N	\N	B
24	LXMXCA501NX022989	Sym	Jet 14 200	2022	White	available	25.00	400.00	2022-10-28	30775.00	38718	2025-03-24		2025-05-13 10:46:09.858338+02	2025-05-15 08:00:58.346955+02	1	KS 92 FC GP	\N	\N	B
25	LXMXCA501NXA20126	Sym	Jet 14 200	2022	White	available	25.00	400.00	2022-10-26	30775.00	23851	2025-03-25		2025-05-13 10:48:45.570845+02	2025-05-15 08:01:06.226933+02	1	KS 49 PK GP	\N	\N	B
35	LXMXCA501NX022987	Sym	Jet 14 200	2022	White	available	25.00	400.00	2022-10-28	30775.00	42419	2025-04-29		2025-05-13 12:00:33.487892+02	2025-05-15 08:01:14.17204+02	1	KS 45 FR GP	\N	\N	B
36	RFGLLA702LSA00815	Sym	Citycom 300	2022	White	available	40.00	600.00	2022-10-25	79995.00	41913	2024-10-15		2025-05-13 12:09:19.781542+02	2025-05-15 08:01:21.329463+02	1	CAA 43 98 39	\N	\N	B
37	LXMXCA501PXA21914	Sym	Jet 14 200	2023	White	available	25.00	400.00	2024-02-19	30775.00	39119	\N		2025-05-13 12:15:49.170734+02	2025-05-15 08:01:28.157366+02	1	LP 28 SG GP	\N	\N	B
38	LXMXCA501PXA21932	Sym	Jet 14 200	2023	White	available	25.00	400.00	2023-11-27	30775.00	9030	2025-04-22		2025-05-13 12:18:52.417038+02	2025-05-15 08:01:41.014616+02	1	LL 74 SX GP	\N	\N	B
39	LXMXCA501PXA21936	Sym	Jet 14 200	2023	White	available	25.00	400.00	2024-02-19	30775.00	23801	\N		2025-05-13 12:21:06.282+02	2025-05-15 08:01:47.50379+02	1	LP 28 RX GP	\N	\N	B
41	LXMXCA501RXA35850	Sym	Jet 14 200	2023	White	available	25.00	400.00	2024-12-13	30775.00	3006	2025-02-27		2025-05-13 12:29:46.651512+02	2025-05-15 08:02:00.52082+02	1	MB 96 ZX GP	\N	\N	B
42	LXMXCA501RXA35851	Sym	Jet 14 200	2023	White	available	25.00	400.00	2024-12-13	30775.00	3024	2025-04-09		2025-05-13 12:31:12.4208+02	2025-05-15 08:02:07.159027+02	1	MB 96 XT GP	\N	\N	B
43	LXMXCA501RXA35846	Sym	Jet 14 200	2023	White	available	25.00	400.00	2024-12-13	30775.00	9125	2025-04-30		2025-05-13 12:32:49.543186+02	2025-05-15 08:02:14.903911+02	1	MB 96 YT GP	\N	\N	B
44	LXMXCA501RXA35844	Sym	Jet 14 200	2023	White	available	25.00	400.00	2024-12-13	30775.00	3166	2025-04-03		2025-05-13 12:34:38.237491+02	2025-05-15 08:02:21.290889+02	1	MB 96 WY GP	\N	\N	B
45	LXMXCA501RXA30421	Sym	Jet 14 200	2023	White	available	25.00	400.00	2024-12-13	30775.00	3187	2025-03-05		2025-05-13 12:36:54.228247+02	2025-05-15 08:02:28.075325+02	1	MB 96 YF GP	\N	\N	B
11	LXMXCA501PX020390	Sym	Jet 14 200	2024	White	maintenance	25.00	450.00	2024-06-25	30779.00	7886	2025-04-08		2025-05-09 09:56:30.169421+02	2025-05-15 09:48:23.567118+02	1	LV 14 CT GP	\N	\N	B
10	LXMXCA501RXA35845	Sym	Jet 14 200	2023	White	available	25.00	100.00	2025-04-01	30779.00	0	2025-04-01		2025-05-08 10:09:31.39539+02	2025-05-15 07:58:01.649198+02	1	MG 15 WR GP	\N	\N	B
46	LXMXCA501RXA35854	Sym	Jet 14 200	2023	White	available	25.00	400.00	2024-12-13	30775.00	6081	2025-04-03		2025-05-13 12:38:34.123366+02	2025-05-15 09:50:32.279802+02	1	MB 96 XF GP	\N	\N	B
47	LXMXCA501PXA21918	Sym	Jet 14 200	2023	White	available	25.00	400.00	2024-12-13	30775.00	8972	2025-04-01		2025-05-14 15:50:47.360817+02	2025-05-15 09:50:44.465796+02	1	LV 14 LL GP	\N	\N	B
48	LXMXCA501RXA35905	Sym	Jet 14 200	2024	White	available	25.00	400.00	2025-02-13	30775.00	1080	2025-05-16		2025-05-16 17:34:16.53836+02	2025-05-19 09:14:47.016508+02	1	MG 15 TC GP	\N	\N	B
49	LXMXCA501RXA35877	Sym	Jet 14 200	2023	White	available	25.00	400.00	2025-04-01	30775.00	0	2025-04-01		2025-05-19 09:34:55.17926+02	2025-05-19 09:34:55.17928+02	1	MG 15 WB GP	\N	\N	B
50	LXMXCA501PX020380	Sym	Jet 14 200	2023	White	available	25.00	400.00	2024-06-25	30775.00	15640	2025-04-10		2025-05-19 09:37:27.254695+02	2025-05-19 09:37:27.254715+02	1	LV 14 GZ GP	\N	\N	B
51	LXMXCA501PX020396	Sym	Jet 14 200	2023	White	available	25.00	400.00	2024-06-25	30775.00	12065	2025-01-16		2025-05-19 09:39:39.932534+02	2025-05-19 09:39:39.93256+02	1	LV 14 BV GP	\N	\N	B
53	LXMXCA501RXA35867	Sym	Jet 14 200	2023	White	available	25.00	400.00	2025-02-25	30775.00	0	2025-02-25		2025-05-19 09:47:34.290663+02	2025-05-19 09:47:34.290685+02	1	MF 41 CS GP	\N	\N	B
57	LXMXCA501MX023519	Sym	Jet 14 200	2023	White	available	25.00	400.00	2024-06-25	30775.00	12083	2025-03-05		2025-05-19 09:54:43.187371+02	2025-05-19 09:54:43.1874+02	1	LV 14 GB GP	\N	\N	B
52	LXMXCA501RXA35909	Sym	Jet 14 200	2023	White	available	25.00	400.00	2025-04-01	30775.00	0	2025-05-20		2025-05-19 09:46:04.566374+02	2025-05-20 21:07:01.540657+02	1	MG 15 SK GP	\N	\N	B
58	LXMXCA501RXA35907	Sym	Jet 14 200	2023	White	available	25.00	400.00	2025-04-01	30775.00	0	2025-05-20		2025-05-19 09:56:38.900562+02	2025-05-20 21:08:08.153197+02	1	MG 15 TK GP	\N	\N	B
54	LXMXCA501RXA28093	Sym	Jet 14 200	2023	White	available	25.00	400.00	2024-06-25	30775.00	21459	2025-04-23		2025-05-19 09:49:43.51438+02	2025-05-22 10:33:38.564304+02	1	LV 14 MH GP	\N	\N	B
55	LXMXCA501RXA28095	Sym	Jet 14 200	2023	White	available	25.00	400.00	2024-06-25	30775.00	6019	2025-04-16		2025-05-19 09:51:09.969848+02	2025-05-22 10:34:59.860018+02	1	LV 14 KR GP	\N	\N	B
59	LXMXCA501NX021477	Sym	Jet 14 200	2023	White	available	25.00	400.00	2022-12-15	30775.00	48944	2025-05-07		2025-05-22 15:19:54.257728+02	2025-05-22 15:19:54.257751+02	1	KR 93 JV GP	\N	\N	B
4	LXMXCA501PX020331	Sym	Jet 14 200	2023	White	available	25.00	650.00	2023-11-27	30779.00	26300	2025-05-22		2025-05-07 20:09:10.565414+02	2025-05-22 22:08:56.971036+02	1	LL 74 SS GP	\N	\N	B
56	LXMXCA501RXA28092	Sym	Jet 14 200	2023	White	available	25.00	400.00	2024-06-25	30775.00	9000	2025-05-02		2025-05-19 09:53:15.182802+02	2025-05-23 10:10:21.094196+02	1	LV 14 JV GP	\N	\N	B
\.


--
-- Data for Name: inventory_scootercategory; Type: TABLE DATA; Schema: public; Owner: scooteruser
--

COPY public.inventory_scootercategory (id, category, description, one_day_price, two_to_ten_days_price, eleven_to_twentynine_days_price, thirty_plus_days_price, date_created, date_updated) FROM stdin;
1	A	Sym Orbit 125cc	400.00	300.00	225.00	120.00	2025-05-14 21:58:51.841316+02	2025-05-14 21:58:51.841316+02
2	B	Jet 14 200cc	450.00	350.00	255.00	150.00	2025-05-14 21:58:51.841316+02	2025-05-14 21:58:51.841316+02
3	C	Citycom 300cc	550.00	500.00	350.00	250.00	2025-05-14 21:58:51.841316+02	2025-05-14 21:58:51.841316+02
4	D	Vespa 150/300cc	850.00	600.00	400.00	250.00	2025-05-14 21:58:51.841316+02	2025-05-14 21:58:51.841316+02
\.


--
-- Data for Name: inventory_scootermaintenancehistory; Type: TABLE DATA; Schema: public; Owner: scooteruser
--

COPY public.inventory_scootermaintenancehistory (id, maintenance_date, description, cost, performed_by, mileage_at_service, date_created, scooter_id) FROM stdin;
\.


--
-- Data for Name: inventory_stocktransfer; Type: TABLE DATA; Schema: public; Owner: scooteruser
--

COPY public.inventory_stocktransfer (id, transfer_number, quantity, transfer_date, status, notes, date_created, date_updated, created_by_id, part_id, destination_store_id, source_store_id) FROM stdin;
1	TR01	2.00	2025-05-05	completed		2025-05-05 21:21:00.43953+02	2025-05-05 21:41:51.605604+02	1	1	2	1
\.


--
-- Data for Name: inventory_store; Type: TABLE DATA; Schema: public; Owner: scooteruser
--

COPY public.inventory_store (id, name, location, contact_person, phone, email, is_active, date_created) FROM stdin;
2	Richmond	Johannesburg	Elleck	0837288948	info@richmond.com	t	2025-05-05 21:14:04.578205+02
1	Pencardia	515 Pretorius St, Arcadia, Pretoria, 0007	Trymore	0738650171	trymoremavidze@gmail.com	t	2025-05-05 20:57:16.898016+02
3	Durban	Durban	Hussein	0837288948	mmhussein13@outlook.com	t	2025-05-10 09:56:15.020314+02
\.


--
-- Data for Name: inventory_supplier; Type: TABLE DATA; Schema: public; Owner: scooteruser
--

COPY public.inventory_supplier (id, name, address, contact_person, phone, email, website, account_number, payment_terms, notes, is_active, date_created, date_updated) FROM stdin;
1	KMSA Distributors (Pty) Ltd	15 Spartan Cres, Eastgate Ext3,\r\nJohannesburg, 2144	Chris	0115660333	customercare@kmsa.co.za	https://www.kawasaki.co.za	62333070142	Bank Transfer		t	2025-05-08 18:59:40.444285+02	2025-05-08 18:59:40.444309+02
2	Motosport Distribution (Pty) Ltd	Unit 6, 15 Dawn Road,\r\nMontague Gardens, CT\r\nUnit F8, The Palisades Business Park,\r\n39 Kelly Road, Jet Park,\r\nJohannesburg	Admin	0215553590	admin@motorsport.co.za	https://www.motosport.co.za	62333070142	Bank Transfer		t	2025-05-08 20:15:30.742739+02	2025-05-08 20:15:30.742762+02
3	Pioneer Plastics Supplies	Unit 5A Stand 123 Potgieter Street,\r\nRosslyn,\r\nPretoria	Sales	0125416000	sales@pioneerplastics.co.za	https://www.pioneerplastics.co.za	4570255192	Bank Transfer		t	2025-05-08 20:20:30.114299+02	2025-05-08 20:20:30.11432+02
4	Torq Lubricants	Cnr Hammer and, Spanner Cres, \r\nPhilippi, Cape Town, 7759	Sales	021 448 5564	info@torqlubricants.co.za	https://torqlubricants.co.za/	\N	Bank Transfer		t	2025-05-08 20:26:39.801459+02	2025-05-08 20:26:39.801479+02
\.


--
-- Data for Name: landing_brand; Type: TABLE DATA; Schema: public; Owner: scooteruser
--

COPY public.landing_brand (id, name, slug, description, logo, is_active) FROM stdin;
1	Sym	sym			t
2	Vespa	vespa	Class above Class	brands/vespa_logo.png	t
3	Lambretta	lambretta	Class	brands/lambretta-logo.png	t
\.


--
-- Data for Name: landing_cart; Type: TABLE DATA; Schema: public; Owner: scooteruser
--

COPY public.landing_cart (id, session_id, created_at, updated_at, user_id) FROM stdin;
\.


--
-- Data for Name: landing_cartitem; Type: TABLE DATA; Schema: public; Owner: scooteruser
--

COPY public.landing_cartitem (id, quantity, color, added_at, cart_id, product_id) FROM stdin;
\.


--
-- Data for Name: landing_category; Type: TABLE DATA; Schema: public; Owner: scooteruser
--

COPY public.landing_category (id, name, slug, description, is_active) FROM stdin;
1	Scooters	scooters		t
2	Accessories & Add-ons	accessories-add-ons		t
\.


--
-- Data for Name: landing_product; Type: TABLE DATA; Schema: public; Owner: scooteruser
--

COPY public.landing_product (id, name, slug, description, price, sale_price, image, stock, is_featured, is_active, date_added, date_updated, brand_id, category_id, image_url) FROM stdin;
9	G350 Lambretta	g350-lambretta	Class and Style	215000.00	\N	products/G350-Lambretta.jpg	0	f	t	2025-05-24 08:56:12.036583+02	2025-05-24 10:31:21.35628+02	3	1	\N
8	X-Pro 125	x-pro-125	Sym scooters are engineered to handle greater demands! We carefully evaluated the Orbit II and identified its potential; potential for a custom-built delivery motorcycle. We added a single seat, creating more space for a sizable rear carrier frame, ideal for transporting large delivery boxes. To enhance load capacity, weve strengthened the rear suspension significantly, while still providing all the Sym qualities of efficiency, dependability, functionality, and style. Completing the task has never been simpler.	24995.00	\N	products/XproRED-1.jpg	1	f	t	2025-05-24 08:49:54.461067+02	2025-05-24 10:32:14.176466+02	1	1	\N
2	Citycom 300i	citycom-300i	Citycom 300	79000.00	\N	products/Citycom_300.jpg	0	f	t	2025-05-21 17:43:41.683476+02	2025-05-24 10:37:04.61909+02	1	1	\N
7	Crox 125	crox-125	If having a stylish scooter is your top priority, the Crox 125 is the perfect choice. With its bold design, impressive performance, reliable handling, effective brakes, and exceptional quality, this scooter really stands out on the street. \r\n\r\nIt's the ideal companion for urban adventures, offering all the functionality and ease you desire, along with an eye-catching style that appeals to both the young and the youthful at heart.	23995.00	\N	products/Crox-Black_J4x0357.jpg	1	f	t	2025-05-24 08:47:32.873284+02	2025-05-24 10:33:09.381436+02	1	1	\N
6	Fiddle II 150	fiddle-ii-150	The Fiddle ll 150's timeless design makes it an appealing scooter to have, and its 150cc engine combined with an automatic transmission ensures a smooth riding experience in todays traffic. Overall, its the ideal partner for your city living.	24994.95	\N	products/Fiddle-II.jpg	1	f	t	2025-05-24 08:46:09.849981+02	2025-05-24 10:34:03.213393+02	1	1	\N
5	Joyride 300	joyride-300	The Joyride 300 is equipped with a liquid-cooled engine that delivers a power output of 25.8 and features LED headlights, a digital display, and a keyless ignition system.\r\n\r\nAdditionally, it boasts ample under-seat storage that can hold a full-face helmet, along with extra room for smaller items, plus a USB port to keep your devices charged.	79995.00	\N	products/Joyride-300.png	1	f	t	2025-05-24 08:44:28.843635+02	2025-05-24 10:34:42.915611+02	1	1	\N
4	Orbit II	orbit-ii	Youre youthful, stylish, and eager to carve your own path; the Sym Orbit II is the ride for you. \r\n\r\nIts a vibrant piece of equipment, ready to navigate the urban landscape and take you wherever you want. With its trendy, contemporary design, youll look great, while the lively 125cc engine and robust front disc brake offer the power and control you need to stay ahead of the pack. \r\n\r\nYou could invest more in a scooter, but why bother? The Sym Orbit II provides you with your own freedom!	21995.00	\N	products/Orbit-White.jpg	1	f	t	2025-05-24 08:42:58.799876+02	2025-05-24 10:35:39.765826+02	1	1	\N
3	Vespa GTS 300	vespa-gts-300	Class above class	150000.00	\N	products/vespa_300.jpg	0	f	t	2025-05-24 08:27:48.276658+02	2025-05-24 10:36:33.862678+02	2	1	\N
1	Sym Jet 14	sym-jet-14	Syme Jet 14	35000.00	\N	products/Jet14_200.jpg	0	f	t	2025-05-21 17:41:17.744534+02	2025-05-24 10:37:22.308958+02	1	1	\N
\.


--
-- Data for Name: landing_wishlist; Type: TABLE DATA; Schema: public; Owner: scooteruser
--

COPY public.landing_wishlist (id, created_at, user_id) FROM stdin;
\.


--
-- Data for Name: landing_wishlist_products; Type: TABLE DATA; Schema: public; Owner: scooteruser
--

COPY public.landing_wishlist_products (id, wishlist_id, product_id) FROM stdin;
\.


--
-- Data for Name: service_jobcard; Type: TABLE DATA; Schema: public; Owner: scooteruser
--

COPY public.service_jobcard (id, job_card_number, status, priority, description, mileage, date_created, date_updated, estimated_completion, actual_completion, labor_hours, labor_rate, total_cost, notes, scooter_id, technician_id, previous_scooter_status, store_id) FROM stdin;
2	JC000002	completed	high	Quick Service	600	2025-05-06 01:18:13.224621+02	2025-05-06 01:18:13.495097+02	2025-05-06	2025-05-06	3.00	650.00	2548.00		1	1	\N	\N
12	JC000012	completed	low	Brake pads finished, Serviced the bike at once.	5400	2025-05-12 15:21:06.882877+02	2025-05-12 15:23:00.381682+02	2025-05-12	2025-05-12	1.50	650.00	1824.80		17	3	\N	\N
5	JC000005	completed	medium	Tyre had a slow puncture and also worn out, due for replacement	26119	2025-05-07 20:10:42.583101+02	2025-05-07 20:10:42.814639+02	2025-05-07	2025-05-07	0.50	650.00	1125.00		4	1	\N	\N
1	JC000001	completed	medium	Regular Service	50	2025-05-06 01:03:15.457891+02	2025-05-08 10:16:28.558078+02	2025-05-06	2025-05-06	2.00	0.00	1330.00		1	1	\N	\N
13	JC000013	completed	low	Mileage was reset. 21000km service done	20635	2025-05-12 15:33:05.827162+02	2025-05-12 15:33:05.858512+02	2025-05-12	2025-05-12	1.50	650.00	1723.00		16	3	\N	\N
14	JC000014	completed	urgent	Headlight bulb replacement	38286	2025-05-13 10:20:17.103664+02	2025-05-13 10:21:57.419812+02	2025-05-13	2025-05-13	0.50	650.00	425.00		18	1	\N	\N
6	JC000006	in_progress	high	Issue with starting. (Electrical)	44882	2025-05-07 20:29:04.688092+02	2025-05-10 07:30:14.580946+02	2025-05-07	2025-05-07	1.50	650.00	1723.00		5	1	\N	\N
15	JC000015	pending	medium	Rear Brake Pads worn out	8972	2025-05-14 15:53:36.443274+02	2025-05-14 15:53:37.600791+02	2025-05-13	2025-05-13	1.50	650.00	1583.00		47	1	\N	\N
9	JC000009	completed	low	Due for retirement	77975	2025-05-12 11:58:26.95324+02	2025-05-12 11:58:56.540515+02	2025-05-12	2025-05-12	1.50	650.00	2197.00		13	1	\N	\N
10	JC000010	completed	low	Bike came in overdue by 514km	33514	2025-05-12 12:16:12.58573+02	2025-05-12 12:16:12.619801+02	2025-05-12	2025-05-12	1.50	650.00	1713.00		14	1	\N	\N
26	JC000025	completed	medium	Front Brake replaced	26993	2025-05-22 20:34:15.310908+02	2025-05-22 20:34:15.310931+02	\N	\N	1.50	650.00	0.00		4	1	\N	\N
8	JC000008	completed	low	Came in as a breakdown. Non starter. Battery was flat. \r\nBike not charging the battery while running.	32566	2025-05-09 10:11:45.999653+02	2025-05-16 11:49:17.406243+02	2025-05-11	2025-05-16	25.00	100.00	3058.00		12	1	\N	\N
16	JC000016	pending	low	First service and inspection	1080	2025-05-16 17:36:13.651579+02	2025-05-16 17:36:14.124248+02	2025-05-16	2025-05-16	1.50	650.00	1573.00		48	1	\N	\N
17	JC000017	completed	urgent	Low Power, Carburator air pipe was cracked	12842	2025-05-20 21:04:37.330143+02	2025-05-20 21:04:40.901215+02	2025-05-20	2025-05-20	1.00	650.00	700.00		22	1	\N	\N
18	JC000018	completed	low	First Service and inspection.	996	2025-05-20 21:07:01.62319+02	2025-05-20 21:07:02.550747+02	2025-05-20	2025-05-20	1.50	650.00	1573.00		52	1	\N	\N
19	JC000019	completed	low	First Service and Inspection	1069	2025-05-20 21:08:08.249153+02	2025-05-20 21:08:08.607801+02	2025-05-20	2025-05-20	1.50	650.00	1573.00		58	1	\N	\N
28	JC000026	completed	medium	FF Brake Pads Replaced	26993	2025-05-22 22:08:57.011023+02	2025-05-22 22:08:57.20792+02	2025-05-22	2025-05-22	1.50	650.00	1542.00		4	1	\N	\N
21	JC000020	completed	medium	Front Brake Pads replaced	26993	2025-05-22 15:07:40.832961+02	2025-05-22 15:07:41.213298+02	2025-05-22	2025-05-22	1.50	650.00	1542.00		4	1	\N	\N
22	JC000021	pending	medium	Brake Pads FF replaced	26993	2025-05-22 15:13:23.876147+02	2025-05-22 15:13:23.901706+02	2025-05-22	2025-05-23	1.50	650.00	1542.00		4	1	\N	\N
11	JC000011	completed	medium	Brake disk RR changed. Brake Pads RR still have life	39016	2025-05-12 12:22:43.944717+02	2025-05-22 17:29:24.165431+02	\N	\N	0.00	0.00	1048.00		15	1	\N	\N
23	JC000022	completed	medium	FF Brake Pads replaced	26993	2025-05-22 17:34:38.899952+02	2025-05-22 17:34:38.928006+02	2025-05-22	2025-05-22	1.50	650.00	1542.00		4	1	\N	\N
24	JC000023	completed	medium	FF Brake Pads replaced	26993	2025-05-22 19:12:23.448696+02	2025-05-22 19:12:23.73776+02	2025-05-22	2025-05-22	1.50	650.00	1542.00		4	1	\N	\N
25	JC000024	completed	medium	Front Brake Pads replaced	26993	2025-05-22 20:10:33.990176+02	2025-05-22 20:10:34.092818+02	2025-05-22	2025-05-22	1.50	650.00	1542.00		4	1	\N	\N
29	JC000027	completed	medium	Brake Pads done	6067	2025-05-22 22:29:06.97832+02	2025-05-22 22:29:07.30341+02	2025-05-22	2025-05-22	1.50	6500.00	10599.80		40	1	available	\N
30	JC000028	completed	low	Main Stand Spring replaced	32941	2025-05-23 11:04:32.173053+02	2025-05-23 11:04:32.730382+02	2025-05-23	2025-05-23	1.50	650.00	1463.00		21	1	available	1
\.


--
-- Data for Name: service_jobcarditem; Type: TABLE DATA; Schema: public; Owner: scooteruser
--

COPY public.service_jobcarditem (id, quantity, unit_price, total_price, date_added, job_card_id, part_id) FROM stdin;
2	1.00	130.00	130.00	2025-05-06 01:03:15.529818+02	1	20
3	0.30	500.00	150.00	2025-05-06 01:18:13.464785+02	2	7
4	0.80	560.00	448.00	2025-05-06 01:18:13.492528+02	2	1
9	1.00	800.00	800.00	2025-05-07 20:10:42.791454+02	5	38
10	0.80	560.00	448.00	2025-05-07 20:29:04.750157+02	6	1
11	1.00	300.00	300.00	2025-05-07 20:29:04.755881+02	6	44
13	0.80	560.00	448.00	2025-05-09 10:11:46.119827+02	8	149
14	1.00	20.00	20.00	2025-05-09 10:11:46.125249+02	8	62
15	1.00	70.00	70.00	2025-05-09 10:11:46.135512+02	8	45
16	1.00	150.00	150.00	2025-05-12 11:58:27.183824+02	9	15
17	1.00	150.00	150.00	2025-05-12 11:58:27.293838+02	9	15
18	1.20	560.00	672.00	2025-05-12 11:58:27.29998+02	9	149
19	0.50	500.00	250.00	2025-05-12 11:58:56.536319+02	9	7
20	1.00	150.00	150.00	2025-05-12 12:16:12.607173+02	10	15
21	1.00	140.00	140.00	2025-05-12 12:16:12.61246+02	10	14
22	0.80	560.00	448.00	2025-05-12 12:16:12.61656+02	10	149
23	1.00	600.00	600.00	2025-05-12 12:22:43.964203+02	11	20
24	0.80	560.00	448.00	2025-05-12 12:22:43.971085+02	11	149
25	0.80	560.00	448.00	2025-05-12 15:21:06.973437+02	12	149
26	1.00	140.00	140.00	2025-05-12 15:21:06.979471+02	12	14
27	1.00	111.80	111.80	2025-05-12 15:21:06.984667+02	12	8
28	0.30	500.00	150.00	2025-05-12 15:23:00.377351+02	12	7
29	0.80	560.00	448.00	2025-05-12 15:33:05.846722+02	13	149
30	1.00	300.00	300.00	2025-05-12 15:33:05.85433+02	13	29
31	1.00	100.00	100.00	2025-05-13 10:20:17.483795+02	14	24
32	1.00	140.00	140.00	2025-05-14 15:53:37.088027+02	15	14
33	0.80	560.00	448.00	2025-05-14 15:53:37.310928+02	15	149
34	1.00	20.00	20.00	2025-05-14 15:53:37.487782+02	15	116
35	1.00	20.00	20.00	2025-05-16 11:49:17.197921+02	8	116
36	0.80	560.00	448.00	2025-05-16 17:36:14.114734+02	16	149
37	0.30	500.00	150.00	2025-05-16 17:36:14.121616+02	16	7
38	1.00	50.00	50.00	2025-05-20 21:04:38.542385+02	17	13
39	0.80	560.00	448.00	2025-05-20 21:07:02.339035+02	18	149
40	0.30	500.00	150.00	2025-05-20 21:07:02.50715+02	18	7
41	0.80	560.00	448.00	2025-05-20 21:08:08.435222+02	19	149
42	0.30	500.00	150.00	2025-05-20 21:08:08.523376+02	19	7
43	1.00	119.00	119.00	2025-05-22 15:07:41.03845+02	21	15
44	0.80	560.00	448.00	2025-05-22 15:07:41.210023+02	21	149
45	0.80	560.00	448.00	2025-05-22 15:13:23.894+02	22	149
46	1.00	119.00	119.00	2025-05-22 15:13:23.89914+02	22	15
47	0.80	560.00	448.00	2025-05-22 17:34:38.918841+02	23	149
48	1.00	119.00	119.00	2025-05-22 17:34:38.924654+02	23	15
49	0.80	560.00	448.00	2025-05-22 19:12:23.662012+02	24	149
50	1.00	119.00	119.00	2025-05-22 19:12:23.733815+02	24	15
51	1.00	119.00	119.00	2025-05-22 20:10:34.084262+02	25	15
52	0.80	560.00	448.00	2025-05-22 20:10:34.090161+02	25	149
53	1.00	119.00	119.00	2025-05-22 22:08:57.102391+02	28	15
54	0.80	560.00	448.00	2025-05-22 22:08:57.205343+02	28	1
55	1.00	111.80	111.80	2025-05-22 22:29:07.211788+02	29	8
56	1.00	140.00	140.00	2025-05-22 22:29:07.24407+02	29	14
57	0.30	500.00	150.00	2025-05-22 22:29:07.258149+02	29	7
58	0.80	560.00	448.00	2025-05-22 22:29:07.271684+02	29	1
59	1.00	40.00	40.00	2025-05-23 11:04:32.563666+02	30	30
60	0.80	560.00	448.00	2025-05-23 11:04:32.663914+02	30	1
\.


--
-- Data for Name: service_servicechecklist; Type: TABLE DATA; Schema: public; Owner: scooteruser
--

COPY public.service_servicechecklist (id, item_name, is_checked, notes, date_created, date_updated, job_card_id) FROM stdin;
7	Brake inspection	f		2025-05-06 01:18:13.497227+02	2025-05-06 01:18:13.497248+02	2
8	Battery check	f		2025-05-06 01:18:13.498997+02	2025-05-06 01:18:13.499016+02	2
9	Tire pressure and condition	f		2025-05-06 01:18:13.500496+02	2025-05-06 01:18:13.500514+02	2
10	Lights and signals testing	f		2025-05-06 01:18:13.50171+02	2025-05-06 01:18:13.501728+02	2
11	Electrical system check	f		2025-05-06 01:18:13.503026+02	2025-05-06 01:18:13.503045+02	2
12	Frame and suspension inspection	f		2025-05-06 01:18:13.504498+02	2025-05-06 01:18:13.504558+02	2
1	Brake inspection	t		2025-05-06 01:03:15.534293+02	2025-05-06 07:37:12.149381+02	1
2	Battery check	t		2025-05-06 01:03:15.589462+02	2025-05-06 07:37:12.201552+02	1
3	Tire pressure and condition	t		2025-05-06 01:03:15.591269+02	2025-05-06 07:37:12.203578+02	1
4	Lights and signals testing	f		2025-05-06 01:03:15.592785+02	2025-05-06 07:37:12.205327+02	1
5	Electrical system check	f		2025-05-06 01:03:15.59435+02	2025-05-06 07:37:12.206864+02	1
6	Frame and suspension inspection	f		2025-05-06 01:03:15.59579+02	2025-05-06 07:37:12.208306+02	1
25	Brake inspection	f		2025-05-07 20:10:42.897947+02	2025-05-07 20:10:42.897978+02	5
26	Battery check	f		2025-05-07 20:10:42.940497+02	2025-05-07 20:10:42.940517+02	5
27	Tire pressure and condition	f		2025-05-07 20:10:42.98116+02	2025-05-07 20:10:42.981189+02	5
28	Lights and signals testing	f		2025-05-07 20:10:43.023384+02	2025-05-07 20:10:43.023406+02	5
29	Electrical system check	f		2025-05-07 20:10:43.065403+02	2025-05-07 20:10:43.065426+02	5
30	Frame and suspension inspection	f		2025-05-07 20:10:43.147521+02	2025-05-07 20:10:43.147541+02	5
31	Brake inspection	f		2025-05-07 20:29:04.764311+02	2025-05-07 20:29:04.76439+02	6
32	Battery check	f		2025-05-07 20:29:04.767104+02	2025-05-07 20:29:04.767125+02	6
33	Tire pressure and condition	f		2025-05-07 20:29:04.768451+02	2025-05-07 20:29:04.768468+02	6
34	Lights and signals testing	f		2025-05-07 20:29:04.7697+02	2025-05-07 20:29:04.769717+02	6
35	Electrical system check	f		2025-05-07 20:29:04.771011+02	2025-05-07 20:29:04.77103+02	6
36	Frame and suspension inspection	f		2025-05-07 20:29:04.772417+02	2025-05-07 20:29:04.772443+02	6
43	Brake inspection	f		2025-05-09 10:11:46.139873+02	2025-05-09 10:11:46.139892+02	8
44	Battery check	f		2025-05-09 10:11:46.141684+02	2025-05-09 10:11:46.141704+02	8
45	Tire pressure and condition	f		2025-05-09 10:11:46.142956+02	2025-05-09 10:11:46.142973+02	8
46	Lights and signals testing	f		2025-05-09 10:11:46.149771+02	2025-05-09 10:11:46.149792+02	8
47	Electrical system check	f		2025-05-09 10:11:46.151377+02	2025-05-09 10:11:46.151397+02	8
48	Frame and suspension inspection	f		2025-05-09 10:11:46.152637+02	2025-05-09 10:11:46.15265+02	8
49	Brake inspection	f		2025-05-12 11:58:27.327615+02	2025-05-12 11:58:27.327638+02	9
50	Battery check	f		2025-05-12 11:58:27.397466+02	2025-05-12 11:58:27.397489+02	9
51	Tire pressure and condition	f		2025-05-12 11:58:27.398942+02	2025-05-12 11:58:27.39896+02	9
52	Lights and signals testing	f		2025-05-12 11:58:27.400897+02	2025-05-12 11:58:27.400924+02	9
53	Electrical system check	f		2025-05-12 11:58:27.402307+02	2025-05-12 11:58:27.402331+02	9
54	Frame and suspension inspection	f		2025-05-12 11:58:27.403647+02	2025-05-12 11:58:27.403671+02	9
55	Brake inspection	f		2025-05-12 12:16:12.622055+02	2025-05-12 12:16:12.622077+02	10
56	Battery check	f		2025-05-12 12:16:12.689017+02	2025-05-12 12:16:12.689039+02	10
57	Tire pressure and condition	f		2025-05-12 12:16:12.690479+02	2025-05-12 12:16:12.690496+02	10
58	Lights and signals testing	f		2025-05-12 12:16:12.692032+02	2025-05-12 12:16:12.692054+02	10
59	Electrical system check	f		2025-05-12 12:16:12.693462+02	2025-05-12 12:16:12.69348+02	10
60	Frame and suspension inspection	f		2025-05-12 12:16:12.694768+02	2025-05-12 12:16:12.694787+02	10
61	Brake inspection	f		2025-05-12 12:22:43.976767+02	2025-05-12 12:22:43.976786+02	11
62	Battery check	f		2025-05-12 12:22:43.978555+02	2025-05-12 12:22:43.978574+02	11
63	Tire pressure and condition	f		2025-05-12 12:22:43.979842+02	2025-05-12 12:22:43.979858+02	11
64	Lights and signals testing	f		2025-05-12 12:22:43.981012+02	2025-05-12 12:22:43.981029+02	11
65	Electrical system check	f		2025-05-12 12:22:43.98214+02	2025-05-12 12:22:43.982157+02	11
66	Frame and suspension inspection	f		2025-05-12 12:22:43.983206+02	2025-05-12 12:22:43.98322+02	11
67	Brake inspection	f		2025-05-12 15:21:06.990564+02	2025-05-12 15:21:06.990584+02	12
68	Battery check	f		2025-05-12 15:21:06.99248+02	2025-05-12 15:21:06.992499+02	12
69	Tire pressure and condition	f		2025-05-12 15:21:06.993764+02	2025-05-12 15:21:06.993781+02	12
70	Lights and signals testing	f		2025-05-12 15:21:06.995155+02	2025-05-12 15:21:06.995176+02	12
71	Electrical system check	f		2025-05-12 15:21:06.9982+02	2025-05-12 15:21:06.998285+02	12
72	Frame and suspension inspection	f		2025-05-12 15:21:06.99982+02	2025-05-12 15:21:06.999838+02	12
73	Brake inspection	f		2025-05-12 15:33:05.860309+02	2025-05-12 15:33:05.860331+02	13
74	Battery check	f		2025-05-12 15:33:05.862592+02	2025-05-12 15:33:05.862615+02	13
75	Tire pressure and condition	f		2025-05-12 15:33:05.864304+02	2025-05-12 15:33:05.864324+02	13
76	Lights and signals testing	f		2025-05-12 15:33:05.86572+02	2025-05-12 15:33:05.865738+02	13
77	Electrical system check	f		2025-05-12 15:33:05.866894+02	2025-05-12 15:33:05.866909+02	13
78	Frame and suspension inspection	f		2025-05-12 15:33:05.868015+02	2025-05-12 15:33:05.86803+02	13
79	Brake inspection	f		2025-05-13 10:20:17.698015+02	2025-05-13 10:20:17.69804+02	14
80	Battery check	f		2025-05-13 10:20:18.305585+02	2025-05-13 10:20:18.305609+02	14
81	Tire pressure and condition	f		2025-05-13 10:20:18.347742+02	2025-05-13 10:20:18.347768+02	14
82	Lights and signals testing	f		2025-05-13 10:20:18.36811+02	2025-05-13 10:20:18.368136+02	14
83	Electrical system check	f		2025-05-13 10:20:18.410182+02	2025-05-13 10:20:18.410206+02	14
84	Frame and suspension inspection	f		2025-05-13 10:20:18.452065+02	2025-05-13 10:20:18.452088+02	14
85	Brake inspection	f		2025-05-14 15:53:37.715916+02	2025-05-14 15:53:37.715939+02	15
86	Battery check	f		2025-05-14 15:53:37.978209+02	2025-05-14 15:53:37.978235+02	15
87	Tire pressure and condition	f		2025-05-14 15:53:38.021619+02	2025-05-14 15:53:38.021659+02	15
88	Lights and signals testing	f		2025-05-14 15:53:38.105649+02	2025-05-14 15:53:38.105687+02	15
89	Electrical system check	f		2025-05-14 15:53:38.133652+02	2025-05-14 15:53:38.133678+02	15
90	Frame and suspension inspection	f		2025-05-14 15:53:38.190568+02	2025-05-14 15:53:38.190595+02	15
91	Brake inspection	f		2025-05-16 17:36:14.126716+02	2025-05-16 17:36:14.126737+02	16
92	Battery check	f		2025-05-16 17:36:14.43647+02	2025-05-16 17:36:14.436499+02	16
93	Tire pressure and condition	f		2025-05-16 17:36:14.438148+02	2025-05-16 17:36:14.438166+02	16
94	Lights and signals testing	f		2025-05-16 17:36:14.439967+02	2025-05-16 17:36:14.43999+02	16
95	Electrical system check	f		2025-05-16 17:36:14.441679+02	2025-05-16 17:36:14.441698+02	16
96	Frame and suspension inspection	f		2025-05-16 17:36:14.443453+02	2025-05-16 17:36:14.443476+02	16
97	Brake inspection	f		2025-05-20 21:04:41.188408+02	2025-05-20 21:04:41.188434+02	17
98	Battery check	f		2025-05-20 21:04:41.634735+02	2025-05-20 21:04:41.634769+02	17
99	Tire pressure and condition	f		2025-05-20 21:04:41.802716+02	2025-05-20 21:04:41.802743+02	17
100	Lights and signals testing	f		2025-05-20 21:04:41.836376+02	2025-05-20 21:04:41.836408+02	17
101	Electrical system check	f		2025-05-20 21:04:42.046307+02	2025-05-20 21:04:42.046334+02	17
102	Frame and suspension inspection	f		2025-05-20 21:04:42.248967+02	2025-05-20 21:04:42.249033+02	17
103	Brake inspection	f		2025-05-20 21:07:02.635433+02	2025-05-20 21:07:02.635467+02	18
104	Battery check	f		2025-05-20 21:07:02.720153+02	2025-05-20 21:07:02.720179+02	18
105	Tire pressure and condition	f		2025-05-20 21:07:02.763535+02	2025-05-20 21:07:02.76356+02	18
106	Lights and signals testing	f		2025-05-20 21:07:02.847535+02	2025-05-20 21:07:02.84756+02	18
107	Electrical system check	f		2025-05-20 21:07:02.930613+02	2025-05-20 21:07:02.930634+02	18
108	Frame and suspension inspection	f		2025-05-20 21:07:02.941229+02	2025-05-20 21:07:02.94125+02	18
109	Brake inspection	f		2025-05-20 21:08:08.650532+02	2025-05-20 21:08:08.650554+02	19
110	Battery check	f		2025-05-20 21:08:08.691051+02	2025-05-20 21:08:08.691075+02	19
111	Tire pressure and condition	f		2025-05-20 21:08:08.733007+02	2025-05-20 21:08:08.733031+02	19
112	Lights and signals testing	f		2025-05-20 21:08:08.775387+02	2025-05-20 21:08:08.775409+02	19
113	Electrical system check	f		2025-05-20 21:08:08.859212+02	2025-05-20 21:08:08.859235+02	19
114	Frame and suspension inspection	f		2025-05-20 21:08:08.903287+02	2025-05-20 21:08:08.903321+02	19
115	Brake inspection	f		2025-05-22 15:07:41.21548+02	2025-05-22 15:07:41.215515+02	21
116	Battery check	f		2025-05-22 15:07:41.275889+02	2025-05-22 15:07:41.275915+02	21
117	Tire pressure and condition	f		2025-05-22 15:07:41.277286+02	2025-05-22 15:07:41.277304+02	21
118	Lights and signals testing	f		2025-05-22 15:07:41.278906+02	2025-05-22 15:07:41.278931+02	21
119	Electrical system check	f		2025-05-22 15:07:41.281356+02	2025-05-22 15:07:41.28138+02	21
120	Frame and suspension inspection	f		2025-05-22 15:07:41.282867+02	2025-05-22 15:07:41.282886+02	21
121	Brake inspection	f		2025-05-22 15:13:23.903619+02	2025-05-22 15:13:23.90364+02	22
122	Battery check	f		2025-05-22 15:13:23.905966+02	2025-05-22 15:13:23.905991+02	22
123	Tire pressure and condition	f		2025-05-22 15:13:23.908328+02	2025-05-22 15:13:23.908363+02	22
124	Lights and signals testing	f		2025-05-22 15:13:23.910048+02	2025-05-22 15:13:23.910068+02	22
125	Electrical system check	f		2025-05-22 15:13:23.911501+02	2025-05-22 15:13:23.911519+02	22
126	Frame and suspension inspection	f		2025-05-22 15:13:23.912761+02	2025-05-22 15:13:23.912777+02	22
127	Brake inspection	f		2025-05-22 17:34:38.929942+02	2025-05-22 17:34:38.92996+02	23
128	Battery check	f		2025-05-22 17:34:38.981464+02	2025-05-22 17:34:38.981488+02	23
129	Tire pressure and condition	f		2025-05-22 17:34:38.982931+02	2025-05-22 17:34:38.982952+02	23
130	Lights and signals testing	f		2025-05-22 17:34:38.984261+02	2025-05-22 17:34:38.984279+02	23
131	Electrical system check	f		2025-05-22 17:34:38.985667+02	2025-05-22 17:34:38.985688+02	23
132	Frame and suspension inspection	f		2025-05-22 17:34:38.987018+02	2025-05-22 17:34:38.987036+02	23
133	Brake inspection	f		2025-05-22 19:12:23.739991+02	2025-05-22 19:12:23.740013+02	24
134	Battery check	f		2025-05-22 19:12:23.742685+02	2025-05-22 19:12:23.742704+02	24
135	Tire pressure and condition	f		2025-05-22 19:12:23.743964+02	2025-05-22 19:12:23.743982+02	24
136	Lights and signals testing	f		2025-05-22 19:12:23.745214+02	2025-05-22 19:12:23.745234+02	24
137	Electrical system check	f		2025-05-22 19:12:23.74745+02	2025-05-22 19:12:23.747484+02	24
138	Frame and suspension inspection	f		2025-05-22 19:12:23.749136+02	2025-05-22 19:12:23.749156+02	24
139	Brake inspection	f		2025-05-22 20:10:34.094704+02	2025-05-22 20:10:34.094722+02	25
140	Battery check	f		2025-05-22 20:10:34.097268+02	2025-05-22 20:10:34.097294+02	25
141	Tire pressure and condition	f		2025-05-22 20:10:34.099387+02	2025-05-22 20:10:34.099409+02	25
142	Lights and signals testing	f		2025-05-22 20:10:34.100874+02	2025-05-22 20:10:34.100894+02	25
143	Electrical system check	f		2025-05-22 20:10:34.102242+02	2025-05-22 20:10:34.102265+02	25
144	Frame and suspension inspection	f		2025-05-22 20:10:34.104006+02	2025-05-22 20:10:34.104039+02	25
145	Brake inspection	f		2025-05-22 22:08:57.209765+02	2025-05-22 22:08:57.209783+02	28
146	Battery check	f		2025-05-22 22:08:57.211689+02	2025-05-22 22:08:57.211707+02	28
147	Tire pressure and condition	f		2025-05-22 22:08:57.213043+02	2025-05-22 22:08:57.21306+02	28
148	Lights and signals testing	f		2025-05-22 22:08:57.214386+02	2025-05-22 22:08:57.214403+02	28
149	Electrical system check	f		2025-05-22 22:08:57.215642+02	2025-05-22 22:08:57.215659+02	28
150	Frame and suspension inspection	f		2025-05-22 22:08:57.217237+02	2025-05-22 22:08:57.217255+02	28
151	Brake inspection	f		2025-05-22 22:29:07.278499+02	2025-05-22 22:29:07.278524+02	29
152	Battery check	f		2025-05-22 22:29:07.285896+02	2025-05-22 22:29:07.28592+02	29
153	Tire pressure and condition	f		2025-05-22 22:29:07.287831+02	2025-05-22 22:29:07.287861+02	29
154	Lights and signals testing	f		2025-05-22 22:29:07.289788+02	2025-05-22 22:29:07.28981+02	29
155	Electrical system check	f		2025-05-22 22:29:07.291913+02	2025-05-22 22:29:07.291943+02	29
156	Frame and suspension inspection	f		2025-05-22 22:29:07.293902+02	2025-05-22 22:29:07.293927+02	29
157	Brake inspection	f		2025-05-23 11:04:32.670241+02	2025-05-23 11:04:32.670264+02	30
158	Battery check	f		2025-05-23 11:04:32.707364+02	2025-05-23 11:04:32.70739+02	30
159	Tire pressure and condition	f		2025-05-23 11:04:32.709127+02	2025-05-23 11:04:32.709147+02	30
160	Lights and signals testing	f		2025-05-23 11:04:32.710457+02	2025-05-23 11:04:32.710475+02	30
161	Electrical system check	f		2025-05-23 11:04:32.711968+02	2025-05-23 11:04:32.711991+02	30
162	Frame and suspension inspection	f		2025-05-23 11:04:32.71419+02	2025-05-23 11:04:32.714227+02	30
\.


--
-- Data for Name: users_userprofile; Type: TABLE DATA; Schema: public; Owner: scooteruser
--

COPY public.users_userprofile (id, phone, "position", bio, date_updated, store_id, user_id) FROM stdin;
3				2025-05-21 11:23:13.888828+02	\N	4
5				2025-05-22 14:24:52.165303+02	\N	5
4				2025-05-21 11:23:53.714336+02	1	3
2				2025-05-23 20:38:34.997707+02	2	2
1				2025-05-24 10:43:15.588796+02	\N	1
\.


--
-- Name: analytics_dashboard_id_seq; Type: SEQUENCE SET; Schema: public; Owner: scooteruser
--

SELECT pg_catalog.setval('public.analytics_dashboard_id_seq', 1, false);


--
-- Name: analytics_dashboardwidget_id_seq; Type: SEQUENCE SET; Schema: public; Owner: scooteruser
--

SELECT pg_catalog.setval('public.analytics_dashboardwidget_id_seq', 1, false);


--
-- Name: analytics_reportschedule_id_seq; Type: SEQUENCE SET; Schema: public; Owner: scooteruser
--

SELECT pg_catalog.setval('public.analytics_reportschedule_id_seq', 1, false);


--
-- Name: analytics_reportschedule_recipients_id_seq; Type: SEQUENCE SET; Schema: public; Owner: scooteruser
--

SELECT pg_catalog.setval('public.analytics_reportschedule_recipients_id_seq', 1, false);


--
-- Name: analytics_savedreport_allowed_users_id_seq; Type: SEQUENCE SET; Schema: public; Owner: scooteruser
--

SELECT pg_catalog.setval('public.analytics_savedreport_allowed_users_id_seq', 1, false);


--
-- Name: analytics_savedreport_id_seq; Type: SEQUENCE SET; Schema: public; Owner: scooteruser
--

SELECT pg_catalog.setval('public.analytics_savedreport_id_seq', 1, false);


--
-- Name: auth_group_id_seq; Type: SEQUENCE SET; Schema: public; Owner: scooteruser
--

SELECT pg_catalog.setval('public.auth_group_id_seq', 3, true);


--
-- Name: auth_group_permissions_id_seq; Type: SEQUENCE SET; Schema: public; Owner: scooteruser
--

SELECT pg_catalog.setval('public.auth_group_permissions_id_seq', 162, true);


--
-- Name: auth_permission_id_seq; Type: SEQUENCE SET; Schema: public; Owner: scooteruser
--

SELECT pg_catalog.setval('public.auth_permission_id_seq', 144, true);


--
-- Name: auth_user_groups_id_seq; Type: SEQUENCE SET; Schema: public; Owner: scooteruser
--

SELECT pg_catalog.setval('public.auth_user_groups_id_seq', 4, true);


--
-- Name: auth_user_id_seq; Type: SEQUENCE SET; Schema: public; Owner: scooteruser
--

SELECT pg_catalog.setval('public.auth_user_id_seq', 5, true);


--
-- Name: auth_user_user_permissions_id_seq; Type: SEQUENCE SET; Schema: public; Owner: scooteruser
--

SELECT pg_catalog.setval('public.auth_user_user_permissions_id_seq', 304, true);


--
-- Name: customers_customer_id_seq; Type: SEQUENCE SET; Schema: public; Owner: scooteruser
--

SELECT pg_catalog.setval('public.customers_customer_id_seq', 1, true);


--
-- Name: customers_payment_id_seq; Type: SEQUENCE SET; Schema: public; Owner: scooteruser
--

SELECT pg_catalog.setval('public.customers_payment_id_seq', 2, true);


--
-- Name: customers_paymentmethod_id_seq; Type: SEQUENCE SET; Schema: public; Owner: scooteruser
--

SELECT pg_catalog.setval('public.customers_paymentmethod_id_seq', 1, true);


--
-- Name: customers_rental_id_seq; Type: SEQUENCE SET; Schema: public; Owner: scooteruser
--

SELECT pg_catalog.setval('public.customers_rental_id_seq', 3, true);


--
-- Name: customers_rentalcategory_id_seq; Type: SEQUENCE SET; Schema: public; Owner: scooteruser
--

SELECT pg_catalog.setval('public.customers_rentalcategory_id_seq', 1, false);


--
-- Name: django_admin_log_id_seq; Type: SEQUENCE SET; Schema: public; Owner: scooteruser
--

SELECT pg_catalog.setval('public.django_admin_log_id_seq', 40, true);


--
-- Name: django_content_type_id_seq; Type: SEQUENCE SET; Schema: public; Owner: scooteruser
--

SELECT pg_catalog.setval('public.django_content_type_id_seq', 36, true);


--
-- Name: django_migrations_id_seq; Type: SEQUENCE SET; Schema: public; Owner: scooteruser
--

SELECT pg_catalog.setval('public.django_migrations_id_seq', 37, true);


--
-- Name: inventory_inventoryalert_id_seq; Type: SEQUENCE SET; Schema: public; Owner: scooteruser
--

SELECT pg_catalog.setval('public.inventory_inventoryalert_id_seq', 23, true);


--
-- Name: inventory_parts_id_seq; Type: SEQUENCE SET; Schema: public; Owner: scooteruser
--

SELECT pg_catalog.setval('public.inventory_parts_id_seq', 151, true);


--
-- Name: inventory_purchase_id_seq; Type: SEQUENCE SET; Schema: public; Owner: scooteruser
--

SELECT pg_catalog.setval('public.inventory_purchase_id_seq', 7, true);


--
-- Name: inventory_purchaseitem_id_seq; Type: SEQUENCE SET; Schema: public; Owner: scooteruser
--

SELECT pg_catalog.setval('public.inventory_purchaseitem_id_seq', 10, true);


--
-- Name: inventory_scooter_id_seq; Type: SEQUENCE SET; Schema: public; Owner: scooteruser
--

SELECT pg_catalog.setval('public.inventory_scooter_id_seq', 59, true);


--
-- Name: inventory_scootercategory_id_seq; Type: SEQUENCE SET; Schema: public; Owner: scooteruser
--

SELECT pg_catalog.setval('public.inventory_scootercategory_id_seq', 4, true);


--
-- Name: inventory_scootermaintenancehistory_id_seq; Type: SEQUENCE SET; Schema: public; Owner: scooteruser
--

SELECT pg_catalog.setval('public.inventory_scootermaintenancehistory_id_seq', 1, false);


--
-- Name: inventory_stocktransfer_id_seq; Type: SEQUENCE SET; Schema: public; Owner: scooteruser
--

SELECT pg_catalog.setval('public.inventory_stocktransfer_id_seq', 4, true);


--
-- Name: inventory_store_id_seq; Type: SEQUENCE SET; Schema: public; Owner: scooteruser
--

SELECT pg_catalog.setval('public.inventory_store_id_seq', 3, true);


--
-- Name: inventory_supplier_id_seq; Type: SEQUENCE SET; Schema: public; Owner: scooteruser
--

SELECT pg_catalog.setval('public.inventory_supplier_id_seq', 4, true);


--
-- Name: landing_brand_id_seq; Type: SEQUENCE SET; Schema: public; Owner: scooteruser
--

SELECT pg_catalog.setval('public.landing_brand_id_seq', 3, true);


--
-- Name: landing_cart_id_seq; Type: SEQUENCE SET; Schema: public; Owner: scooteruser
--

SELECT pg_catalog.setval('public.landing_cart_id_seq', 1, false);


--
-- Name: landing_cartitem_id_seq; Type: SEQUENCE SET; Schema: public; Owner: scooteruser
--

SELECT pg_catalog.setval('public.landing_cartitem_id_seq', 1, false);


--
-- Name: landing_category_id_seq; Type: SEQUENCE SET; Schema: public; Owner: scooteruser
--

SELECT pg_catalog.setval('public.landing_category_id_seq', 2, true);


--
-- Name: landing_product_id_seq; Type: SEQUENCE SET; Schema: public; Owner: scooteruser
--

SELECT pg_catalog.setval('public.landing_product_id_seq', 9, true);


--
-- Name: landing_wishlist_id_seq; Type: SEQUENCE SET; Schema: public; Owner: scooteruser
--

SELECT pg_catalog.setval('public.landing_wishlist_id_seq', 1, false);


--
-- Name: landing_wishlist_products_id_seq; Type: SEQUENCE SET; Schema: public; Owner: scooteruser
--

SELECT pg_catalog.setval('public.landing_wishlist_products_id_seq', 1, false);


--
-- Name: service_jobcard_id_seq; Type: SEQUENCE SET; Schema: public; Owner: scooteruser
--

SELECT pg_catalog.setval('public.service_jobcard_id_seq', 30, true);


--
-- Name: service_jobcarditem_id_seq; Type: SEQUENCE SET; Schema: public; Owner: scooteruser
--

SELECT pg_catalog.setval('public.service_jobcarditem_id_seq', 60, true);


--
-- Name: service_servicechecklist_id_seq; Type: SEQUENCE SET; Schema: public; Owner: scooteruser
--

SELECT pg_catalog.setval('public.service_servicechecklist_id_seq', 162, true);


--
-- Name: users_userprofile_id_seq; Type: SEQUENCE SET; Schema: public; Owner: scooteruser
--

SELECT pg_catalog.setval('public.users_userprofile_id_seq', 5, true);


--
-- Name: analytics_dashboard analytics_dashboard_pkey; Type: CONSTRAINT; Schema: public; Owner: scooteruser
--

ALTER TABLE ONLY public.analytics_dashboard
    ADD CONSTRAINT analytics_dashboard_pkey PRIMARY KEY (id);


--
-- Name: analytics_dashboardwidget analytics_dashboardwidget_pkey; Type: CONSTRAINT; Schema: public; Owner: scooteruser
--

ALTER TABLE ONLY public.analytics_dashboardwidget
    ADD CONSTRAINT analytics_dashboardwidget_pkey PRIMARY KEY (id);


--
-- Name: analytics_reportschedule analytics_reportschedule_pkey; Type: CONSTRAINT; Schema: public; Owner: scooteruser
--

ALTER TABLE ONLY public.analytics_reportschedule
    ADD CONSTRAINT analytics_reportschedule_pkey PRIMARY KEY (id);


--
-- Name: analytics_reportschedule_recipients analytics_reportschedule_recipients_pkey; Type: CONSTRAINT; Schema: public; Owner: scooteruser
--

ALTER TABLE ONLY public.analytics_reportschedule_recipients
    ADD CONSTRAINT analytics_reportschedule_recipients_pkey PRIMARY KEY (id);


--
-- Name: analytics_reportschedule_recipients analytics_reportschedule_reportschedule_id_user_i_bf90b082_uniq; Type: CONSTRAINT; Schema: public; Owner: scooteruser
--

ALTER TABLE ONLY public.analytics_reportschedule_recipients
    ADD CONSTRAINT analytics_reportschedule_reportschedule_id_user_i_bf90b082_uniq UNIQUE (reportschedule_id, user_id);


--
-- Name: analytics_savedreport_allowed_users analytics_savedreport_al_savedreport_id_user_id_a5d8496a_uniq; Type: CONSTRAINT; Schema: public; Owner: scooteruser
--

ALTER TABLE ONLY public.analytics_savedreport_allowed_users
    ADD CONSTRAINT analytics_savedreport_al_savedreport_id_user_id_a5d8496a_uniq UNIQUE (savedreport_id, user_id);


--
-- Name: analytics_savedreport_allowed_users analytics_savedreport_allowed_users_pkey; Type: CONSTRAINT; Schema: public; Owner: scooteruser
--

ALTER TABLE ONLY public.analytics_savedreport_allowed_users
    ADD CONSTRAINT analytics_savedreport_allowed_users_pkey PRIMARY KEY (id);


--
-- Name: analytics_savedreport analytics_savedreport_pkey; Type: CONSTRAINT; Schema: public; Owner: scooteruser
--

ALTER TABLE ONLY public.analytics_savedreport
    ADD CONSTRAINT analytics_savedreport_pkey PRIMARY KEY (id);


--
-- Name: auth_group auth_group_name_key; Type: CONSTRAINT; Schema: public; Owner: scooteruser
--

ALTER TABLE ONLY public.auth_group
    ADD CONSTRAINT auth_group_name_key UNIQUE (name);


--
-- Name: auth_group_permissions auth_group_permissions_group_id_permission_id_0cd325b0_uniq; Type: CONSTRAINT; Schema: public; Owner: scooteruser
--

ALTER TABLE ONLY public.auth_group_permissions
    ADD CONSTRAINT auth_group_permissions_group_id_permission_id_0cd325b0_uniq UNIQUE (group_id, permission_id);


--
-- Name: auth_group_permissions auth_group_permissions_pkey; Type: CONSTRAINT; Schema: public; Owner: scooteruser
--

ALTER TABLE ONLY public.auth_group_permissions
    ADD CONSTRAINT auth_group_permissions_pkey PRIMARY KEY (id);


--
-- Name: auth_group auth_group_pkey; Type: CONSTRAINT; Schema: public; Owner: scooteruser
--

ALTER TABLE ONLY public.auth_group
    ADD CONSTRAINT auth_group_pkey PRIMARY KEY (id);


--
-- Name: auth_permission auth_permission_content_type_id_codename_01ab375a_uniq; Type: CONSTRAINT; Schema: public; Owner: scooteruser
--

ALTER TABLE ONLY public.auth_permission
    ADD CONSTRAINT auth_permission_content_type_id_codename_01ab375a_uniq UNIQUE (content_type_id, codename);


--
-- Name: auth_permission auth_permission_pkey; Type: CONSTRAINT; Schema: public; Owner: scooteruser
--

ALTER TABLE ONLY public.auth_permission
    ADD CONSTRAINT auth_permission_pkey PRIMARY KEY (id);


--
-- Name: auth_user_groups auth_user_groups_pkey; Type: CONSTRAINT; Schema: public; Owner: scooteruser
--

ALTER TABLE ONLY public.auth_user_groups
    ADD CONSTRAINT auth_user_groups_pkey PRIMARY KEY (id);


--
-- Name: auth_user_groups auth_user_groups_user_id_group_id_94350c0c_uniq; Type: CONSTRAINT; Schema: public; Owner: scooteruser
--

ALTER TABLE ONLY public.auth_user_groups
    ADD CONSTRAINT auth_user_groups_user_id_group_id_94350c0c_uniq UNIQUE (user_id, group_id);


--
-- Name: auth_user auth_user_pkey; Type: CONSTRAINT; Schema: public; Owner: scooteruser
--

ALTER TABLE ONLY public.auth_user
    ADD CONSTRAINT auth_user_pkey PRIMARY KEY (id);


--
-- Name: auth_user_user_permissions auth_user_user_permissions_pkey; Type: CONSTRAINT; Schema: public; Owner: scooteruser
--

ALTER TABLE ONLY public.auth_user_user_permissions
    ADD CONSTRAINT auth_user_user_permissions_pkey PRIMARY KEY (id);


--
-- Name: auth_user_user_permissions auth_user_user_permissions_user_id_permission_id_14a6b632_uniq; Type: CONSTRAINT; Schema: public; Owner: scooteruser
--

ALTER TABLE ONLY public.auth_user_user_permissions
    ADD CONSTRAINT auth_user_user_permissions_user_id_permission_id_14a6b632_uniq UNIQUE (user_id, permission_id);


--
-- Name: auth_user auth_user_username_key; Type: CONSTRAINT; Schema: public; Owner: scooteruser
--

ALTER TABLE ONLY public.auth_user
    ADD CONSTRAINT auth_user_username_key UNIQUE (username);


--
-- Name: customers_customer customers_customer_driver_license_key; Type: CONSTRAINT; Schema: public; Owner: scooteruser
--

ALTER TABLE ONLY public.customers_customer
    ADD CONSTRAINT customers_customer_driver_license_key UNIQUE (driver_license);


--
-- Name: customers_customer customers_customer_email_key; Type: CONSTRAINT; Schema: public; Owner: scooteruser
--

ALTER TABLE ONLY public.customers_customer
    ADD CONSTRAINT customers_customer_email_key UNIQUE (email);


--
-- Name: customers_customer customers_customer_pkey; Type: CONSTRAINT; Schema: public; Owner: scooteruser
--

ALTER TABLE ONLY public.customers_customer
    ADD CONSTRAINT customers_customer_pkey PRIMARY KEY (id);


--
-- Name: customers_payment customers_payment_pkey; Type: CONSTRAINT; Schema: public; Owner: scooteruser
--

ALTER TABLE ONLY public.customers_payment
    ADD CONSTRAINT customers_payment_pkey PRIMARY KEY (id);


--
-- Name: customers_paymentmethod customers_paymentmethod_pkey; Type: CONSTRAINT; Schema: public; Owner: scooteruser
--

ALTER TABLE ONLY public.customers_paymentmethod
    ADD CONSTRAINT customers_paymentmethod_pkey PRIMARY KEY (id);


--
-- Name: customers_rental customers_rental_pkey; Type: CONSTRAINT; Schema: public; Owner: scooteruser
--

ALTER TABLE ONLY public.customers_rental
    ADD CONSTRAINT customers_rental_pkey PRIMARY KEY (id);


--
-- Name: customers_rental customers_rental_rental_number_key; Type: CONSTRAINT; Schema: public; Owner: scooteruser
--

ALTER TABLE ONLY public.customers_rental
    ADD CONSTRAINT customers_rental_rental_number_key UNIQUE (rental_number);


--
-- Name: customers_rentalcategory customers_rentalcategory_category_key; Type: CONSTRAINT; Schema: public; Owner: scooteruser
--

ALTER TABLE ONLY public.customers_rentalcategory
    ADD CONSTRAINT customers_rentalcategory_category_key UNIQUE (category);


--
-- Name: customers_rentalcategory customers_rentalcategory_pkey; Type: CONSTRAINT; Schema: public; Owner: scooteruser
--

ALTER TABLE ONLY public.customers_rentalcategory
    ADD CONSTRAINT customers_rentalcategory_pkey PRIMARY KEY (id);


--
-- Name: django_admin_log django_admin_log_pkey; Type: CONSTRAINT; Schema: public; Owner: scooteruser
--

ALTER TABLE ONLY public.django_admin_log
    ADD CONSTRAINT django_admin_log_pkey PRIMARY KEY (id);


--
-- Name: django_content_type django_content_type_app_label_model_76bd3d3b_uniq; Type: CONSTRAINT; Schema: public; Owner: scooteruser
--

ALTER TABLE ONLY public.django_content_type
    ADD CONSTRAINT django_content_type_app_label_model_76bd3d3b_uniq UNIQUE (app_label, model);


--
-- Name: django_content_type django_content_type_pkey; Type: CONSTRAINT; Schema: public; Owner: scooteruser
--

ALTER TABLE ONLY public.django_content_type
    ADD CONSTRAINT django_content_type_pkey PRIMARY KEY (id);


--
-- Name: django_migrations django_migrations_pkey; Type: CONSTRAINT; Schema: public; Owner: scooteruser
--

ALTER TABLE ONLY public.django_migrations
    ADD CONSTRAINT django_migrations_pkey PRIMARY KEY (id);


--
-- Name: django_session django_session_pkey; Type: CONSTRAINT; Schema: public; Owner: scooteruser
--

ALTER TABLE ONLY public.django_session
    ADD CONSTRAINT django_session_pkey PRIMARY KEY (session_key);


--
-- Name: inventory_inventoryalert inventory_inventoryalert_pkey; Type: CONSTRAINT; Schema: public; Owner: scooteruser
--

ALTER TABLE ONLY public.inventory_inventoryalert
    ADD CONSTRAINT inventory_inventoryalert_pkey PRIMARY KEY (id);


--
-- Name: inventory_parts inventory_parts_part_number_store_id_27eeb1b3_uniq; Type: CONSTRAINT; Schema: public; Owner: scooteruser
--

ALTER TABLE ONLY public.inventory_parts
    ADD CONSTRAINT inventory_parts_part_number_store_id_27eeb1b3_uniq UNIQUE (part_number, store_id);


--
-- Name: inventory_parts inventory_parts_pkey; Type: CONSTRAINT; Schema: public; Owner: scooteruser
--

ALTER TABLE ONLY public.inventory_parts
    ADD CONSTRAINT inventory_parts_pkey PRIMARY KEY (id);


--
-- Name: inventory_purchase inventory_purchase_invoice_number_key; Type: CONSTRAINT; Schema: public; Owner: scooteruser
--

ALTER TABLE ONLY public.inventory_purchase
    ADD CONSTRAINT inventory_purchase_invoice_number_key UNIQUE (invoice_number);


--
-- Name: inventory_purchase inventory_purchase_pkey; Type: CONSTRAINT; Schema: public; Owner: scooteruser
--

ALTER TABLE ONLY public.inventory_purchase
    ADD CONSTRAINT inventory_purchase_pkey PRIMARY KEY (id);


--
-- Name: inventory_purchaseitem inventory_purchaseitem_pkey; Type: CONSTRAINT; Schema: public; Owner: scooteruser
--

ALTER TABLE ONLY public.inventory_purchaseitem
    ADD CONSTRAINT inventory_purchaseitem_pkey PRIMARY KEY (id);


--
-- Name: inventory_scooter inventory_scooter_license_number_key; Type: CONSTRAINT; Schema: public; Owner: scooteruser
--

ALTER TABLE ONLY public.inventory_scooter
    ADD CONSTRAINT inventory_scooter_license_number_key UNIQUE (license_number);


--
-- Name: inventory_scooter inventory_scooter_pkey; Type: CONSTRAINT; Schema: public; Owner: scooteruser
--

ALTER TABLE ONLY public.inventory_scooter
    ADD CONSTRAINT inventory_scooter_pkey PRIMARY KEY (id);


--
-- Name: inventory_scooter inventory_scooter_vin_key; Type: CONSTRAINT; Schema: public; Owner: scooteruser
--

ALTER TABLE ONLY public.inventory_scooter
    ADD CONSTRAINT inventory_scooter_vin_key UNIQUE (vin);


--
-- Name: inventory_scootercategory inventory_scootercategory_category_key; Type: CONSTRAINT; Schema: public; Owner: scooteruser
--

ALTER TABLE ONLY public.inventory_scootercategory
    ADD CONSTRAINT inventory_scootercategory_category_key UNIQUE (category);


--
-- Name: inventory_scootercategory inventory_scootercategory_pkey; Type: CONSTRAINT; Schema: public; Owner: scooteruser
--

ALTER TABLE ONLY public.inventory_scootercategory
    ADD CONSTRAINT inventory_scootercategory_pkey PRIMARY KEY (id);


--
-- Name: inventory_scootermaintenancehistory inventory_scootermaintenancehistory_pkey; Type: CONSTRAINT; Schema: public; Owner: scooteruser
--

ALTER TABLE ONLY public.inventory_scootermaintenancehistory
    ADD CONSTRAINT inventory_scootermaintenancehistory_pkey PRIMARY KEY (id);


--
-- Name: inventory_stocktransfer inventory_stocktransfer_pkey; Type: CONSTRAINT; Schema: public; Owner: scooteruser
--

ALTER TABLE ONLY public.inventory_stocktransfer
    ADD CONSTRAINT inventory_stocktransfer_pkey PRIMARY KEY (id);


--
-- Name: inventory_stocktransfer inventory_stocktransfer_transfer_number_key; Type: CONSTRAINT; Schema: public; Owner: scooteruser
--

ALTER TABLE ONLY public.inventory_stocktransfer
    ADD CONSTRAINT inventory_stocktransfer_transfer_number_key UNIQUE (transfer_number);


--
-- Name: inventory_store inventory_store_pkey; Type: CONSTRAINT; Schema: public; Owner: scooteruser
--

ALTER TABLE ONLY public.inventory_store
    ADD CONSTRAINT inventory_store_pkey PRIMARY KEY (id);


--
-- Name: inventory_supplier inventory_supplier_pkey; Type: CONSTRAINT; Schema: public; Owner: scooteruser
--

ALTER TABLE ONLY public.inventory_supplier
    ADD CONSTRAINT inventory_supplier_pkey PRIMARY KEY (id);


--
-- Name: landing_brand landing_brand_pkey; Type: CONSTRAINT; Schema: public; Owner: scooteruser
--

ALTER TABLE ONLY public.landing_brand
    ADD CONSTRAINT landing_brand_pkey PRIMARY KEY (id);


--
-- Name: landing_brand landing_brand_slug_key; Type: CONSTRAINT; Schema: public; Owner: scooteruser
--

ALTER TABLE ONLY public.landing_brand
    ADD CONSTRAINT landing_brand_slug_key UNIQUE (slug);


--
-- Name: landing_cart landing_cart_pkey; Type: CONSTRAINT; Schema: public; Owner: scooteruser
--

ALTER TABLE ONLY public.landing_cart
    ADD CONSTRAINT landing_cart_pkey PRIMARY KEY (id);


--
-- Name: landing_cartitem landing_cartitem_pkey; Type: CONSTRAINT; Schema: public; Owner: scooteruser
--

ALTER TABLE ONLY public.landing_cartitem
    ADD CONSTRAINT landing_cartitem_pkey PRIMARY KEY (id);


--
-- Name: landing_category landing_category_pkey; Type: CONSTRAINT; Schema: public; Owner: scooteruser
--

ALTER TABLE ONLY public.landing_category
    ADD CONSTRAINT landing_category_pkey PRIMARY KEY (id);


--
-- Name: landing_category landing_category_slug_key; Type: CONSTRAINT; Schema: public; Owner: scooteruser
--

ALTER TABLE ONLY public.landing_category
    ADD CONSTRAINT landing_category_slug_key UNIQUE (slug);


--
-- Name: landing_product landing_product_pkey; Type: CONSTRAINT; Schema: public; Owner: scooteruser
--

ALTER TABLE ONLY public.landing_product
    ADD CONSTRAINT landing_product_pkey PRIMARY KEY (id);


--
-- Name: landing_product landing_product_slug_key; Type: CONSTRAINT; Schema: public; Owner: scooteruser
--

ALTER TABLE ONLY public.landing_product
    ADD CONSTRAINT landing_product_slug_key UNIQUE (slug);


--
-- Name: landing_wishlist landing_wishlist_pkey; Type: CONSTRAINT; Schema: public; Owner: scooteruser
--

ALTER TABLE ONLY public.landing_wishlist
    ADD CONSTRAINT landing_wishlist_pkey PRIMARY KEY (id);


--
-- Name: landing_wishlist_products landing_wishlist_products_pkey; Type: CONSTRAINT; Schema: public; Owner: scooteruser
--

ALTER TABLE ONLY public.landing_wishlist_products
    ADD CONSTRAINT landing_wishlist_products_pkey PRIMARY KEY (id);


--
-- Name: landing_wishlist_products landing_wishlist_products_wishlist_id_product_id_dabbdc7f_uniq; Type: CONSTRAINT; Schema: public; Owner: scooteruser
--

ALTER TABLE ONLY public.landing_wishlist_products
    ADD CONSTRAINT landing_wishlist_products_wishlist_id_product_id_dabbdc7f_uniq UNIQUE (wishlist_id, product_id);


--
-- Name: service_jobcard service_jobcard_job_card_number_key; Type: CONSTRAINT; Schema: public; Owner: scooteruser
--

ALTER TABLE ONLY public.service_jobcard
    ADD CONSTRAINT service_jobcard_job_card_number_key UNIQUE (job_card_number);


--
-- Name: service_jobcard service_jobcard_pkey; Type: CONSTRAINT; Schema: public; Owner: scooteruser
--

ALTER TABLE ONLY public.service_jobcard
    ADD CONSTRAINT service_jobcard_pkey PRIMARY KEY (id);


--
-- Name: service_jobcarditem service_jobcarditem_pkey; Type: CONSTRAINT; Schema: public; Owner: scooteruser
--

ALTER TABLE ONLY public.service_jobcarditem
    ADD CONSTRAINT service_jobcarditem_pkey PRIMARY KEY (id);


--
-- Name: service_servicechecklist service_servicechecklist_pkey; Type: CONSTRAINT; Schema: public; Owner: scooteruser
--

ALTER TABLE ONLY public.service_servicechecklist
    ADD CONSTRAINT service_servicechecklist_pkey PRIMARY KEY (id);


--
-- Name: users_userprofile users_userprofile_pkey; Type: CONSTRAINT; Schema: public; Owner: scooteruser
--

ALTER TABLE ONLY public.users_userprofile
    ADD CONSTRAINT users_userprofile_pkey PRIMARY KEY (id);


--
-- Name: users_userprofile users_userprofile_user_id_key; Type: CONSTRAINT; Schema: public; Owner: scooteruser
--

ALTER TABLE ONLY public.users_userprofile
    ADD CONSTRAINT users_userprofile_user_id_key UNIQUE (user_id);


--
-- Name: analytics_dashboard_owner_id_37d1219a; Type: INDEX; Schema: public; Owner: scooteruser
--

CREATE INDEX analytics_dashboard_owner_id_37d1219a ON public.analytics_dashboard USING btree (owner_id);


--
-- Name: analytics_dashboardwidget_dashboard_id_9dca796a; Type: INDEX; Schema: public; Owner: scooteruser
--

CREATE INDEX analytics_dashboardwidget_dashboard_id_9dca796a ON public.analytics_dashboardwidget USING btree (dashboard_id);


--
-- Name: analytics_reportschedule_created_by_id_39ae8f35; Type: INDEX; Schema: public; Owner: scooteruser
--

CREATE INDEX analytics_reportschedule_created_by_id_39ae8f35 ON public.analytics_reportschedule USING btree (created_by_id);


--
-- Name: analytics_reportschedule_recipients_reportschedule_id_71e52972; Type: INDEX; Schema: public; Owner: scooteruser
--

CREATE INDEX analytics_reportschedule_recipients_reportschedule_id_71e52972 ON public.analytics_reportschedule_recipients USING btree (reportschedule_id);


--
-- Name: analytics_reportschedule_recipients_user_id_36e8788b; Type: INDEX; Schema: public; Owner: scooteruser
--

CREATE INDEX analytics_reportschedule_recipients_user_id_36e8788b ON public.analytics_reportschedule_recipients USING btree (user_id);


--
-- Name: analytics_savedreport_allowed_users_savedreport_id_80d83201; Type: INDEX; Schema: public; Owner: scooteruser
--

CREATE INDEX analytics_savedreport_allowed_users_savedreport_id_80d83201 ON public.analytics_savedreport_allowed_users USING btree (savedreport_id);


--
-- Name: analytics_savedreport_allowed_users_user_id_a1c5f009; Type: INDEX; Schema: public; Owner: scooteruser
--

CREATE INDEX analytics_savedreport_allowed_users_user_id_a1c5f009 ON public.analytics_savedreport_allowed_users USING btree (user_id);


--
-- Name: analytics_savedreport_generated_by_id_8f08013c; Type: INDEX; Schema: public; Owner: scooteruser
--

CREATE INDEX analytics_savedreport_generated_by_id_8f08013c ON public.analytics_savedreport USING btree (generated_by_id);


--
-- Name: analytics_savedreport_report_schedule_id_3155f87f; Type: INDEX; Schema: public; Owner: scooteruser
--

CREATE INDEX analytics_savedreport_report_schedule_id_3155f87f ON public.analytics_savedreport USING btree (report_schedule_id);


--
-- Name: auth_group_name_a6ea08ec_like; Type: INDEX; Schema: public; Owner: scooteruser
--

CREATE INDEX auth_group_name_a6ea08ec_like ON public.auth_group USING btree (name varchar_pattern_ops);


--
-- Name: auth_group_permissions_group_id_b120cbf9; Type: INDEX; Schema: public; Owner: scooteruser
--

CREATE INDEX auth_group_permissions_group_id_b120cbf9 ON public.auth_group_permissions USING btree (group_id);


--
-- Name: auth_group_permissions_permission_id_84c5c92e; Type: INDEX; Schema: public; Owner: scooteruser
--

CREATE INDEX auth_group_permissions_permission_id_84c5c92e ON public.auth_group_permissions USING btree (permission_id);


--
-- Name: auth_permission_content_type_id_2f476e4b; Type: INDEX; Schema: public; Owner: scooteruser
--

CREATE INDEX auth_permission_content_type_id_2f476e4b ON public.auth_permission USING btree (content_type_id);


--
-- Name: auth_user_groups_group_id_97559544; Type: INDEX; Schema: public; Owner: scooteruser
--

CREATE INDEX auth_user_groups_group_id_97559544 ON public.auth_user_groups USING btree (group_id);


--
-- Name: auth_user_groups_user_id_6a12ed8b; Type: INDEX; Schema: public; Owner: scooteruser
--

CREATE INDEX auth_user_groups_user_id_6a12ed8b ON public.auth_user_groups USING btree (user_id);


--
-- Name: auth_user_user_permissions_permission_id_1fbb5f2c; Type: INDEX; Schema: public; Owner: scooteruser
--

CREATE INDEX auth_user_user_permissions_permission_id_1fbb5f2c ON public.auth_user_user_permissions USING btree (permission_id);


--
-- Name: auth_user_user_permissions_user_id_a95ead1b; Type: INDEX; Schema: public; Owner: scooteruser
--

CREATE INDEX auth_user_user_permissions_user_id_a95ead1b ON public.auth_user_user_permissions USING btree (user_id);


--
-- Name: auth_user_username_6821ab7c_like; Type: INDEX; Schema: public; Owner: scooteruser
--

CREATE INDEX auth_user_username_6821ab7c_like ON public.auth_user USING btree (username varchar_pattern_ops);


--
-- Name: customers_customer_driver_license_a33a2ff9_like; Type: INDEX; Schema: public; Owner: scooteruser
--

CREATE INDEX customers_customer_driver_license_a33a2ff9_like ON public.customers_customer USING btree (driver_license varchar_pattern_ops);


--
-- Name: customers_customer_email_300e404b_like; Type: INDEX; Schema: public; Owner: scooteruser
--

CREATE INDEX customers_customer_email_300e404b_like ON public.customers_customer USING btree (email varchar_pattern_ops);


--
-- Name: customers_payment_payment_method_id_6b153ff4; Type: INDEX; Schema: public; Owner: scooteruser
--

CREATE INDEX customers_payment_payment_method_id_6b153ff4 ON public.customers_payment USING btree (payment_method_id);


--
-- Name: customers_payment_rental_id_88a702cd; Type: INDEX; Schema: public; Owner: scooteruser
--

CREATE INDEX customers_payment_rental_id_88a702cd ON public.customers_payment USING btree (rental_id);


--
-- Name: customers_paymentmethod_customer_id_4a8c4e90; Type: INDEX; Schema: public; Owner: scooteruser
--

CREATE INDEX customers_paymentmethod_customer_id_4a8c4e90 ON public.customers_paymentmethod USING btree (customer_id);


--
-- Name: customers_rental_category_id_09278e1b; Type: INDEX; Schema: public; Owner: scooteruser
--

CREATE INDEX customers_rental_category_id_09278e1b ON public.customers_rental USING btree (category_id);


--
-- Name: customers_rental_created_by_id_bdd3a8a2; Type: INDEX; Schema: public; Owner: scooteruser
--

CREATE INDEX customers_rental_created_by_id_bdd3a8a2 ON public.customers_rental USING btree (created_by_id);


--
-- Name: customers_rental_customer_id_aabbc65f; Type: INDEX; Schema: public; Owner: scooteruser
--

CREATE INDEX customers_rental_customer_id_aabbc65f ON public.customers_rental USING btree (customer_id);


--
-- Name: customers_rental_rental_number_8616856a_like; Type: INDEX; Schema: public; Owner: scooteruser
--

CREATE INDEX customers_rental_rental_number_8616856a_like ON public.customers_rental USING btree (rental_number varchar_pattern_ops);


--
-- Name: customers_rental_scooter_id_8a782220; Type: INDEX; Schema: public; Owner: scooteruser
--

CREATE INDEX customers_rental_scooter_id_8a782220 ON public.customers_rental USING btree (scooter_id);


--
-- Name: customers_rentalcategory_category_80794481_like; Type: INDEX; Schema: public; Owner: scooteruser
--

CREATE INDEX customers_rentalcategory_category_80794481_like ON public.customers_rentalcategory USING btree (category varchar_pattern_ops);


--
-- Name: django_admin_log_content_type_id_c4bce8eb; Type: INDEX; Schema: public; Owner: scooteruser
--

CREATE INDEX django_admin_log_content_type_id_c4bce8eb ON public.django_admin_log USING btree (content_type_id);


--
-- Name: django_admin_log_user_id_c564eba6; Type: INDEX; Schema: public; Owner: scooteruser
--

CREATE INDEX django_admin_log_user_id_c564eba6 ON public.django_admin_log USING btree (user_id);


--
-- Name: django_session_expire_date_a5c62663; Type: INDEX; Schema: public; Owner: scooteruser
--

CREATE INDEX django_session_expire_date_a5c62663 ON public.django_session USING btree (expire_date);


--
-- Name: django_session_session_key_c0390e0f_like; Type: INDEX; Schema: public; Owner: scooteruser
--

CREATE INDEX django_session_session_key_c0390e0f_like ON public.django_session USING btree (session_key varchar_pattern_ops);


--
-- Name: inventory_inventoryalert_acknowledged_by_id_c7e0935a; Type: INDEX; Schema: public; Owner: scooteruser
--

CREATE INDEX inventory_inventoryalert_acknowledged_by_id_c7e0935a ON public.inventory_inventoryalert USING btree (acknowledged_by_id);


--
-- Name: inventory_inventoryalert_created_by_id_95354611; Type: INDEX; Schema: public; Owner: scooteruser
--

CREATE INDEX inventory_inventoryalert_created_by_id_95354611 ON public.inventory_inventoryalert USING btree (created_by_id);


--
-- Name: inventory_inventoryalert_part_id_b905a7fa; Type: INDEX; Schema: public; Owner: scooteruser
--

CREATE INDEX inventory_inventoryalert_part_id_b905a7fa ON public.inventory_inventoryalert USING btree (part_id);


--
-- Name: inventory_inventoryalert_resolved_by_id_a966607b; Type: INDEX; Schema: public; Owner: scooteruser
--

CREATE INDEX inventory_inventoryalert_resolved_by_id_a966607b ON public.inventory_inventoryalert USING btree (resolved_by_id);


--
-- Name: inventory_inventoryalert_scooter_id_7392e07e; Type: INDEX; Schema: public; Owner: scooteruser
--

CREATE INDEX inventory_inventoryalert_scooter_id_7392e07e ON public.inventory_inventoryalert USING btree (scooter_id);


--
-- Name: inventory_inventoryalert_store_id_8dbd54a3; Type: INDEX; Schema: public; Owner: scooteruser
--

CREATE INDEX inventory_inventoryalert_store_id_8dbd54a3 ON public.inventory_inventoryalert USING btree (store_id);


--
-- Name: inventory_parts_store_id_dffee19e; Type: INDEX; Schema: public; Owner: scooteruser
--

CREATE INDEX inventory_parts_store_id_dffee19e ON public.inventory_parts USING btree (store_id);


--
-- Name: inventory_purchase_created_by_id_95f05171; Type: INDEX; Schema: public; Owner: scooteruser
--

CREATE INDEX inventory_purchase_created_by_id_95f05171 ON public.inventory_purchase USING btree (created_by_id);


--
-- Name: inventory_purchase_invoice_number_2f3fc710_like; Type: INDEX; Schema: public; Owner: scooteruser
--

CREATE INDEX inventory_purchase_invoice_number_2f3fc710_like ON public.inventory_purchase USING btree (invoice_number varchar_pattern_ops);


--
-- Name: inventory_purchase_store_id_3d4db578; Type: INDEX; Schema: public; Owner: scooteruser
--

CREATE INDEX inventory_purchase_store_id_3d4db578 ON public.inventory_purchase USING btree (store_id);


--
-- Name: inventory_purchase_supplier_id_d098a335; Type: INDEX; Schema: public; Owner: scooteruser
--

CREATE INDEX inventory_purchase_supplier_id_d098a335 ON public.inventory_purchase USING btree (supplier_id);


--
-- Name: inventory_purchaseitem_part_id_18970575; Type: INDEX; Schema: public; Owner: scooteruser
--

CREATE INDEX inventory_purchaseitem_part_id_18970575 ON public.inventory_purchaseitem USING btree (part_id);


--
-- Name: inventory_purchaseitem_purchase_id_142d2777; Type: INDEX; Schema: public; Owner: scooteruser
--

CREATE INDEX inventory_purchaseitem_purchase_id_142d2777 ON public.inventory_purchaseitem USING btree (purchase_id);


--
-- Name: inventory_purchaseitem_scooter_id_6f5e0353; Type: INDEX; Schema: public; Owner: scooteruser
--

CREATE INDEX inventory_purchaseitem_scooter_id_6f5e0353 ON public.inventory_purchaseitem USING btree (scooter_id);


--
-- Name: inventory_purchaseitem_store_id_2331265f; Type: INDEX; Schema: public; Owner: scooteruser
--

CREATE INDEX inventory_purchaseitem_store_id_2331265f ON public.inventory_purchaseitem USING btree (store_id);


--
-- Name: inventory_scooter_license_number_45ed9a5c_like; Type: INDEX; Schema: public; Owner: scooteruser
--

CREATE INDEX inventory_scooter_license_number_45ed9a5c_like ON public.inventory_scooter USING btree (license_number varchar_pattern_ops);


--
-- Name: inventory_scooter_store_id_a3a32995; Type: INDEX; Schema: public; Owner: scooteruser
--

CREATE INDEX inventory_scooter_store_id_a3a32995 ON public.inventory_scooter USING btree (store_id);


--
-- Name: inventory_scooter_supplier_id_497fe49b; Type: INDEX; Schema: public; Owner: scooteruser
--

CREATE INDEX inventory_scooter_supplier_id_497fe49b ON public.inventory_scooter USING btree (supplier_id);


--
-- Name: inventory_scooter_vin_ad05b87f_like; Type: INDEX; Schema: public; Owner: scooteruser
--

CREATE INDEX inventory_scooter_vin_ad05b87f_like ON public.inventory_scooter USING btree (vin varchar_pattern_ops);


--
-- Name: inventory_scootermaintenancehistory_scooter_id_c43192d7; Type: INDEX; Schema: public; Owner: scooteruser
--

CREATE INDEX inventory_scootermaintenancehistory_scooter_id_c43192d7 ON public.inventory_scootermaintenancehistory USING btree (scooter_id);


--
-- Name: inventory_stocktransfer_created_by_id_4b71f1b5; Type: INDEX; Schema: public; Owner: scooteruser
--

CREATE INDEX inventory_stocktransfer_created_by_id_4b71f1b5 ON public.inventory_stocktransfer USING btree (created_by_id);


--
-- Name: inventory_stocktransfer_destination_store_id_6c5e7e9d; Type: INDEX; Schema: public; Owner: scooteruser
--

CREATE INDEX inventory_stocktransfer_destination_store_id_6c5e7e9d ON public.inventory_stocktransfer USING btree (destination_store_id);


--
-- Name: inventory_stocktransfer_part_id_40ca3531; Type: INDEX; Schema: public; Owner: scooteruser
--

CREATE INDEX inventory_stocktransfer_part_id_40ca3531 ON public.inventory_stocktransfer USING btree (part_id);


--
-- Name: inventory_stocktransfer_source_store_id_1c39fff7; Type: INDEX; Schema: public; Owner: scooteruser
--

CREATE INDEX inventory_stocktransfer_source_store_id_1c39fff7 ON public.inventory_stocktransfer USING btree (source_store_id);


--
-- Name: inventory_stocktransfer_transfer_number_0575b39a_like; Type: INDEX; Schema: public; Owner: scooteruser
--

CREATE INDEX inventory_stocktransfer_transfer_number_0575b39a_like ON public.inventory_stocktransfer USING btree (transfer_number varchar_pattern_ops);


--
-- Name: landing_brand_slug_20a1d129_like; Type: INDEX; Schema: public; Owner: scooteruser
--

CREATE INDEX landing_brand_slug_20a1d129_like ON public.landing_brand USING btree (slug varchar_pattern_ops);


--
-- Name: landing_cart_user_id_566fbfb8; Type: INDEX; Schema: public; Owner: scooteruser
--

CREATE INDEX landing_cart_user_id_566fbfb8 ON public.landing_cart USING btree (user_id);


--
-- Name: landing_cartitem_cart_id_09637e78; Type: INDEX; Schema: public; Owner: scooteruser
--

CREATE INDEX landing_cartitem_cart_id_09637e78 ON public.landing_cartitem USING btree (cart_id);


--
-- Name: landing_cartitem_product_id_739ee7f9; Type: INDEX; Schema: public; Owner: scooteruser
--

CREATE INDEX landing_cartitem_product_id_739ee7f9 ON public.landing_cartitem USING btree (product_id);


--
-- Name: landing_category_slug_9dcc9dc7_like; Type: INDEX; Schema: public; Owner: scooteruser
--

CREATE INDEX landing_category_slug_9dcc9dc7_like ON public.landing_category USING btree (slug varchar_pattern_ops);


--
-- Name: landing_product_brand_id_7d1126a4; Type: INDEX; Schema: public; Owner: scooteruser
--

CREATE INDEX landing_product_brand_id_7d1126a4 ON public.landing_product USING btree (brand_id);


--
-- Name: landing_product_category_id_a42eca5b; Type: INDEX; Schema: public; Owner: scooteruser
--

CREATE INDEX landing_product_category_id_a42eca5b ON public.landing_product USING btree (category_id);


--
-- Name: landing_product_slug_b64b797f_like; Type: INDEX; Schema: public; Owner: scooteruser
--

CREATE INDEX landing_product_slug_b64b797f_like ON public.landing_product USING btree (slug varchar_pattern_ops);


--
-- Name: landing_wishlist_products_product_id_0a713b77; Type: INDEX; Schema: public; Owner: scooteruser
--

CREATE INDEX landing_wishlist_products_product_id_0a713b77 ON public.landing_wishlist_products USING btree (product_id);


--
-- Name: landing_wishlist_products_wishlist_id_989d5b1e; Type: INDEX; Schema: public; Owner: scooteruser
--

CREATE INDEX landing_wishlist_products_wishlist_id_989d5b1e ON public.landing_wishlist_products USING btree (wishlist_id);


--
-- Name: landing_wishlist_user_id_f4b890f1; Type: INDEX; Schema: public; Owner: scooteruser
--

CREATE INDEX landing_wishlist_user_id_f4b890f1 ON public.landing_wishlist USING btree (user_id);


--
-- Name: service_jobcard_job_card_number_bcc21f8f_like; Type: INDEX; Schema: public; Owner: scooteruser
--

CREATE INDEX service_jobcard_job_card_number_bcc21f8f_like ON public.service_jobcard USING btree (job_card_number varchar_pattern_ops);


--
-- Name: service_jobcard_scooter_id_4b9c6be9; Type: INDEX; Schema: public; Owner: scooteruser
--

CREATE INDEX service_jobcard_scooter_id_4b9c6be9 ON public.service_jobcard USING btree (scooter_id);


--
-- Name: service_jobcard_store_id_e94e5d9f; Type: INDEX; Schema: public; Owner: scooteruser
--

CREATE INDEX service_jobcard_store_id_e94e5d9f ON public.service_jobcard USING btree (store_id);


--
-- Name: service_jobcard_technician_id_a72988fb; Type: INDEX; Schema: public; Owner: scooteruser
--

CREATE INDEX service_jobcard_technician_id_a72988fb ON public.service_jobcard USING btree (technician_id);


--
-- Name: service_jobcarditem_job_card_id_7a1eb7be; Type: INDEX; Schema: public; Owner: scooteruser
--

CREATE INDEX service_jobcarditem_job_card_id_7a1eb7be ON public.service_jobcarditem USING btree (job_card_id);


--
-- Name: service_jobcarditem_part_id_50cebbfa; Type: INDEX; Schema: public; Owner: scooteruser
--

CREATE INDEX service_jobcarditem_part_id_50cebbfa ON public.service_jobcarditem USING btree (part_id);


--
-- Name: service_servicechecklist_job_card_id_b012a0f6; Type: INDEX; Schema: public; Owner: scooteruser
--

CREATE INDEX service_servicechecklist_job_card_id_b012a0f6 ON public.service_servicechecklist USING btree (job_card_id);


--
-- Name: users_userprofile_store_id_c7153def; Type: INDEX; Schema: public; Owner: scooteruser
--

CREATE INDEX users_userprofile_store_id_c7153def ON public.users_userprofile USING btree (store_id);


--
-- Name: analytics_dashboard analytics_dashboard_owner_id_37d1219a_fk_auth_user_id; Type: FK CONSTRAINT; Schema: public; Owner: scooteruser
--

ALTER TABLE ONLY public.analytics_dashboard
    ADD CONSTRAINT analytics_dashboard_owner_id_37d1219a_fk_auth_user_id FOREIGN KEY (owner_id) REFERENCES public.auth_user(id) DEFERRABLE INITIALLY DEFERRED;


--
-- Name: analytics_dashboardwidget analytics_dashboardw_dashboard_id_9dca796a_fk_analytics; Type: FK CONSTRAINT; Schema: public; Owner: scooteruser
--

ALTER TABLE ONLY public.analytics_dashboardwidget
    ADD CONSTRAINT analytics_dashboardw_dashboard_id_9dca796a_fk_analytics FOREIGN KEY (dashboard_id) REFERENCES public.analytics_dashboard(id) DEFERRABLE INITIALLY DEFERRED;


--
-- Name: analytics_reportschedule_recipients analytics_reportsche_reportschedule_id_71e52972_fk_analytics; Type: FK CONSTRAINT; Schema: public; Owner: scooteruser
--

ALTER TABLE ONLY public.analytics_reportschedule_recipients
    ADD CONSTRAINT analytics_reportsche_reportschedule_id_71e52972_fk_analytics FOREIGN KEY (reportschedule_id) REFERENCES public.analytics_reportschedule(id) DEFERRABLE INITIALLY DEFERRED;


--
-- Name: analytics_reportschedule_recipients analytics_reportsche_user_id_36e8788b_fk_auth_user; Type: FK CONSTRAINT; Schema: public; Owner: scooteruser
--

ALTER TABLE ONLY public.analytics_reportschedule_recipients
    ADD CONSTRAINT analytics_reportsche_user_id_36e8788b_fk_auth_user FOREIGN KEY (user_id) REFERENCES public.auth_user(id) DEFERRABLE INITIALLY DEFERRED;


--
-- Name: analytics_reportschedule analytics_reportschedule_created_by_id_39ae8f35_fk_auth_user_id; Type: FK CONSTRAINT; Schema: public; Owner: scooteruser
--

ALTER TABLE ONLY public.analytics_reportschedule
    ADD CONSTRAINT analytics_reportschedule_created_by_id_39ae8f35_fk_auth_user_id FOREIGN KEY (created_by_id) REFERENCES public.auth_user(id) DEFERRABLE INITIALLY DEFERRED;


--
-- Name: analytics_savedreport analytics_savedrepor_report_schedule_id_3155f87f_fk_analytics; Type: FK CONSTRAINT; Schema: public; Owner: scooteruser
--

ALTER TABLE ONLY public.analytics_savedreport
    ADD CONSTRAINT analytics_savedrepor_report_schedule_id_3155f87f_fk_analytics FOREIGN KEY (report_schedule_id) REFERENCES public.analytics_reportschedule(id) DEFERRABLE INITIALLY DEFERRED;


--
-- Name: analytics_savedreport_allowed_users analytics_savedrepor_savedreport_id_80d83201_fk_analytics; Type: FK CONSTRAINT; Schema: public; Owner: scooteruser
--

ALTER TABLE ONLY public.analytics_savedreport_allowed_users
    ADD CONSTRAINT analytics_savedrepor_savedreport_id_80d83201_fk_analytics FOREIGN KEY (savedreport_id) REFERENCES public.analytics_savedreport(id) DEFERRABLE INITIALLY DEFERRED;


--
-- Name: analytics_savedreport_allowed_users analytics_savedrepor_user_id_a1c5f009_fk_auth_user; Type: FK CONSTRAINT; Schema: public; Owner: scooteruser
--

ALTER TABLE ONLY public.analytics_savedreport_allowed_users
    ADD CONSTRAINT analytics_savedrepor_user_id_a1c5f009_fk_auth_user FOREIGN KEY (user_id) REFERENCES public.auth_user(id) DEFERRABLE INITIALLY DEFERRED;


--
-- Name: analytics_savedreport analytics_savedreport_generated_by_id_8f08013c_fk_auth_user_id; Type: FK CONSTRAINT; Schema: public; Owner: scooteruser
--

ALTER TABLE ONLY public.analytics_savedreport
    ADD CONSTRAINT analytics_savedreport_generated_by_id_8f08013c_fk_auth_user_id FOREIGN KEY (generated_by_id) REFERENCES public.auth_user(id) DEFERRABLE INITIALLY DEFERRED;


--
-- Name: auth_group_permissions auth_group_permissio_permission_id_84c5c92e_fk_auth_perm; Type: FK CONSTRAINT; Schema: public; Owner: scooteruser
--

ALTER TABLE ONLY public.auth_group_permissions
    ADD CONSTRAINT auth_group_permissio_permission_id_84c5c92e_fk_auth_perm FOREIGN KEY (permission_id) REFERENCES public.auth_permission(id) DEFERRABLE INITIALLY DEFERRED;


--
-- Name: auth_group_permissions auth_group_permissions_group_id_b120cbf9_fk_auth_group_id; Type: FK CONSTRAINT; Schema: public; Owner: scooteruser
--

ALTER TABLE ONLY public.auth_group_permissions
    ADD CONSTRAINT auth_group_permissions_group_id_b120cbf9_fk_auth_group_id FOREIGN KEY (group_id) REFERENCES public.auth_group(id) DEFERRABLE INITIALLY DEFERRED;


--
-- Name: auth_permission auth_permission_content_type_id_2f476e4b_fk_django_co; Type: FK CONSTRAINT; Schema: public; Owner: scooteruser
--

ALTER TABLE ONLY public.auth_permission
    ADD CONSTRAINT auth_permission_content_type_id_2f476e4b_fk_django_co FOREIGN KEY (content_type_id) REFERENCES public.django_content_type(id) DEFERRABLE INITIALLY DEFERRED;


--
-- Name: auth_user_groups auth_user_groups_group_id_97559544_fk_auth_group_id; Type: FK CONSTRAINT; Schema: public; Owner: scooteruser
--

ALTER TABLE ONLY public.auth_user_groups
    ADD CONSTRAINT auth_user_groups_group_id_97559544_fk_auth_group_id FOREIGN KEY (group_id) REFERENCES public.auth_group(id) DEFERRABLE INITIALLY DEFERRED;


--
-- Name: auth_user_groups auth_user_groups_user_id_6a12ed8b_fk_auth_user_id; Type: FK CONSTRAINT; Schema: public; Owner: scooteruser
--

ALTER TABLE ONLY public.auth_user_groups
    ADD CONSTRAINT auth_user_groups_user_id_6a12ed8b_fk_auth_user_id FOREIGN KEY (user_id) REFERENCES public.auth_user(id) DEFERRABLE INITIALLY DEFERRED;


--
-- Name: auth_user_user_permissions auth_user_user_permi_permission_id_1fbb5f2c_fk_auth_perm; Type: FK CONSTRAINT; Schema: public; Owner: scooteruser
--

ALTER TABLE ONLY public.auth_user_user_permissions
    ADD CONSTRAINT auth_user_user_permi_permission_id_1fbb5f2c_fk_auth_perm FOREIGN KEY (permission_id) REFERENCES public.auth_permission(id) DEFERRABLE INITIALLY DEFERRED;


--
-- Name: auth_user_user_permissions auth_user_user_permissions_user_id_a95ead1b_fk_auth_user_id; Type: FK CONSTRAINT; Schema: public; Owner: scooteruser
--

ALTER TABLE ONLY public.auth_user_user_permissions
    ADD CONSTRAINT auth_user_user_permissions_user_id_a95ead1b_fk_auth_user_id FOREIGN KEY (user_id) REFERENCES public.auth_user(id) DEFERRABLE INITIALLY DEFERRED;


--
-- Name: customers_payment customers_payment_payment_method_id_6b153ff4_fk_customers; Type: FK CONSTRAINT; Schema: public; Owner: scooteruser
--

ALTER TABLE ONLY public.customers_payment
    ADD CONSTRAINT customers_payment_payment_method_id_6b153ff4_fk_customers FOREIGN KEY (payment_method_id) REFERENCES public.customers_paymentmethod(id) DEFERRABLE INITIALLY DEFERRED;


--
-- Name: customers_payment customers_payment_rental_id_88a702cd_fk_customers_rental_id; Type: FK CONSTRAINT; Schema: public; Owner: scooteruser
--

ALTER TABLE ONLY public.customers_payment
    ADD CONSTRAINT customers_payment_rental_id_88a702cd_fk_customers_rental_id FOREIGN KEY (rental_id) REFERENCES public.customers_rental(id) DEFERRABLE INITIALLY DEFERRED;


--
-- Name: customers_paymentmethod customers_paymentmet_customer_id_4a8c4e90_fk_customers; Type: FK CONSTRAINT; Schema: public; Owner: scooteruser
--

ALTER TABLE ONLY public.customers_paymentmethod
    ADD CONSTRAINT customers_paymentmet_customer_id_4a8c4e90_fk_customers FOREIGN KEY (customer_id) REFERENCES public.customers_customer(id) DEFERRABLE INITIALLY DEFERRED;


--
-- Name: customers_rental customers_rental_category_id_09278e1b_fk_customers; Type: FK CONSTRAINT; Schema: public; Owner: scooteruser
--

ALTER TABLE ONLY public.customers_rental
    ADD CONSTRAINT customers_rental_category_id_09278e1b_fk_customers FOREIGN KEY (category_id) REFERENCES public.customers_rentalcategory(id) DEFERRABLE INITIALLY DEFERRED;


--
-- Name: customers_rental customers_rental_created_by_id_bdd3a8a2_fk_auth_user_id; Type: FK CONSTRAINT; Schema: public; Owner: scooteruser
--

ALTER TABLE ONLY public.customers_rental
    ADD CONSTRAINT customers_rental_created_by_id_bdd3a8a2_fk_auth_user_id FOREIGN KEY (created_by_id) REFERENCES public.auth_user(id) DEFERRABLE INITIALLY DEFERRED;


--
-- Name: customers_rental customers_rental_customer_id_aabbc65f_fk_customers_customer_id; Type: FK CONSTRAINT; Schema: public; Owner: scooteruser
--

ALTER TABLE ONLY public.customers_rental
    ADD CONSTRAINT customers_rental_customer_id_aabbc65f_fk_customers_customer_id FOREIGN KEY (customer_id) REFERENCES public.customers_customer(id) DEFERRABLE INITIALLY DEFERRED;


--
-- Name: customers_rental customers_rental_scooter_id_8a782220_fk_inventory_scooter_id; Type: FK CONSTRAINT; Schema: public; Owner: scooteruser
--

ALTER TABLE ONLY public.customers_rental
    ADD CONSTRAINT customers_rental_scooter_id_8a782220_fk_inventory_scooter_id FOREIGN KEY (scooter_id) REFERENCES public.inventory_scooter(id) DEFERRABLE INITIALLY DEFERRED;


--
-- Name: django_admin_log django_admin_log_content_type_id_c4bce8eb_fk_django_co; Type: FK CONSTRAINT; Schema: public; Owner: scooteruser
--

ALTER TABLE ONLY public.django_admin_log
    ADD CONSTRAINT django_admin_log_content_type_id_c4bce8eb_fk_django_co FOREIGN KEY (content_type_id) REFERENCES public.django_content_type(id) DEFERRABLE INITIALLY DEFERRED;


--
-- Name: django_admin_log django_admin_log_user_id_c564eba6_fk_auth_user_id; Type: FK CONSTRAINT; Schema: public; Owner: scooteruser
--

ALTER TABLE ONLY public.django_admin_log
    ADD CONSTRAINT django_admin_log_user_id_c564eba6_fk_auth_user_id FOREIGN KEY (user_id) REFERENCES public.auth_user(id) DEFERRABLE INITIALLY DEFERRED;


--
-- Name: inventory_inventoryalert inventory_inventorya_acknowledged_by_id_c7e0935a_fk_auth_user; Type: FK CONSTRAINT; Schema: public; Owner: scooteruser
--

ALTER TABLE ONLY public.inventory_inventoryalert
    ADD CONSTRAINT inventory_inventorya_acknowledged_by_id_c7e0935a_fk_auth_user FOREIGN KEY (acknowledged_by_id) REFERENCES public.auth_user(id) DEFERRABLE INITIALLY DEFERRED;


--
-- Name: inventory_inventoryalert inventory_inventorya_resolved_by_id_a966607b_fk_auth_user; Type: FK CONSTRAINT; Schema: public; Owner: scooteruser
--

ALTER TABLE ONLY public.inventory_inventoryalert
    ADD CONSTRAINT inventory_inventorya_resolved_by_id_a966607b_fk_auth_user FOREIGN KEY (resolved_by_id) REFERENCES public.auth_user(id) DEFERRABLE INITIALLY DEFERRED;


--
-- Name: inventory_inventoryalert inventory_inventorya_scooter_id_7392e07e_fk_inventory; Type: FK CONSTRAINT; Schema: public; Owner: scooteruser
--

ALTER TABLE ONLY public.inventory_inventoryalert
    ADD CONSTRAINT inventory_inventorya_scooter_id_7392e07e_fk_inventory FOREIGN KEY (scooter_id) REFERENCES public.inventory_scooter(id) DEFERRABLE INITIALLY DEFERRED;


--
-- Name: inventory_inventoryalert inventory_inventorya_store_id_8dbd54a3_fk_inventory; Type: FK CONSTRAINT; Schema: public; Owner: scooteruser
--

ALTER TABLE ONLY public.inventory_inventoryalert
    ADD CONSTRAINT inventory_inventorya_store_id_8dbd54a3_fk_inventory FOREIGN KEY (store_id) REFERENCES public.inventory_store(id) DEFERRABLE INITIALLY DEFERRED;


--
-- Name: inventory_inventoryalert inventory_inventoryalert_created_by_id_95354611_fk_auth_user_id; Type: FK CONSTRAINT; Schema: public; Owner: scooteruser
--

ALTER TABLE ONLY public.inventory_inventoryalert
    ADD CONSTRAINT inventory_inventoryalert_created_by_id_95354611_fk_auth_user_id FOREIGN KEY (created_by_id) REFERENCES public.auth_user(id) DEFERRABLE INITIALLY DEFERRED;


--
-- Name: inventory_inventoryalert inventory_inventoryalert_part_id_b905a7fa_fk_inventory_parts_id; Type: FK CONSTRAINT; Schema: public; Owner: scooteruser
--

ALTER TABLE ONLY public.inventory_inventoryalert
    ADD CONSTRAINT inventory_inventoryalert_part_id_b905a7fa_fk_inventory_parts_id FOREIGN KEY (part_id) REFERENCES public.inventory_parts(id) DEFERRABLE INITIALLY DEFERRED;


--
-- Name: inventory_parts inventory_parts_store_id_dffee19e_fk_inventory_store_id; Type: FK CONSTRAINT; Schema: public; Owner: scooteruser
--

ALTER TABLE ONLY public.inventory_parts
    ADD CONSTRAINT inventory_parts_store_id_dffee19e_fk_inventory_store_id FOREIGN KEY (store_id) REFERENCES public.inventory_store(id) DEFERRABLE INITIALLY DEFERRED;


--
-- Name: inventory_purchase inventory_purchase_created_by_id_95f05171_fk_auth_user_id; Type: FK CONSTRAINT; Schema: public; Owner: scooteruser
--

ALTER TABLE ONLY public.inventory_purchase
    ADD CONSTRAINT inventory_purchase_created_by_id_95f05171_fk_auth_user_id FOREIGN KEY (created_by_id) REFERENCES public.auth_user(id) DEFERRABLE INITIALLY DEFERRED;


--
-- Name: inventory_purchase inventory_purchase_store_id_3d4db578_fk_inventory_store_id; Type: FK CONSTRAINT; Schema: public; Owner: scooteruser
--

ALTER TABLE ONLY public.inventory_purchase
    ADD CONSTRAINT inventory_purchase_store_id_3d4db578_fk_inventory_store_id FOREIGN KEY (store_id) REFERENCES public.inventory_store(id) DEFERRABLE INITIALLY DEFERRED;


--
-- Name: inventory_purchase inventory_purchase_supplier_id_d098a335_fk_inventory; Type: FK CONSTRAINT; Schema: public; Owner: scooteruser
--

ALTER TABLE ONLY public.inventory_purchase
    ADD CONSTRAINT inventory_purchase_supplier_id_d098a335_fk_inventory FOREIGN KEY (supplier_id) REFERENCES public.inventory_supplier(id) DEFERRABLE INITIALLY DEFERRED;


--
-- Name: inventory_purchaseitem inventory_purchaseit_purchase_id_142d2777_fk_inventory; Type: FK CONSTRAINT; Schema: public; Owner: scooteruser
--

ALTER TABLE ONLY public.inventory_purchaseitem
    ADD CONSTRAINT inventory_purchaseit_purchase_id_142d2777_fk_inventory FOREIGN KEY (purchase_id) REFERENCES public.inventory_purchase(id) DEFERRABLE INITIALLY DEFERRED;


--
-- Name: inventory_purchaseitem inventory_purchaseit_scooter_id_6f5e0353_fk_inventory; Type: FK CONSTRAINT; Schema: public; Owner: scooteruser
--

ALTER TABLE ONLY public.inventory_purchaseitem
    ADD CONSTRAINT inventory_purchaseit_scooter_id_6f5e0353_fk_inventory FOREIGN KEY (scooter_id) REFERENCES public.inventory_scooter(id) DEFERRABLE INITIALLY DEFERRED;


--
-- Name: inventory_purchaseitem inventory_purchaseitem_part_id_18970575_fk_inventory_parts_id; Type: FK CONSTRAINT; Schema: public; Owner: scooteruser
--

ALTER TABLE ONLY public.inventory_purchaseitem
    ADD CONSTRAINT inventory_purchaseitem_part_id_18970575_fk_inventory_parts_id FOREIGN KEY (part_id) REFERENCES public.inventory_parts(id) DEFERRABLE INITIALLY DEFERRED;


--
-- Name: inventory_purchaseitem inventory_purchaseitem_store_id_2331265f_fk_inventory_store_id; Type: FK CONSTRAINT; Schema: public; Owner: scooteruser
--

ALTER TABLE ONLY public.inventory_purchaseitem
    ADD CONSTRAINT inventory_purchaseitem_store_id_2331265f_fk_inventory_store_id FOREIGN KEY (store_id) REFERENCES public.inventory_store(id) DEFERRABLE INITIALLY DEFERRED;


--
-- Name: inventory_scooter inventory_scooter_category_id_fkey; Type: FK CONSTRAINT; Schema: public; Owner: scooteruser
--

ALTER TABLE ONLY public.inventory_scooter
    ADD CONSTRAINT inventory_scooter_category_id_fkey FOREIGN KEY (category_id) REFERENCES public.inventory_scootercategory(id) ON DELETE SET NULL;


--
-- Name: inventory_scooter inventory_scooter_store_id_a3a32995_fk_inventory_store_id; Type: FK CONSTRAINT; Schema: public; Owner: scooteruser
--

ALTER TABLE ONLY public.inventory_scooter
    ADD CONSTRAINT inventory_scooter_store_id_a3a32995_fk_inventory_store_id FOREIGN KEY (store_id) REFERENCES public.inventory_store(id) DEFERRABLE INITIALLY DEFERRED;


--
-- Name: inventory_scooter inventory_scooter_supplier_id_497fe49b_fk_inventory_supplier_id; Type: FK CONSTRAINT; Schema: public; Owner: scooteruser
--

ALTER TABLE ONLY public.inventory_scooter
    ADD CONSTRAINT inventory_scooter_supplier_id_497fe49b_fk_inventory_supplier_id FOREIGN KEY (supplier_id) REFERENCES public.inventory_supplier(id) DEFERRABLE INITIALLY DEFERRED;


--
-- Name: inventory_scootermaintenancehistory inventory_scootermai_scooter_id_c43192d7_fk_inventory; Type: FK CONSTRAINT; Schema: public; Owner: scooteruser
--

ALTER TABLE ONLY public.inventory_scootermaintenancehistory
    ADD CONSTRAINT inventory_scootermai_scooter_id_c43192d7_fk_inventory FOREIGN KEY (scooter_id) REFERENCES public.inventory_scooter(id) DEFERRABLE INITIALLY DEFERRED;


--
-- Name: inventory_stocktransfer inventory_stocktrans_destination_store_id_6c5e7e9d_fk_inventory; Type: FK CONSTRAINT; Schema: public; Owner: scooteruser
--

ALTER TABLE ONLY public.inventory_stocktransfer
    ADD CONSTRAINT inventory_stocktrans_destination_store_id_6c5e7e9d_fk_inventory FOREIGN KEY (destination_store_id) REFERENCES public.inventory_store(id) DEFERRABLE INITIALLY DEFERRED;


--
-- Name: inventory_stocktransfer inventory_stocktrans_source_store_id_1c39fff7_fk_inventory; Type: FK CONSTRAINT; Schema: public; Owner: scooteruser
--

ALTER TABLE ONLY public.inventory_stocktransfer
    ADD CONSTRAINT inventory_stocktrans_source_store_id_1c39fff7_fk_inventory FOREIGN KEY (source_store_id) REFERENCES public.inventory_store(id) DEFERRABLE INITIALLY DEFERRED;


--
-- Name: inventory_stocktransfer inventory_stocktransfer_created_by_id_4b71f1b5_fk_auth_user_id; Type: FK CONSTRAINT; Schema: public; Owner: scooteruser
--

ALTER TABLE ONLY public.inventory_stocktransfer
    ADD CONSTRAINT inventory_stocktransfer_created_by_id_4b71f1b5_fk_auth_user_id FOREIGN KEY (created_by_id) REFERENCES public.auth_user(id) DEFERRABLE INITIALLY DEFERRED;


--
-- Name: inventory_stocktransfer inventory_stocktransfer_part_id_40ca3531_fk_inventory_parts_id; Type: FK CONSTRAINT; Schema: public; Owner: scooteruser
--

ALTER TABLE ONLY public.inventory_stocktransfer
    ADD CONSTRAINT inventory_stocktransfer_part_id_40ca3531_fk_inventory_parts_id FOREIGN KEY (part_id) REFERENCES public.inventory_parts(id) DEFERRABLE INITIALLY DEFERRED;


--
-- Name: landing_cart landing_cart_user_id_566fbfb8_fk_auth_user_id; Type: FK CONSTRAINT; Schema: public; Owner: scooteruser
--

ALTER TABLE ONLY public.landing_cart
    ADD CONSTRAINT landing_cart_user_id_566fbfb8_fk_auth_user_id FOREIGN KEY (user_id) REFERENCES public.auth_user(id) DEFERRABLE INITIALLY DEFERRED;


--
-- Name: landing_cartitem landing_cartitem_cart_id_09637e78_fk_landing_cart_id; Type: FK CONSTRAINT; Schema: public; Owner: scooteruser
--

ALTER TABLE ONLY public.landing_cartitem
    ADD CONSTRAINT landing_cartitem_cart_id_09637e78_fk_landing_cart_id FOREIGN KEY (cart_id) REFERENCES public.landing_cart(id) DEFERRABLE INITIALLY DEFERRED;


--
-- Name: landing_cartitem landing_cartitem_product_id_739ee7f9_fk_landing_product_id; Type: FK CONSTRAINT; Schema: public; Owner: scooteruser
--

ALTER TABLE ONLY public.landing_cartitem
    ADD CONSTRAINT landing_cartitem_product_id_739ee7f9_fk_landing_product_id FOREIGN KEY (product_id) REFERENCES public.landing_product(id) DEFERRABLE INITIALLY DEFERRED;


--
-- Name: landing_product landing_product_brand_id_7d1126a4_fk_landing_brand_id; Type: FK CONSTRAINT; Schema: public; Owner: scooteruser
--

ALTER TABLE ONLY public.landing_product
    ADD CONSTRAINT landing_product_brand_id_7d1126a4_fk_landing_brand_id FOREIGN KEY (brand_id) REFERENCES public.landing_brand(id) DEFERRABLE INITIALLY DEFERRED;


--
-- Name: landing_product landing_product_category_id_a42eca5b_fk_landing_category_id; Type: FK CONSTRAINT; Schema: public; Owner: scooteruser
--

ALTER TABLE ONLY public.landing_product
    ADD CONSTRAINT landing_product_category_id_a42eca5b_fk_landing_category_id FOREIGN KEY (category_id) REFERENCES public.landing_category(id) DEFERRABLE INITIALLY DEFERRED;


--
-- Name: landing_wishlist_products landing_wishlist_pro_product_id_0a713b77_fk_landing_p; Type: FK CONSTRAINT; Schema: public; Owner: scooteruser
--

ALTER TABLE ONLY public.landing_wishlist_products
    ADD CONSTRAINT landing_wishlist_pro_product_id_0a713b77_fk_landing_p FOREIGN KEY (product_id) REFERENCES public.landing_product(id) DEFERRABLE INITIALLY DEFERRED;


--
-- Name: landing_wishlist_products landing_wishlist_pro_wishlist_id_989d5b1e_fk_landing_w; Type: FK CONSTRAINT; Schema: public; Owner: scooteruser
--

ALTER TABLE ONLY public.landing_wishlist_products
    ADD CONSTRAINT landing_wishlist_pro_wishlist_id_989d5b1e_fk_landing_w FOREIGN KEY (wishlist_id) REFERENCES public.landing_wishlist(id) DEFERRABLE INITIALLY DEFERRED;


--
-- Name: landing_wishlist landing_wishlist_user_id_f4b890f1_fk_auth_user_id; Type: FK CONSTRAINT; Schema: public; Owner: scooteruser
--

ALTER TABLE ONLY public.landing_wishlist
    ADD CONSTRAINT landing_wishlist_user_id_f4b890f1_fk_auth_user_id FOREIGN KEY (user_id) REFERENCES public.auth_user(id) DEFERRABLE INITIALLY DEFERRED;


--
-- Name: service_jobcard service_jobcard_scooter_id_4b9c6be9_fk_inventory_scooter_id; Type: FK CONSTRAINT; Schema: public; Owner: scooteruser
--

ALTER TABLE ONLY public.service_jobcard
    ADD CONSTRAINT service_jobcard_scooter_id_4b9c6be9_fk_inventory_scooter_id FOREIGN KEY (scooter_id) REFERENCES public.inventory_scooter(id) DEFERRABLE INITIALLY DEFERRED;


--
-- Name: service_jobcard service_jobcard_store_id_e94e5d9f_fk_inventory_store_id; Type: FK CONSTRAINT; Schema: public; Owner: scooteruser
--

ALTER TABLE ONLY public.service_jobcard
    ADD CONSTRAINT service_jobcard_store_id_e94e5d9f_fk_inventory_store_id FOREIGN KEY (store_id) REFERENCES public.inventory_store(id) DEFERRABLE INITIALLY DEFERRED;


--
-- Name: service_jobcard service_jobcard_technician_id_a72988fb_fk_auth_user_id; Type: FK CONSTRAINT; Schema: public; Owner: scooteruser
--

ALTER TABLE ONLY public.service_jobcard
    ADD CONSTRAINT service_jobcard_technician_id_a72988fb_fk_auth_user_id FOREIGN KEY (technician_id) REFERENCES public.auth_user(id) DEFERRABLE INITIALLY DEFERRED;


--
-- Name: service_jobcarditem service_jobcarditem_job_card_id_7a1eb7be_fk_service_jobcard_id; Type: FK CONSTRAINT; Schema: public; Owner: scooteruser
--

ALTER TABLE ONLY public.service_jobcarditem
    ADD CONSTRAINT service_jobcarditem_job_card_id_7a1eb7be_fk_service_jobcard_id FOREIGN KEY (job_card_id) REFERENCES public.service_jobcard(id) DEFERRABLE INITIALLY DEFERRED;


--
-- Name: service_jobcarditem service_jobcarditem_part_id_50cebbfa_fk_inventory_parts_id; Type: FK CONSTRAINT; Schema: public; Owner: scooteruser
--

ALTER TABLE ONLY public.service_jobcarditem
    ADD CONSTRAINT service_jobcarditem_part_id_50cebbfa_fk_inventory_parts_id FOREIGN KEY (part_id) REFERENCES public.inventory_parts(id) DEFERRABLE INITIALLY DEFERRED;


--
-- Name: service_servicechecklist service_servicecheck_job_card_id_b012a0f6_fk_service_j; Type: FK CONSTRAINT; Schema: public; Owner: scooteruser
--

ALTER TABLE ONLY public.service_servicechecklist
    ADD CONSTRAINT service_servicecheck_job_card_id_b012a0f6_fk_service_j FOREIGN KEY (job_card_id) REFERENCES public.service_jobcard(id) DEFERRABLE INITIALLY DEFERRED;


--
-- Name: users_userprofile users_userprofile_store_id_c7153def_fk_inventory_store_id; Type: FK CONSTRAINT; Schema: public; Owner: scooteruser
--

ALTER TABLE ONLY public.users_userprofile
    ADD CONSTRAINT users_userprofile_store_id_c7153def_fk_inventory_store_id FOREIGN KEY (store_id) REFERENCES public.inventory_store(id) DEFERRABLE INITIALLY DEFERRED;


--
-- Name: users_userprofile users_userprofile_user_id_87251ef1_fk_auth_user_id; Type: FK CONSTRAINT; Schema: public; Owner: scooteruser
--

ALTER TABLE ONLY public.users_userprofile
    ADD CONSTRAINT users_userprofile_user_id_87251ef1_fk_auth_user_id FOREIGN KEY (user_id) REFERENCES public.auth_user(id) DEFERRABLE INITIALLY DEFERRED;


--
-- Name: SCHEMA public; Type: ACL; Schema: -; Owner: pg_database_owner
--

GRANT ALL ON SCHEMA public TO scooteruser;


--
-- PostgreSQL database dump complete
--

