--
-- PostgreSQL database dump
--

-- Dumped from database version 17.4
-- Dumped by pg_dump version 17.5 (Homebrew)

SET statement_timeout = 0;
SET lock_timeout = 0;
SET idle_in_transaction_session_timeout = 0;
SET transaction_timeout = 0;
SET client_encoding = 'UTF8';
SET standard_conforming_strings = on;
SELECT pg_catalog.set_config('search_path', '', false);
SET check_function_bodies = false;
SET xmloption = content;
SET client_min_messages = warning;
SET row_security = off;

SET default_tablespace = '';

SET default_table_access_method = heap;

--
-- Name: analytics_dashboard; Type: TABLE; Schema: public; Owner: scooteruser
--

CREATE TABLE public.analytics_dashboard (
    id bigint NOT NULL,
    name character varying(100) NOT NULL,
    description text NOT NULL,
    is_default boolean NOT NULL,
    is_public boolean NOT NULL,
    date_created timestamp with time zone NOT NULL,
    date_updated timestamp with time zone NOT NULL,
    owner_id integer NOT NULL
);


ALTER TABLE public.analytics_dashboard OWNER TO scooteruser;

--
-- Name: analytics_dashboard_id_seq; Type: SEQUENCE; Schema: public; Owner: scooteruser
--

ALTER TABLE public.analytics_dashboard ALTER COLUMN id ADD GENERATED BY DEFAULT AS IDENTITY (
    SEQUENCE NAME public.analytics_dashboard_id_seq
    START WITH 1
    INCREMENT BY 1
    NO MINVALUE
    NO MAXVALUE
    CACHE 1
);


--
-- Name: analytics_dashboardwidget; Type: TABLE; Schema: public; Owner: scooteruser
--

CREATE TABLE public.analytics_dashboardwidget (
    id bigint NOT NULL,
    title character varying(100) NOT NULL,
    widget_type character varying(20) NOT NULL,
    data_source character varying(200) NOT NULL,
    config jsonb NOT NULL,
    position_x smallint NOT NULL,
    position_y smallint NOT NULL,
    width smallint NOT NULL,
    height smallint NOT NULL,
    date_created timestamp with time zone NOT NULL,
    date_updated timestamp with time zone NOT NULL,
    dashboard_id bigint NOT NULL,
    CONSTRAINT analytics_dashboardwidget_height_check CHECK ((height >= 0)),
    CONSTRAINT analytics_dashboardwidget_position_x_check CHECK ((position_x >= 0)),
    CONSTRAINT analytics_dashboardwidget_position_y_check CHECK ((position_y >= 0)),
    CONSTRAINT analytics_dashboardwidget_width_check CHECK ((width >= 0))
);


ALTER TABLE public.analytics_dashboardwidget OWNER TO scooteruser;

--
-- Name: analytics_dashboardwidget_id_seq; Type: SEQUENCE; Schema: public; Owner: scooteruser
--

ALTER TABLE public.analytics_dashboardwidget ALTER COLUMN id ADD GENERATED BY DEFAULT AS IDENTITY (
    SEQUENCE NAME public.analytics_dashboardwidget_id_seq
    START WITH 1
    INCREMENT BY 1
    NO MINVALUE
    NO MAXVALUE
    CACHE 1
);


--
-- Name: analytics_reportschedule; Type: TABLE; Schema: public; Owner: scooteruser
--

CREATE TABLE public.analytics_reportschedule (
    id bigint NOT NULL,
    name character varying(100) NOT NULL,
    report_type character varying(20) NOT NULL,
    description text NOT NULL,
    frequency character varying(20) NOT NULL,
    include_charts boolean NOT NULL,
    include_raw_data boolean NOT NULL,
    date_range_days integer NOT NULL,
    next_run_date timestamp with time zone NOT NULL,
    last_run_date timestamp with time zone,
    is_active boolean NOT NULL,
    date_created timestamp with time zone NOT NULL,
    date_updated timestamp with time zone NOT NULL,
    created_by_id integer NOT NULL,
    CONSTRAINT analytics_reportschedule_date_range_days_check CHECK ((date_range_days >= 0))
);


ALTER TABLE public.analytics_reportschedule OWNER TO scooteruser;

--
-- Name: analytics_reportschedule_id_seq; Type: SEQUENCE; Schema: public; Owner: scooteruser
--

ALTER TABLE public.analytics_reportschedule ALTER COLUMN id ADD GENERATED BY DEFAULT AS IDENTITY (
    SEQUENCE NAME public.analytics_reportschedule_id_seq
    START WITH 1
    INCREMENT BY 1
    NO MINVALUE
    NO MAXVALUE
    CACHE 1
);


--
-- Name: analytics_reportschedule_recipients; Type: TABLE; Schema: public; Owner: scooteruser
--

CREATE TABLE public.analytics_reportschedule_recipients (
    id bigint NOT NULL,
    reportschedule_id bigint NOT NULL,
    user_id integer NOT NULL
);


ALTER TABLE public.analytics_reportschedule_recipients OWNER TO scooteruser;

--
-- Name: analytics_reportschedule_recipients_id_seq; Type: SEQUENCE; Schema: public; Owner: scooteruser
--

ALTER TABLE public.analytics_reportschedule_recipients ALTER COLUMN id ADD GENERATED BY DEFAULT AS IDENTITY (
    SEQUENCE NAME public.analytics_reportschedule_recipients_id_seq
    START WITH 1
    INCREMENT BY 1
    NO MINVALUE
    NO MAXVALUE
    CACHE 1
);


--
-- Name: analytics_savedreport; Type: TABLE; Schema: public; Owner: scooteruser
--

CREATE TABLE public.analytics_savedreport (
    id bigint NOT NULL,
    title character varying(200) NOT NULL,
    report_data jsonb NOT NULL,
    date_generated timestamp with time zone NOT NULL,
    is_public boolean NOT NULL,
    generated_by_id integer,
    report_schedule_id bigint
);


ALTER TABLE public.analytics_savedreport OWNER TO scooteruser;

--
-- Name: analytics_savedreport_allowed_users; Type: TABLE; Schema: public; Owner: scooteruser
--

CREATE TABLE public.analytics_savedreport_allowed_users (
    id bigint NOT NULL,
    savedreport_id bigint NOT NULL,
    user_id integer NOT NULL
);


ALTER TABLE public.analytics_savedreport_allowed_users OWNER TO scooteruser;

--
-- Name: analytics_savedreport_allowed_users_id_seq; Type: SEQUENCE; Schema: public; Owner: scooteruser
--

ALTER TABLE public.analytics_savedreport_allowed_users ALTER COLUMN id ADD GENERATED BY DEFAULT AS IDENTITY (
    SEQUENCE NAME public.analytics_savedreport_allowed_users_id_seq
    START WITH 1
    INCREMENT BY 1
    NO MINVALUE
    NO MAXVALUE
    CACHE 1
);


--
-- Name: analytics_savedreport_id_seq; Type: SEQUENCE; Schema: public; Owner: scooteruser
--

ALTER TABLE public.analytics_savedreport ALTER COLUMN id ADD GENERATED BY DEFAULT AS IDENTITY (
    SEQUENCE NAME public.analytics_savedreport_id_seq
    START WITH 1
    INCREMENT BY 1
    NO MINVALUE
    NO MAXVALUE
    CACHE 1
);


--
-- Name: auth_group; Type: TABLE; Schema: public; Owner: scooteruser
--

CREATE TABLE public.auth_group (
    id integer NOT NULL,
    name character varying(150) NOT NULL
);


ALTER TABLE public.auth_group OWNER TO scooteruser;

--
-- Name: auth_group_id_seq; Type: SEQUENCE; Schema: public; Owner: scooteruser
--

ALTER TABLE public.auth_group ALTER COLUMN id ADD GENERATED BY DEFAULT AS IDENTITY (
    SEQUENCE NAME public.auth_group_id_seq
    START WITH 1
    INCREMENT BY 1
    NO MINVALUE
    NO MAXVALUE
    CACHE 1
);


--
-- Name: auth_group_permissions; Type: TABLE; Schema: public; Owner: scooteruser
--

CREATE TABLE public.auth_group_permissions (
    id bigint NOT NULL,
    group_id integer NOT NULL,
    permission_id integer NOT NULL
);


ALTER TABLE public.auth_group_permissions OWNER TO scooteruser;

--
-- Name: auth_group_permissions_id_seq; Type: SEQUENCE; Schema: public; Owner: scooteruser
--

ALTER TABLE public.auth_group_permissions ALTER COLUMN id ADD GENERATED BY DEFAULT AS IDENTITY (
    SEQUENCE NAME public.auth_group_permissions_id_seq
    START WITH 1
    INCREMENT BY 1
    NO MINVALUE
    NO MAXVALUE
    CACHE 1
);


--
-- Name: auth_permission; Type: TABLE; Schema: public; Owner: scooteruser
--

CREATE TABLE public.auth_permission (
    id integer NOT NULL,
    name character varying(255) NOT NULL,
    content_type_id integer NOT NULL,
    codename character varying(100) NOT NULL
);


ALTER TABLE public.auth_permission OWNER TO scooteruser;

--
-- Name: auth_permission_id_seq; Type: SEQUENCE; Schema: public; Owner: scooteruser
--

ALTER TABLE public.auth_permission ALTER COLUMN id ADD GENERATED BY DEFAULT AS IDENTITY (
    SEQUENCE NAME public.auth_permission_id_seq
    START WITH 1
    INCREMENT BY 1
    NO MINVALUE
    NO MAXVALUE
    CACHE 1
);


--
-- Name: auth_user; Type: TABLE; Schema: public; Owner: scooteruser
--

CREATE TABLE public.auth_user (
    id integer NOT NULL,
    password character varying(128) NOT NULL,
    last_login timestamp with time zone,
    is_superuser boolean NOT NULL,
    username character varying(150) NOT NULL,
    first_name character varying(150) NOT NULL,
    last_name character varying(150) NOT NULL,
    email character varying(254) NOT NULL,
    is_staff boolean NOT NULL,
    is_active boolean NOT NULL,
    date_joined timestamp with time zone NOT NULL
);


ALTER TABLE public.auth_user OWNER TO scooteruser;

--
-- Name: auth_user_groups; Type: TABLE; Schema: public; Owner: scooteruser
--

CREATE TABLE public.auth_user_groups (
    id bigint NOT NULL,
    user_id integer NOT NULL,
    group_id integer NOT NULL
);


ALTER TABLE public.auth_user_groups OWNER TO scooteruser;

--
-- Name: auth_user_groups_id_seq; Type: SEQUENCE; Schema: public; Owner: scooteruser
--

ALTER TABLE public.auth_user_groups ALTER COLUMN id ADD GENERATED BY DEFAULT AS IDENTITY (
    SEQUENCE NAME public.auth_user_groups_id_seq
    START WITH 1
    INCREMENT BY 1
    NO MINVALUE
    NO MAXVALUE
    CACHE 1
);


--
-- Name: auth_user_id_seq; Type: SEQUENCE; Schema: public; Owner: scooteruser
--

ALTER TABLE public.auth_user ALTER COLUMN id ADD GENERATED BY DEFAULT AS IDENTITY (
    SEQUENCE NAME public.auth_user_id_seq
    START WITH 1
    INCREMENT BY 1
    NO MINVALUE
    NO MAXVALUE
    CACHE 1
);


--
-- Name: auth_user_user_permissions; Type: TABLE; Schema: public; Owner: scooteruser
--

CREATE TABLE public.auth_user_user_permissions (
    id bigint NOT NULL,
    user_id integer NOT NULL,
    permission_id integer NOT NULL
);


ALTER TABLE public.auth_user_user_permissions OWNER TO scooteruser;

--
-- Name: auth_user_user_permissions_id_seq; Type: SEQUENCE; Schema: public; Owner: scooteruser
--

ALTER TABLE public.auth_user_user_permissions ALTER COLUMN id ADD GENERATED BY DEFAULT AS IDENTITY (
    SEQUENCE NAME public.auth_user_user_permissions_id_seq
    START WITH 1
    INCREMENT BY 1
    NO MINVALUE
    NO MAXVALUE
    CACHE 1
);


--
-- Name: customers_customer; Type: TABLE; Schema: public; Owner: scooteruser
--

CREATE TABLE public.customers_customer (
    id bigint NOT NULL,
    first_name character varying(100) NOT NULL,
    last_name character varying(100) NOT NULL,
    email character varying(254) NOT NULL,
    phone character varying(17) NOT NULL,
    address text NOT NULL,
    city character varying(100) NOT NULL,
    state character varying(100) NOT NULL,
    postal_code character varying(20) NOT NULL,
    country character varying(100) NOT NULL,
    driver_license character varying(50) NOT NULL,
    date_of_birth date NOT NULL,
    notes text NOT NULL,
    is_active boolean NOT NULL,
    date_created timestamp with time zone NOT NULL,
    date_updated timestamp with time zone NOT NULL
);


ALTER TABLE public.customers_customer OWNER TO scooteruser;

--
-- Name: customers_customer_id_seq; Type: SEQUENCE; Schema: public; Owner: scooteruser
--

ALTER TABLE public.customers_customer ALTER COLUMN id ADD GENERATED BY DEFAULT AS IDENTITY (
    SEQUENCE NAME public.customers_customer_id_seq
    START WITH 1
    INCREMENT BY 1
    NO MINVALUE
    NO MAXVALUE
    CACHE 1
);


--
-- Name: customers_payment; Type: TABLE; Schema: public; Owner: scooteruser
--

CREATE TABLE public.customers_payment (
    id bigint NOT NULL,
    amount numeric(10,2) NOT NULL,
    payment_date timestamp with time zone NOT NULL,
    status character varying(20) NOT NULL,
    transaction_id character varying(100) NOT NULL,
    notes text NOT NULL,
    date_created timestamp with time zone NOT NULL,
    date_updated timestamp with time zone NOT NULL,
    payment_method_id bigint,
    rental_id bigint NOT NULL
);


ALTER TABLE public.customers_payment OWNER TO scooteruser;

--
-- Name: customers_payment_id_seq; Type: SEQUENCE; Schema: public; Owner: scooteruser
--

ALTER TABLE public.customers_payment ALTER COLUMN id ADD GENERATED BY DEFAULT AS IDENTITY (
    SEQUENCE NAME public.customers_payment_id_seq
    START WITH 1
    INCREMENT BY 1
    NO MINVALUE
    NO MAXVALUE
    CACHE 1
);


--
-- Name: customers_paymentmethod; Type: TABLE; Schema: public; Owner: scooteruser
--

CREATE TABLE public.customers_paymentmethod (
    id bigint NOT NULL,
    payment_type character varying(20) NOT NULL,
    card_number character varying(16) NOT NULL,
    card_holder_name character varying(100) NOT NULL,
    expiry_date character varying(7) NOT NULL,
    is_default boolean NOT NULL,
    is_active boolean NOT NULL,
    date_created timestamp with time zone NOT NULL,
    date_updated timestamp with time zone NOT NULL,
    customer_id bigint NOT NULL
);


ALTER TABLE public.customers_paymentmethod OWNER TO scooteruser;

--
-- Name: customers_paymentmethod_id_seq; Type: SEQUENCE; Schema: public; Owner: scooteruser
--

ALTER TABLE public.customers_paymentmethod ALTER COLUMN id ADD GENERATED BY DEFAULT AS IDENTITY (
    SEQUENCE NAME public.customers_paymentmethod_id_seq
    START WITH 1
    INCREMENT BY 1
    NO MINVALUE
    NO MAXVALUE
    CACHE 1
);


--
-- Name: customers_rental; Type: TABLE; Schema: public; Owner: scooteruser
--

CREATE TABLE public.customers_rental (
    id bigint NOT NULL,
    rental_number character varying(100) NOT NULL,
    start_date timestamp with time zone NOT NULL,
    expected_end_date timestamp with time zone NOT NULL,
    end_date timestamp with time zone,
    rate_type character varying(20) NOT NULL,
    rate_amount numeric(10,2) NOT NULL,
    status character varying(20) NOT NULL,
    deposit_amount numeric(10,2) NOT NULL,
    deposit_returned boolean NOT NULL,
    total_amount numeric(10,2),
    mileage_start integer NOT NULL,
    mileage_end integer,
    notes text NOT NULL,
    date_created timestamp with time zone NOT NULL,
    date_updated timestamp with time zone NOT NULL,
    created_by_id integer,
    customer_id bigint NOT NULL,
    scooter_id bigint NOT NULL,
    category_id bigint,
    CONSTRAINT customers_rental_mileage_end_check CHECK ((mileage_end >= 0)),
    CONSTRAINT customers_rental_mileage_start_check CHECK ((mileage_start >= 0))
);


ALTER TABLE public.customers_rental OWNER TO scooteruser;

--
-- Name: customers_rental_id_seq; Type: SEQUENCE; Schema: public; Owner: scooteruser
--

ALTER TABLE public.customers_rental ALTER COLUMN id ADD GENERATED BY DEFAULT AS IDENTITY (
    SEQUENCE NAME public.customers_rental_id_seq
    START WITH 1
    INCREMENT BY 1
    NO MINVALUE
    NO MAXVALUE
    CACHE 1
);


--
-- Name: customers_rentalcategory; Type: TABLE; Schema: public; Owner: scooteruser
--

CREATE TABLE public.customers_rentalcategory (
    id bigint NOT NULL,
    category character varying(1) NOT NULL,
    description text NOT NULL,
    one_day_price numeric(8,2) NOT NULL,
    two_to_ten_days_price numeric(8,2) NOT NULL,
    eleven_to_twentynine_days_price numeric(8,2) NOT NULL,
    thirty_plus_days_price numeric(8,2) NOT NULL,
    date_created timestamp with time zone NOT NULL,
    date_updated timestamp with time zone NOT NULL
);


ALTER TABLE public.customers_rentalcategory OWNER TO scooteruser;

--
-- Name: customers_rentalcategory_id_seq; Type: SEQUENCE; Schema: public; Owner: scooteruser
--

ALTER TABLE public.customers_rentalcategory ALTER COLUMN id ADD GENERATED BY DEFAULT AS IDENTITY (
    SEQUENCE NAME public.customers_rentalcategory_id_seq
    START WITH 1
    INCREMENT BY 1
    NO MINVALUE
    NO MAXVALUE
    CACHE 1
);


--
-- Name: django_admin_log; Type: TABLE; Schema: public; Owner: scooteruser
--

CREATE TABLE public.django_admin_log (
    id integer NOT NULL,
    action_time timestamp with time zone NOT NULL,
    object_id text,
    object_repr character varying(200) NOT NULL,
    action_flag smallint NOT NULL,
    change_message text NOT NULL,
    content_type_id integer,
    user_id integer NOT NULL,
    CONSTRAINT django_admin_log_action_flag_check CHECK ((action_flag >= 0))
);


ALTER TABLE public.django_admin_log OWNER TO scooteruser;

--
-- Name: django_admin_log_id_seq; Type: SEQUENCE; Schema: public; Owner: scooteruser
--

ALTER TABLE public.django_admin_log ALTER COLUMN id ADD GENERATED BY DEFAULT AS IDENTITY (
    SEQUENCE NAME public.django_admin_log_id_seq
    START WITH 1
    INCREMENT BY 1
    NO MINVALUE
    NO MAXVALUE
    CACHE 1
);


--
-- Name: django_content_type; Type: TABLE; Schema: public; Owner: scooteruser
--

CREATE TABLE public.django_content_type (
    id integer NOT NULL,
    app_label character varying(100) NOT NULL,
    model character varying(100) NOT NULL
);


ALTER TABLE public.django_content_type OWNER TO scooteruser;

--
-- Name: django_content_type_id_seq; Type: SEQUENCE; Schema: public; Owner: scooteruser
--

ALTER TABLE public.django_content_type ALTER COLUMN id ADD GENERATED BY DEFAULT AS IDENTITY (
    SEQUENCE NAME public.django_content_type_id_seq
    START WITH 1
    INCREMENT BY 1
    NO MINVALUE
    NO MAXVALUE
    CACHE 1
);


--
-- Name: django_migrations; Type: TABLE; Schema: public; Owner: scooteruser
--

CREATE TABLE public.django_migrations (
    id bigint NOT NULL,
    app character varying(255) NOT NULL,
    name character varying(255) NOT NULL,
    applied timestamp with time zone NOT NULL
);


ALTER TABLE public.django_migrations OWNER TO scooteruser;

--
-- Name: django_migrations_id_seq; Type: SEQUENCE; Schema: public; Owner: scooteruser
--

ALTER TABLE public.django_migrations ALTER COLUMN id ADD GENERATED BY DEFAULT AS IDENTITY (
    SEQUENCE NAME public.django_migrations_id_seq
    START WITH 1
    INCREMENT BY 1
    NO MINVALUE
    NO MAXVALUE
    CACHE 1
);


--
-- Name: django_session; Type: TABLE; Schema: public; Owner: scooteruser
--

CREATE TABLE public.django_session (
    session_key character varying(40) NOT NULL,
    session_data text NOT NULL,
    expire_date timestamp with time zone NOT NULL
);


ALTER TABLE public.django_session OWNER TO scooteruser;

--
-- Name: inventory_inventoryalert; Type: TABLE; Schema: public; Owner: scooteruser
--

CREATE TABLE public.inventory_inventoryalert (
    id bigint NOT NULL,
    alert_type character varying(20) NOT NULL,
    title character varying(200) NOT NULL,
    description text NOT NULL,
    severity character varying(10) NOT NULL,
    status character varying(15) NOT NULL,
    threshold_value numeric(10,2),
    current_value numeric(10,2),
    email_sent boolean NOT NULL,
    dashboard_notification boolean NOT NULL,
    date_created timestamp with time zone NOT NULL,
    date_updated timestamp with time zone NOT NULL,
    date_acknowledged timestamp with time zone,
    date_resolved timestamp with time zone,
    acknowledged_by_id integer,
    created_by_id integer,
    part_id bigint,
    resolved_by_id integer,
    scooter_id bigint,
    store_id bigint
);


ALTER TABLE public.inventory_inventoryalert OWNER TO scooteruser;

--
-- Name: inventory_inventoryalert_id_seq; Type: SEQUENCE; Schema: public; Owner: scooteruser
--

ALTER TABLE public.inventory_inventoryalert ALTER COLUMN id ADD GENERATED BY DEFAULT AS IDENTITY (
    SEQUENCE NAME public.inventory_inventoryalert_id_seq
    START WITH 1
    INCREMENT BY 1
    NO MINVALUE
    NO MAXVALUE
    CACHE 1
);


--
-- Name: inventory_parts; Type: TABLE; Schema: public; Owner: scooteruser
--

CREATE TABLE public.inventory_parts (
    id bigint NOT NULL,
    part_number character varying(100) NOT NULL,
    name character varying(200) NOT NULL,
    description text NOT NULL,
    current_stock numeric(10,2) NOT NULL,
    reorder_level numeric(10,2) NOT NULL,
    unit_price numeric(10,2) NOT NULL,
    category character varying(100) NOT NULL,
    location_in_store character varying(100) NOT NULL,
    date_created timestamp with time zone NOT NULL,
    date_updated timestamp with time zone NOT NULL,
    store_id bigint NOT NULL
);


ALTER TABLE public.inventory_parts OWNER TO scooteruser;

--
-- Name: inventory_parts_id_seq; Type: SEQUENCE; Schema: public; Owner: scooteruser
--

ALTER TABLE public.inventory_parts ALTER COLUMN id ADD GENERATED BY DEFAULT AS IDENTITY (
    SEQUENCE NAME public.inventory_parts_id_seq
    START WITH 1
    INCREMENT BY 1
    NO MINVALUE
    NO MAXVALUE
    CACHE 1
);


--
-- Name: inventory_purchase; Type: TABLE; Schema: public; Owner: scooteruser
--

CREATE TABLE public.inventory_purchase (
    id bigint NOT NULL,
    invoice_number character varying(100) NOT NULL,
    invoice_date date NOT NULL,
    due_date date NOT NULL,
    status character varying(20) NOT NULL,
    total_amount numeric(10,2) NOT NULL,
    amount_paid numeric(10,2) NOT NULL,
    notes text NOT NULL,
    date_created timestamp with time zone NOT NULL,
    date_updated timestamp with time zone NOT NULL,
    created_by_id integer,
    supplier_id bigint NOT NULL
);


ALTER TABLE public.inventory_purchase OWNER TO scooteruser;

--
-- Name: inventory_purchase_id_seq; Type: SEQUENCE; Schema: public; Owner: scooteruser
--

ALTER TABLE public.inventory_purchase ALTER COLUMN id ADD GENERATED BY DEFAULT AS IDENTITY (
    SEQUENCE NAME public.inventory_purchase_id_seq
    START WITH 1
    INCREMENT BY 1
    NO MINVALUE
    NO MAXVALUE
    CACHE 1
);


--
-- Name: inventory_purchaseitem; Type: TABLE; Schema: public; Owner: scooteruser
--

CREATE TABLE public.inventory_purchaseitem (
    id bigint NOT NULL,
    description character varying(200) NOT NULL,
    quantity numeric(10,2) NOT NULL,
    unit_price numeric(10,2) NOT NULL,
    part_id bigint,
    purchase_id bigint NOT NULL,
    scooter_id bigint,
    store_id bigint
);


ALTER TABLE public.inventory_purchaseitem OWNER TO scooteruser;

--
-- Name: inventory_purchaseitem_id_seq; Type: SEQUENCE; Schema: public; Owner: scooteruser
--

ALTER TABLE public.inventory_purchaseitem ALTER COLUMN id ADD GENERATED BY DEFAULT AS IDENTITY (
    SEQUENCE NAME public.inventory_purchaseitem_id_seq
    START WITH 1
    INCREMENT BY 1
    NO MINVALUE
    NO MAXVALUE
    CACHE 1
);


--
-- Name: inventory_scooter; Type: TABLE; Schema: public; Owner: scooteruser
--

CREATE TABLE public.inventory_scooter (
    id bigint NOT NULL,
    vin character varying(100) NOT NULL,
    make character varying(100) NOT NULL,
    model character varying(100) NOT NULL,
    year integer NOT NULL,
    color character varying(50) NOT NULL,
    status character varying(20) NOT NULL,
    hourly_rate numeric(8,2) NOT NULL,
    daily_rate numeric(8,2) NOT NULL,
    purchase_date date NOT NULL,
    purchase_price numeric(10,2) NOT NULL,
    mileage integer NOT NULL,
    last_maintenance date,
    notes text NOT NULL,
    date_created timestamp with time zone NOT NULL,
    date_updated timestamp with time zone NOT NULL,
    store_id bigint NOT NULL,
    license_number character varying(100),
    supplier_id bigint,
    category_id integer,
    category character varying(1) NOT NULL,
    CONSTRAINT inventory_scooter_mileage_check CHECK ((mileage >= 0)),
    CONSTRAINT inventory_scooter_year_check CHECK ((year >= 0))
);


ALTER TABLE public.inventory_scooter OWNER TO scooteruser;

--
-- Name: inventory_scooter_id_seq; Type: SEQUENCE; Schema: public; Owner: scooteruser
--

ALTER TABLE public.inventory_scooter ALTER COLUMN id ADD GENERATED BY DEFAULT AS IDENTITY (
    SEQUENCE NAME public.inventory_scooter_id_seq
    START WITH 1
    INCREMENT BY 1
    NO MINVALUE
    NO MAXVALUE
    CACHE 1
);


--
-- Name: inventory_scootercategory; Type: TABLE; Schema: public; Owner: scooteruser
--

CREATE TABLE public.inventory_scootercategory (
    id integer NOT NULL,
    category character varying(1) NOT NULL,
    description text DEFAULT ''::text NOT NULL,
    one_day_price numeric(8,2) NOT NULL,
    two_to_ten_days_price numeric(8,2) NOT NULL,
    eleven_to_twentynine_days_price numeric(8,2) NOT NULL,
    thirty_plus_days_price numeric(8,2) NOT NULL,
    date_created timestamp with time zone DEFAULT now() NOT NULL,
    date_updated timestamp with time zone DEFAULT now() NOT NULL
);


ALTER TABLE public.inventory_scootercategory OWNER TO scooteruser;

--
-- Name: inventory_scootercategory_id_seq; Type: SEQUENCE; Schema: public; Owner: scooteruser
--

CREATE SEQUENCE public.inventory_scootercategory_id_seq
    AS integer
    START WITH 1
    INCREMENT BY 1
    NO MINVALUE
    NO MAXVALUE
    CACHE 1;


ALTER SEQUENCE public.inventory_scootercategory_id_seq OWNER TO scooteruser;

--
-- Name: inventory_scootercategory_id_seq; Type: SEQUENCE OWNED BY; Schema: public; Owner: scooteruser
--

ALTER SEQUENCE public.inventory_scootercategory_id_seq OWNED BY public.inventory_scootercategory.id;


--
-- Name: inventory_scootermaintenancehistory; Type: TABLE; Schema: public; Owner: scooteruser
--

CREATE TABLE public.inventory_scootermaintenancehistory (
    id bigint NOT NULL,
    maintenance_date date NOT NULL,
    description text NOT NULL,
    cost numeric(10,2) NOT NULL,
    performed_by character varying(100) NOT NULL,
    mileage_at_service integer NOT NULL,
    date_created timestamp with time zone NOT NULL,
    scooter_id bigint NOT NULL,
    CONSTRAINT inventory_scootermaintenancehistory_mileage_at_service_check CHECK ((mileage_at_service >= 0))
);


ALTER TABLE public.inventory_scootermaintenancehistory OWNER TO scooteruser;

--
-- Name: inventory_scootermaintenancehistory_id_seq; Type: SEQUENCE; Schema: public; Owner: scooteruser
--

ALTER TABLE public.inventory_scootermaintenancehistory ALTER COLUMN id ADD GENERATED BY DEFAULT AS IDENTITY (
    SEQUENCE NAME public.inventory_scootermaintenancehistory_id_seq
    START WITH 1
    INCREMENT BY 1
    NO MINVALUE
    NO MAXVALUE
    CACHE 1
);


--
-- Name: inventory_stocktransfer; Type: TABLE; Schema: public; Owner: scooteruser
--

CREATE TABLE public.inventory_stocktransfer (
    id bigint NOT NULL,
    transfer_number character varying(100) NOT NULL,
    quantity numeric(10,2) NOT NULL,
    transfer_date date NOT NULL,
    status character varying(20) NOT NULL,
    notes text NOT NULL,
    date_created timestamp with time zone NOT NULL,
    date_updated timestamp with time zone NOT NULL,
    created_by_id integer,
    part_id bigint NOT NULL,
    destination_store_id bigint NOT NULL,
    source_store_id bigint NOT NULL
);


ALTER TABLE public.inventory_stocktransfer OWNER TO scooteruser;

--
-- Name: inventory_stocktransfer_id_seq; Type: SEQUENCE; Schema: public; Owner: scooteruser
--

ALTER TABLE public.inventory_stocktransfer ALTER COLUMN id ADD GENERATED BY DEFAULT AS IDENTITY (
    SEQUENCE NAME public.inventory_stocktransfer_id_seq
    START WITH 1
    INCREMENT BY 1
    NO MINVALUE
    NO MAXVALUE
    CACHE 1
);


--
-- Name: inventory_store; Type: TABLE; Schema: public; Owner: scooteruser
--

CREATE TABLE public.inventory_store (
    id bigint NOT NULL,
    name character varying(100) NOT NULL,
    location character varying(200) NOT NULL,
    contact_person character varying(100) NOT NULL,
    phone character varying(20) NOT NULL,
    email character varying(254) NOT NULL,
    is_active boolean NOT NULL,
    date_created timestamp with time zone NOT NULL
);


ALTER TABLE public.inventory_store OWNER TO scooteruser;

--
-- Name: inventory_store_id_seq; Type: SEQUENCE; Schema: public; Owner: scooteruser
--

ALTER TABLE public.inventory_store ALTER COLUMN id ADD GENERATED BY DEFAULT AS IDENTITY (
    SEQUENCE NAME public.inventory_store_id_seq
    START WITH 1
    INCREMENT BY 1
    NO MINVALUE
    NO MAXVALUE
    CACHE 1
);


--
-- Name: inventory_supplier; Type: TABLE; Schema: public; Owner: scooteruser
--

CREATE TABLE public.inventory_supplier (
    id bigint NOT NULL,
    name character varying(100) NOT NULL,
    address text NOT NULL,
    contact_person character varying(100) NOT NULL,
    phone character varying(20) NOT NULL,
    email character varying(254) NOT NULL,
    website character varying(200),
    account_number character varying(50),
    payment_terms character varying(100),
    notes text NOT NULL,
    is_active boolean NOT NULL,
    date_created timestamp with time zone NOT NULL,
    date_updated timestamp with time zone NOT NULL
);


ALTER TABLE public.inventory_supplier OWNER TO scooteruser;

--
-- Name: inventory_supplier_id_seq; Type: SEQUENCE; Schema: public; Owner: scooteruser
--

ALTER TABLE public.inventory_supplier ALTER COLUMN id ADD GENERATED BY DEFAULT AS IDENTITY (
    SEQUENCE NAME public.inventory_supplier_id_seq
    START WITH 1
    INCREMENT BY 1
    NO MINVALUE
    NO MAXVALUE
    CACHE 1
);


--
-- Name: service_jobcard; Type: TABLE; Schema: public; Owner: scooteruser
--

CREATE TABLE public.service_jobcard (
    id bigint NOT NULL,
    job_card_number character varying(100) NOT NULL,
    status character varying(20) NOT NULL,
    priority character varying(20) NOT NULL,
    description text NOT NULL,
    mileage integer NOT NULL,
    date_created timestamp with time zone NOT NULL,
    date_updated timestamp with time zone NOT NULL,
    estimated_completion date,
    actual_completion date,
    labor_hours numeric(5,2) NOT NULL,
    labor_rate numeric(10,2) NOT NULL,
    total_cost numeric(10,2) NOT NULL,
    notes text NOT NULL,
    scooter_id bigint NOT NULL,
    technician_id integer NOT NULL,
    previous_scooter_status character varying(20),
    CONSTRAINT service_jobcard_mileage_check CHECK ((mileage >= 0))
);


ALTER TABLE public.service_jobcard OWNER TO scooteruser;

--
-- Name: service_jobcard_id_seq; Type: SEQUENCE; Schema: public; Owner: scooteruser
--

ALTER TABLE public.service_jobcard ALTER COLUMN id ADD GENERATED BY DEFAULT AS IDENTITY (
    SEQUENCE NAME public.service_jobcard_id_seq
    START WITH 1
    INCREMENT BY 1
    NO MINVALUE
    NO MAXVALUE
    CACHE 1
);


--
-- Name: service_jobcarditem; Type: TABLE; Schema: public; Owner: scooteruser
--

CREATE TABLE public.service_jobcarditem (
    id bigint NOT NULL,
    quantity numeric(10,2) NOT NULL,
    unit_price numeric(10,2) NOT NULL,
    total_price numeric(10,2) NOT NULL,
    date_added timestamp with time zone NOT NULL,
    job_card_id bigint NOT NULL,
    part_id bigint NOT NULL
);


ALTER TABLE public.service_jobcarditem OWNER TO scooteruser;

--
-- Name: service_jobcarditem_id_seq; Type: SEQUENCE; Schema: public; Owner: scooteruser
--

ALTER TABLE public.service_jobcarditem ALTER COLUMN id ADD GENERATED BY DEFAULT AS IDENTITY (
    SEQUENCE NAME public.service_jobcarditem_id_seq
    START WITH 1
    INCREMENT BY 1
    NO MINVALUE
    NO MAXVALUE
    CACHE 1
);


--
-- Name: service_servicechecklist; Type: TABLE; Schema: public; Owner: scooteruser
--

CREATE TABLE public.service_servicechecklist (
    id bigint NOT NULL,
    item_name character varying(200) NOT NULL,
    is_checked boolean NOT NULL,
    notes text NOT NULL,
    date_created timestamp with time zone NOT NULL,
    date_updated timestamp with time zone NOT NULL,
    job_card_id bigint NOT NULL
);


ALTER TABLE public.service_servicechecklist OWNER TO scooteruser;

--
-- Name: service_servicechecklist_id_seq; Type: SEQUENCE; Schema: public; Owner: scooteruser
--

ALTER TABLE public.service_servicechecklist ALTER COLUMN id ADD GENERATED BY DEFAULT AS IDENTITY (
    SEQUENCE NAME public.service_servicechecklist_id_seq
    START WITH 1
    INCREMENT BY 1
    NO MINVALUE
    NO MAXVALUE
    CACHE 1
);


--
-- Name: inventory_scootercategory id; Type: DEFAULT; Schema: public; Owner: scooteruser
--

ALTER TABLE ONLY public.inventory_scootercategory ALTER COLUMN id SET DEFAULT nextval('public.inventory_scootercategory_id_seq'::regclass);


--
-- Data for Name: analytics_dashboard; Type: TABLE DATA; Schema: public; Owner: scooteruser
--

COPY public.analytics_dashboard (id, name, description, is_default, is_public, date_created, date_updated, owner_id) FROM stdin;
\.


--
-- Data for Name: analytics_dashboardwidget; Type: TABLE DATA; Schema: public; Owner: scooteruser
--

COPY public.analytics_dashboardwidget (id, title, widget_type, data_source, config, position_x, position_y, width, height, date_created, date_updated, dashboard_id) FROM stdin;
\.


--
-- Data for Name: analytics_reportschedule; Type: TABLE DATA; Schema: public; Owner: scooteruser
--

COPY public.analytics_reportschedule (id, name, report_type, description, frequency, include_charts, include_raw_data, date_range_days, next_run_date, last_run_date, is_active, date_created, date_updated, created_by_id) FROM stdin;
\.


--
-- Data for Name: analytics_reportschedule_recipients; Type: TABLE DATA; Schema: public; Owner: scooteruser
--

COPY public.analytics_reportschedule_recipients (id, reportschedule_id, user_id) FROM stdin;
\.


--
-- Data for Name: analytics_savedreport; Type: TABLE DATA; Schema: public; Owner: scooteruser
--

COPY public.analytics_savedreport (id, title, report_data, date_generated, is_public, generated_by_id, report_schedule_id) FROM stdin;
\.


--
-- Data for Name: analytics_savedreport_allowed_users; Type: TABLE DATA; Schema: public; Owner: scooteruser
--

COPY public.analytics_savedreport_allowed_users (id, savedreport_id, user_id) FROM stdin;
\.


--
-- Data for Name: auth_group; Type: TABLE DATA; Schema: public; Owner: scooteruser
--

COPY public.auth_group (id, name) FROM stdin;
1	Managers
2	Directors
3	Staff
\.


--
-- Data for Name: auth_group_permissions; Type: TABLE DATA; Schema: public; Owner: scooteruser
--

COPY public.auth_group_permissions (id, group_id, permission_id) FROM stdin;
1	1	1
2	1	2
3	1	4
4	1	5
5	1	6
6	1	8
7	1	9
8	1	10
9	1	12
10	1	13
11	1	14
12	1	16
13	1	17
14	1	18
15	1	20
16	1	21
17	1	22
18	1	24
19	1	25
20	1	26
21	1	28
22	1	29
23	1	30
24	1	32
25	1	33
26	1	34
27	1	36
28	1	37
29	1	38
30	1	40
31	1	41
32	1	42
33	1	44
34	1	45
35	1	46
36	1	48
37	1	49
38	1	50
39	1	52
40	1	53
41	1	54
42	1	56
43	1	57
44	1	58
45	1	60
46	1	61
47	1	62
48	1	64
49	1	65
50	1	66
51	1	68
52	1	69
53	1	70
54	1	72
55	2	1
56	2	2
57	2	3
58	2	4
59	2	5
60	2	6
61	2	7
62	2	8
63	2	9
64	2	10
65	2	11
66	2	12
67	2	13
68	2	14
69	2	15
70	2	16
71	2	17
72	2	18
73	2	19
74	2	20
75	2	21
76	2	22
77	2	23
78	2	24
79	2	25
80	2	26
81	2	27
82	2	28
83	2	29
84	2	30
85	2	31
86	2	32
87	2	33
88	2	34
89	2	35
90	2	36
91	2	37
92	2	38
93	2	39
94	2	40
95	2	41
96	2	42
97	2	43
98	2	44
99	2	45
100	2	46
101	2	47
102	2	48
103	2	49
104	2	50
105	2	51
106	2	52
107	2	53
108	2	54
109	2	55
110	2	56
111	2	57
112	2	58
113	2	59
114	2	60
115	2	61
116	2	62
117	2	63
118	2	64
119	2	65
120	2	66
121	2	67
122	2	68
123	2	69
124	2	70
125	2	71
126	2	72
127	3	1
128	3	4
129	3	5
130	3	8
131	3	9
132	3	12
133	3	13
134	3	16
135	3	17
136	3	20
137	3	21
138	3	24
139	3	25
140	3	28
141	3	29
142	3	32
143	3	33
144	3	36
145	3	37
146	3	40
147	3	41
148	3	44
149	3	45
150	3	48
151	3	49
152	3	52
153	3	53
154	3	56
155	3	57
156	3	60
157	3	61
158	3	64
159	3	65
160	3	68
161	3	69
162	3	72
\.


--
-- Data for Name: auth_permission; Type: TABLE DATA; Schema: public; Owner: scooteruser
--

COPY public.auth_permission (id, name, content_type_id, codename) FROM stdin;
1	Can add log entry	1	add_logentry
2	Can change log entry	1	change_logentry
3	Can delete log entry	1	delete_logentry
4	Can view log entry	1	view_logentry
5	Can add permission	2	add_permission
6	Can change permission	2	change_permission
7	Can delete permission	2	delete_permission
8	Can view permission	2	view_permission
9	Can add group	3	add_group
10	Can change group	3	change_group
11	Can delete group	3	delete_group
12	Can view group	3	view_group
13	Can add user	4	add_user
14	Can change user	4	change_user
15	Can delete user	4	delete_user
16	Can view user	4	view_user
17	Can add content type	5	add_contenttype
18	Can change content type	5	change_contenttype
19	Can delete content type	5	delete_contenttype
20	Can view content type	5	view_contenttype
21	Can add session	6	add_session
22	Can change session	6	change_session
23	Can delete session	6	delete_session
24	Can view session	6	view_session
25	Can add Part	7	add_parts
26	Can change Part	7	change_parts
27	Can delete Part	7	delete_parts
28	Can view Part	7	view_parts
29	Can add scooter	8	add_scooter
30	Can change scooter	8	change_scooter
31	Can delete scooter	8	delete_scooter
32	Can view scooter	8	view_scooter
33	Can add store	9	add_store
34	Can change store	9	change_store
35	Can delete store	9	delete_store
36	Can view store	9	view_store
37	Can add scooter maintenance history	10	add_scootermaintenancehistory
38	Can change scooter maintenance history	10	change_scootermaintenancehistory
39	Can delete scooter maintenance history	10	delete_scootermaintenancehistory
40	Can view scooter maintenance history	10	view_scootermaintenancehistory
41	Can add stock transfer	11	add_stocktransfer
42	Can change stock transfer	11	change_stocktransfer
43	Can delete stock transfer	11	delete_stocktransfer
44	Can view stock transfer	11	view_stocktransfer
45	Can add job card	12	add_jobcard
46	Can change job card	12	change_jobcard
47	Can delete job card	12	delete_jobcard
48	Can view job card	12	view_jobcard
49	Can add job card item	13	add_jobcarditem
50	Can change job card item	13	change_jobcarditem
51	Can delete job card item	13	delete_jobcarditem
52	Can view job card item	13	view_jobcarditem
53	Can add service checklist	14	add_servicechecklist
54	Can change service checklist	14	change_servicechecklist
55	Can delete service checklist	14	delete_servicechecklist
56	Can view service checklist	14	view_servicechecklist
57	Can add customer	15	add_customer
58	Can change customer	15	change_customer
59	Can delete customer	15	delete_customer
60	Can view customer	15	view_customer
61	Can add payment method	16	add_paymentmethod
62	Can change payment method	16	change_paymentmethod
63	Can delete payment method	16	delete_paymentmethod
64	Can view payment method	16	view_paymentmethod
65	Can add rental	17	add_rental
66	Can change rental	17	change_rental
67	Can delete rental	17	delete_rental
68	Can view rental	17	view_rental
69	Can add payment	18	add_payment
70	Can change payment	18	change_payment
71	Can delete payment	18	delete_payment
72	Can view payment	18	view_payment
73	Can add purchase	19	add_purchase
74	Can change purchase	19	change_purchase
75	Can delete purchase	19	delete_purchase
76	Can view purchase	19	view_purchase
77	Can add purchase item	20	add_purchaseitem
78	Can change purchase item	20	change_purchaseitem
79	Can delete purchase item	20	delete_purchaseitem
80	Can view purchase item	20	view_purchaseitem
81	Can add supplier	21	add_supplier
82	Can change supplier	21	change_supplier
83	Can delete supplier	21	delete_supplier
84	Can view supplier	21	view_supplier
85	Can add inventory alert	22	add_inventoryalert
86	Can change inventory alert	22	change_inventoryalert
87	Can delete inventory alert	22	delete_inventoryalert
88	Can view inventory alert	22	view_inventoryalert
89	Can add dashboard widget	23	add_dashboardwidget
90	Can change dashboard widget	23	change_dashboardwidget
91	Can delete dashboard widget	23	delete_dashboardwidget
92	Can view dashboard widget	23	view_dashboardwidget
93	Can add saved report	24	add_savedreport
94	Can change saved report	24	change_savedreport
95	Can delete saved report	24	delete_savedreport
96	Can view saved report	24	view_savedreport
97	Can add dashboard	25	add_dashboard
98	Can change dashboard	25	change_dashboard
99	Can delete dashboard	25	delete_dashboard
100	Can view dashboard	25	view_dashboard
101	Can add report schedule	26	add_reportschedule
102	Can change report schedule	26	change_reportschedule
103	Can delete report schedule	26	delete_reportschedule
104	Can view report schedule	26	view_reportschedule
105	Can add rental category	27	add_rentalcategory
106	Can change rental category	27	change_rentalcategory
107	Can delete rental category	27	delete_rentalcategory
108	Can view rental category	27	view_rentalcategory
109	Can add scooter category	28	add_scootercategory
110	Can change scooter category	28	change_scootercategory
111	Can delete scooter category	28	delete_scootercategory
112	Can view scooter category	28	view_scootercategory
\.


--
-- Data for Name: auth_user; Type: TABLE DATA; Schema: public; Owner: scooteruser
--

COPY public.auth_user (id, password, last_login, is_superuser, username, first_name, last_name, email, is_staff, is_active, date_joined) FROM stdin;
3	pbkdf2_sha256$1000000$p6jnNl8KBhOT9I4kdrBz1b$05NN1HRW5cGLCeC1ALuU7RSDOTWW9ippsz/uBOlJJ/c=	\N	f	Trymore	Trymore			t	t	2025-05-12 15:07:03+02
4	pbkdf2_sha256$1000000$LGZRioMRPowzKZQKFOS5qY$ChwqW0nmegwoAGv/rB9ImGYaiC/G67j7jQECNYxnERk=	\N	f	Pete	Pete	Milne	pete@scoottdr.co.za	f	t	2025-05-12 19:39:07+02
1	pbkdf2_sha256$1000000$d8ktIdodJScXs02GNexfXz$0A0iB3GcOehbMrk+K2BoXKCFEqR8tgJ6AmCxeg3JYeo=	2025-05-16 17:30:58.519957+02	t	hussein			mmhussein13@outlook.com	t	t	2025-05-05 20:53:55+02
2	pbkdf2_sha256$1000000$PbAO8ViibaigsbGjDLrsEn$D41LoG1vfWqEYeixnJE1cMYY74nrYoRPJnT74Piesbs=	2025-05-15 15:40:41.17282+02	f	Elleck	Elleck	M		t	t	2025-05-08 07:01:36+02
5	pbkdf2_sha256$1000000$1iJQ3t8RB49M8u48YjudBL$sFYDcic6I84CrAg1JPTPBmjhIhfQ8DNBNCAQCz9xlkQ=	2025-05-15 20:54:50.562482+02	f	kato12	Kato	Amos	mmhussein13@yahoo.ca	f	t	2025-05-15 15:37:27.995041+02
\.


--
-- Data for Name: auth_user_groups; Type: TABLE DATA; Schema: public; Owner: scooteruser
--

COPY public.auth_user_groups (id, user_id, group_id) FROM stdin;
1	2	3
2	1	2
3	3	3
4	4	2
\.


--
-- Data for Name: auth_user_user_permissions; Type: TABLE DATA; Schema: public; Owner: scooteruser
--

COPY public.auth_user_user_permissions (id, user_id, permission_id) FROM stdin;
1	2	17
2	2	20
3	2	21
4	2	24
5	2	25
6	2	28
7	2	29
8	2	32
9	2	33
10	2	36
11	2	37
12	2	40
13	2	41
14	2	44
15	2	45
16	2	48
17	2	49
18	2	52
19	2	53
20	2	56
21	2	57
22	2	60
23	2	61
24	2	64
25	2	65
26	2	68
27	2	69
28	2	72
29	1	1
30	1	2
31	1	3
32	1	4
33	1	5
34	1	6
35	1	7
36	1	8
37	1	9
38	1	10
39	1	11
40	1	12
41	1	13
42	1	14
43	1	15
44	1	16
45	1	17
46	1	18
47	1	19
48	1	20
49	1	21
50	1	22
51	1	23
52	1	24
53	1	25
54	1	26
55	1	27
56	1	28
57	1	29
58	1	30
59	1	31
60	1	32
61	1	33
62	1	34
63	1	35
64	1	36
65	1	37
66	1	38
67	1	39
68	1	40
69	1	41
70	1	42
71	1	43
72	1	44
73	1	45
74	1	46
75	1	47
76	1	48
77	1	49
78	1	50
79	1	51
80	1	52
81	1	53
82	1	54
83	1	55
84	1	56
85	1	57
86	1	58
87	1	59
88	1	60
89	1	61
90	1	62
91	1	63
92	1	64
93	1	65
94	1	66
95	1	67
96	1	68
97	1	69
98	1	70
99	1	71
100	1	72
101	3	1
102	3	4
103	3	5
104	3	8
105	3	9
106	3	12
107	3	13
108	3	16
109	3	17
110	3	20
111	3	21
112	3	24
113	3	25
114	3	28
115	3	29
116	3	32
117	3	33
118	3	36
119	3	37
120	3	40
121	3	41
122	3	44
123	3	45
124	3	48
125	3	49
126	3	52
127	3	53
128	3	56
129	3	57
130	3	60
131	3	61
132	3	64
133	3	65
134	3	68
135	3	69
136	3	72
137	3	73
138	3	76
139	3	77
140	3	80
141	3	81
142	3	84
143	3	85
144	3	88
145	3	89
146	3	92
147	3	93
148	3	96
149	3	97
150	3	100
151	3	101
152	3	104
153	4	1
154	4	2
155	4	3
156	4	4
157	4	5
158	4	6
159	4	7
160	4	8
161	4	9
162	4	10
163	4	11
164	4	12
165	4	13
166	4	14
167	4	15
168	4	16
169	4	17
170	4	18
171	4	19
172	4	20
173	4	21
174	4	22
175	4	23
176	4	24
177	4	25
178	4	26
179	4	27
180	4	28
181	4	29
182	4	30
183	4	31
184	4	32
185	4	33
186	4	34
187	4	35
188	4	36
189	4	37
190	4	38
191	4	39
192	4	40
193	4	41
194	4	42
195	4	43
196	4	44
197	4	45
198	4	46
199	4	47
200	4	48
201	4	49
202	4	50
203	4	51
204	4	52
205	4	53
206	4	54
207	4	55
208	4	56
209	4	57
210	4	58
211	4	59
212	4	60
213	4	61
214	4	62
215	4	63
216	4	64
217	4	65
218	4	66
219	4	67
220	4	68
221	4	69
222	4	70
223	4	71
224	4	72
225	4	73
226	4	74
227	4	75
228	4	76
229	4	77
230	4	78
231	4	79
232	4	80
233	4	81
234	4	82
235	4	83
236	4	84
237	4	85
238	4	86
239	4	87
240	4	88
241	4	89
242	4	90
243	4	91
244	4	92
245	4	93
246	4	94
247	4	95
248	4	96
249	4	97
250	4	98
251	4	99
252	4	100
253	4	101
254	4	102
255	4	103
256	4	104
\.


--
-- Data for Name: customers_customer; Type: TABLE DATA; Schema: public; Owner: scooteruser
--

COPY public.customers_customer (id, first_name, last_name, email, phone, address, city, state, postal_code, country, driver_license, date_of_birth, notes, is_active, date_created, date_updated) FROM stdin;
1	Kyobe	Ismael	info@torqlubricants.co.za	0837288948	Kew	Pretoria	Gauteng	0083	South Africa	12233445	1993-10-10		t	2025-05-05 21:15:13.216694+02	2025-05-05 21:15:13.216724+02
\.


--
-- Data for Name: customers_payment; Type: TABLE DATA; Schema: public; Owner: scooteruser
--

COPY public.customers_payment (id, amount, payment_date, status, transaction_id, notes, date_created, date_updated, payment_method_id, rental_id) FROM stdin;
1	100.00	2025-05-05 21:27:25.996622+02	completed			2025-05-05 21:27:25.996937+02	2025-05-05 21:27:25.996953+02	1	1
2	100.00	2025-05-06 01:15:57.158896+02	completed			2025-05-06 01:15:57.159229+02	2025-05-06 01:15:57.159239+02	1	2
\.


--
-- Data for Name: customers_paymentmethod; Type: TABLE DATA; Schema: public; Owner: scooteruser
--

COPY public.customers_paymentmethod (id, payment_type, card_number, card_holder_name, expiry_date, is_default, is_active, date_created, date_updated, customer_id) FROM stdin;
1	cash				f	t	2025-05-05 21:15:28.092067+02	2025-05-05 21:15:28.092088+02	1
\.


--
-- Data for Name: customers_rental; Type: TABLE DATA; Schema: public; Owner: scooteruser
--

COPY public.customers_rental (id, rental_number, start_date, expected_end_date, end_date, rate_type, rate_amount, status, deposit_amount, deposit_returned, total_amount, mileage_start, mileage_end, notes, date_created, date_updated, created_by_id, customer_id, scooter_id, category_id) FROM stdin;
1	R000001	2025-05-05 21:25:00+02	2025-05-06 21:25:00+02	2025-05-05 21:26:58.099432+02	daily	100.00	completed	600.00	f	100.00	5	500		2025-05-05 21:25:51.432445+02	2025-05-05 21:26:58.220696+02	1	1	1	\N
2	R000002	2025-05-05 21:39:00+02	2025-05-06 21:39:00+02	2025-05-06 01:15:40.692848+02	daily	100.00	completed	600.00	f	100.00	500	600		2025-05-05 21:40:05.955121+02	2025-05-06 01:15:40.718897+02	1	1	1	\N
3	R000003	2025-05-15 12:00:00+02	2025-06-06 12:00:00+02	\N	daily	225.00	active	1000.00	f	\N	26119	\N		2025-05-15 07:30:42.16412+02	2025-05-15 07:30:42.164182+02	1	1	4	\N
\.


--
-- Data for Name: customers_rentalcategory; Type: TABLE DATA; Schema: public; Owner: scooteruser
--

COPY public.customers_rentalcategory (id, category, description, one_day_price, two_to_ten_days_price, eleven_to_twentynine_days_price, thirty_plus_days_price, date_created, date_updated) FROM stdin;
\.


--
-- Data for Name: django_admin_log; Type: TABLE DATA; Schema: public; Owner: scooteruser
--

COPY public.django_admin_log (id, action_time, object_id, object_repr, action_flag, change_message, content_type_id, user_id) FROM stdin;
1	2025-05-08 07:01:37.623463+02	2	Elleck	1	[{"added": {}}]	4	1
2	2025-05-08 07:06:15.869078+02	2	Elleck	2	[{"changed": {"fields": ["First name", "Last name", "Staff status", "User permissions"]}}]	4	1
3	2025-05-08 07:12:43.562157+02	1	Managers	1	[{"added": {}}]	3	1
4	2025-05-08 07:13:11.603486+02	2	Directors	1	[{"added": {}}]	3	1
5	2025-05-08 07:14:38.012297+02	3	Staff	1	[{"added": {}}]	3	1
6	2025-05-08 07:15:27.234526+02	2	Elleck	2	[{"changed": {"fields": ["Groups"]}}]	4	1
7	2025-05-08 07:16:00.692486+02	1	hussein	2	[{"changed": {"fields": ["Groups", "User permissions"]}}]	4	1
8	2025-05-12 15:07:04.969804+02	3	Trmore	1	[{"added": {}}]	4	1
9	2025-05-12 15:09:43.708674+02	3	Trmore	2	[{"changed": {"fields": ["First name", "Staff status", "Groups", "User permissions"]}}]	4	1
10	2025-05-12 15:10:16.907741+02	3	Trymore	2	[{"changed": {"fields": ["Username"]}}]	4	1
11	2025-05-12 19:39:10.24994+02	4	Pete	1	[{"added": {}}]	4	1
12	2025-05-12 19:40:30.379845+02	4	Pete	2	[{"changed": {"fields": ["First name", "Last name", "Email address", "Groups", "User permissions"]}}]	4	1
\.


--
-- Data for Name: django_content_type; Type: TABLE DATA; Schema: public; Owner: scooteruser
--

COPY public.django_content_type (id, app_label, model) FROM stdin;
1	admin	logentry
2	auth	permission
3	auth	group
4	auth	user
5	contenttypes	contenttype
6	sessions	session
7	inventory	parts
8	inventory	scooter
9	inventory	store
10	inventory	scootermaintenancehistory
11	inventory	stocktransfer
12	service	jobcard
13	service	jobcarditem
14	service	servicechecklist
15	customers	customer
16	customers	paymentmethod
17	customers	rental
18	customers	payment
19	inventory	purchase
20	inventory	purchaseitem
21	inventory	supplier
22	inventory	inventoryalert
23	analytics	dashboardwidget
24	analytics	savedreport
25	analytics	dashboard
26	analytics	reportschedule
27	customers	rentalcategory
28	inventory	scootercategory
\.


--
-- Data for Name: django_migrations; Type: TABLE DATA; Schema: public; Owner: scooteruser
--

COPY public.django_migrations (id, app, name, applied) FROM stdin;
1	contenttypes	0001_initial	2025-05-05 20:53:08.941662+02
2	auth	0001_initial	2025-05-05 20:53:09.432448+02
3	admin	0001_initial	2025-05-05 20:53:09.709134+02
4	admin	0002_logentry_remove_auto_add	2025-05-05 20:53:09.722643+02
5	admin	0003_logentry_add_action_flag_choices	2025-05-05 20:53:09.792486+02
6	contenttypes	0002_remove_content_type_name	2025-05-05 20:53:09.894624+02
7	auth	0002_alter_permission_name_max_length	2025-05-05 20:53:09.946633+02
8	auth	0003_alter_user_email_max_length	2025-05-05 20:53:10.017125+02
9	auth	0004_alter_user_username_opts	2025-05-05 20:53:10.069935+02
10	auth	0005_alter_user_last_login_null	2025-05-05 20:53:10.141547+02
11	auth	0006_require_contenttypes_0002	2025-05-05 20:53:10.193113+02
12	auth	0007_alter_validators_add_error_messages	2025-05-05 20:53:10.242543+02
13	auth	0008_alter_user_username_max_length	2025-05-05 20:53:10.296143+02
14	auth	0009_alter_user_last_name_max_length	2025-05-05 20:53:10.315258+02
15	auth	0010_alter_group_name_max_length	2025-05-05 20:53:10.335413+02
16	auth	0011_update_proxy_permissions	2025-05-05 20:53:10.347957+02
17	auth	0012_alter_user_first_name_max_length	2025-05-05 20:53:10.371646+02
18	inventory	0001_initial	2025-05-05 20:53:10.523934+02
19	customers	0001_initial	2025-05-05 20:53:10.759335+02
20	service	0001_initial	2025-05-05 20:53:10.871996+02
21	sessions	0001_initial	2025-05-05 20:53:10.886225+02
22	inventory	0002_alter_parts_part_number_alter_parts_unique_together	2025-05-05 21:58:16.868642+02
23	inventory	0003_alter_parts_current_stock_alter_parts_reorder_level_and_more	2025-05-06 00:43:32.407404+02
24	service	0002_alter_jobcarditem_quantity	2025-05-06 01:12:36.253935+02
25	inventory	0004_scooter_license_number	2025-05-06 13:35:50.933979+02
26	inventory	0005_supplier_purchase_purchaseitem_scooter_supplier	2025-05-08 18:32:08.796551+02
27	inventory	0006_purchaseitem_store	2025-05-08 19:38:15.683068+02
28	analytics	0001_initial	2025-05-08 21:50:07.495634+02
29	inventory	0007_inventoryalert	2025-05-08 21:50:07.574735+02
30	service	0003_jobcard_previous_scooter_status	2025-05-10 06:54:56.581929+02
31	customers	0002_rentalcategory_alter_rental_rate_type_and_more	2025-05-14 19:13:42.48698+02
32	inventory	0008_scooter_category	2025-05-15 07:26:19.651434+02
\.


--
-- Data for Name: django_session; Type: TABLE DATA; Schema: public; Owner: scooteruser
--

COPY public.django_session (session_key, session_data, expire_date) FROM stdin;
geqyoahqboa3zlxpc8enotpfdg8pcotn	.eJxVjE0OwiAYBe_C2pBCAcGl-56BfH-RqoGktCvj3bVJF7p9M_NeKsO2lrx1WfLM6qKMOv1uCPSQugO-Q701Ta2uy4x6V_RBu54ay_N6uH8HBXr51kRorDUSB-8wIafBgVg05-AwjswIYkAoig-RyWBgT-DHBDFRHEXU-wP-HDjq:1uC0xm:xX4hVJX9CmPC--joZyccgEwSeJLtITmVgeO24BEhaBM	2025-05-19 20:54:50.081835+02
r4tcwwvdfpldntryy9zkob4apgy18umj	.eJxVjE0OwiAYBe_C2pBCAcGl-56BfH-RqoGktCvj3bVJF7p9M_NeKsO2lrx1WfLM6qKMOv1uCPSQugO-Q701Ta2uy4x6V_RBu54ay_N6uH8HBXr51kRorDUSB-8wIafBgVg05-AwjswIYkAoig-RyWBgT-DHBDFRHEXU-wP-HDjq:1uCMPY:jwLB1JJ14K1YbFLIXfmtESREf_-TP7g4Q6Er_aiyYGQ	2025-05-20 19:48:56.363644+02
bgqbgicle1vldwb76c3uioohep5sjxlb	.eJxVjE0OwiAYBe_C2pBCAcGl-56BfH-RqoGktCvj3bVJF7p9M_NeKsO2lrx1WfLM6qKMOv1uCPSQugO-Q701Ta2uy4x6V_RBu54ay_N6uH8HBXr51kRorDUSB-8wIafBgVg05-AwjswIYkAoig-RyWBgT-DHBDFRHEXU-wP-HDjq:1uEm5C:SVT0o0q2Bvo6eOWPlvRAPjKrSW27KhIFUIYssNiDKvA	2025-05-13 11:42:54.407467+02
uh6wls56irgfzmpe5ad4zwvelosuqrws	.eJxVjE0OwiAYBe_C2pBCAcGl-56BfH-RqoGktCvj3bVJF7p9M_NeKsO2lrx1WfLM6qKMOv1uCPSQugO-Q701Ta2uy4x6V_RBu54ay_N6uH8HBXr51kRorDUSB-8wIafBgVg05-AwjswIYkAoig-RyWBgT-DHBDFRHEXU-wP-HDjq:1uFCYF:8RIcOcKQd_9dD-z37lT1SWtBvGyvHOAa0eh9mWHKf-I	2025-05-14 15:58:39.595073+02
s2mlc2dhj4ylsnmlrmr0kiylpmp6fsgu	.eJxVjE0OwiAYBe_C2pBCAcGl-56BfH-RqoGktCvj3bVJF7p9M_NeKsO2lrx1WfLM6qKMOv1uCPSQugO-Q701Ta2uy4x6V_RBu54ay_N6uH8HBXr51kRorDUSB-8wIafBgVg05-AwjswIYkAoig-RyWBgT-DHBDFRHEXU-wP-HDjq:1uEQSm:KwEsV5e3R7jMj1U6Liqc58SaageIHzTv1QEdR7_SLew	2025-05-12 12:37:48.572846+02
s7cqt7qctjfgyg7o28lnsvaavyro7k7r	.eJxVjE0OwiAYBe_C2pBCAcGl-56BfH-RqoGktCvj3bVJF7p9M_NeKsO2lrx1WfLM6qKMOv1uCPSQugO-Q701Ta2uy4x6V_RBu54ay_N6uH8HBXr51kRorDUSB-8wIafBgVg05-AwjswIYkAoig-RyWBgT-DHBDFRHEXU-wP-HDjq:1uDHAB:b3wCbXzBRFT8xOD9PCx2rIMPMkKblzLfPDFY4elSONg	2025-05-23 08:24:51.162796+02
i6lw8wr6nfrwsmv6wcdm5m014ne10h3m	.eJxVjE0OwiAYBe_C2pBCAcGl-56BfH-RqoGktCvj3bVJF7p9M_NeKsO2lrx1WfLM6qKMOv1uCPSQugO-Q701Ta2uy4x6V_RBu54ay_N6uH8HBXr51kRorDUSB-8wIafBgVg05-AwjswIYkAoig-RyWBgT-DHBDFRHEXU-wP-HDjq:1uDM5y:CDQq1oZV5Q7WU2j9cF1jSwTmxNBfbfD1XLAGJqVhPDI	2025-05-23 13:40:50.327832+02
1c12vbwi78zv6qpo24s32ouhkgtckj9n	.eJxVjE0OwiAYBe_C2pBCAcGl-56BfH-RqoGktCvj3bVJF7p9M_NeKsO2lrx1WfLM6qKMOv1uCPSQugO-Q701Ta2uy4x6V_RBu54ay_N6uH8HBXr51kRorDUSB-8wIafBgVg05-AwjswIYkAoig-RyWBgT-DHBDFRHEXU-wP-HDjq:1uFD0O:QOoDWPswwTlqH1pExnP-k5rP3ZaV40lNL8KMFaDAYTE	2025-05-14 16:27:44.281077+02
puteg7ra7igxbvh3czxsk33a69wxmf43	.eJxVjE0OwiAYBe_C2pBCAcGl-56BfH-RqoGktCvj3bVJF7p9M_NeKsO2lrx1WfLM6qKMOv1uCPSQugO-Q701Ta2uy4x6V_RBu54ay_N6uH8HBXr51kRorDUSB-8wIafBgVg05-AwjswIYkAoig-RyWBgT-DHBDFRHEXU-wP-HDjq:1uEPlC:G7ADmtS-6Jtb6PrGGzdijaosEjnlKlFLWscYxJiaF80	2025-05-12 11:52:46.107277+02
czxdanlf5i7tnca0as31svt9wwng1d6n	.eJxVjMsOwiAQRf-FtSFAeTgu3fsNzTADUjWQlHZl_HdD0oVu7znnvsWM-1bmvad1XlhchBGn3y0iPVMdgB9Y701Sq9u6RDkUedAub43T63q4fwcFexm1CaiAvQIKYCyYQJ4155A5GySFVofE7HlS0enk4uSCsRpYaTojoPh8Aec1N_0:1uDpN6:Qh-DxrTSBxF9F5ZYyCxZYvf0gm8VmfJuvtSfUxZyPJM	2025-05-10 21:01:28.602879+02
jmsf38jh025z5x2onwkq2mc78cs8t2k3	.eJxVjE0OwiAYBe_C2pBCAcGl-56BfH-RqoGktCvj3bVJF7p9M_NeKsO2lrx1WfLM6qKMOv1uCPSQugO-Q701Ta2uy4x6V_RBu54ay_N6uH8HBXr51kRorDUSB-8wIafBgVg05-AwjswIYkAoig-RyWBgT-DHBDFRHEXU-wP-HDjq:1uEo1p:8ZcOv-bqrcfpmegJEsA1SVldvqHUZ8q_5K5o3Nnz9p4	2025-05-13 13:47:33.516184+02
yh4fayleh90gyip1rfaep9fiy932nu47	.eJxVjE0OwiAYBe_C2pBCAcGl-56BfH-RqoGktCvj3bVJF7p9M_NeKsO2lrx1WfLM6qKMOv1uCPSQugO-Q701Ta2uy4x6V_RBu54ay_N6uH8HBXr51kRorDUSB-8wIafBgVg05-AwjswIYkAoig-RyWBgT-DHBDFRHEXU-wP-HDjq:1uDpci:SoVB33q8ZMQS460XMPdoHf0WSSY0cCCJCSLnnOTLb5s	2025-05-10 21:17:36.565813+02
halany4pdv2oggnrgfgokh1afdam8mi6	.eJxVjE0OwiAYBe_C2pBCAcGl-56BfH-RqoGktCvj3bVJF7p9M_NeKsO2lrx1WfLM6qKMOv1uCPSQugO-Q701Ta2uy4x6V_RBu54ay_N6uH8HBXr51kRorDUSB-8wIafBgVg05-AwjswIYkAoig-RyWBgT-DHBDFRHEXU-wP-HDjq:1uEX8g:Ksg228Z11QHK_pz33W5ijNtyEhBJHJtCKfvm67xAVw0	2025-05-12 19:45:30.80333+02
h5ig6zb39minnfvw6s88869e9x0q3ews	.eJxVjE0OwiAYBe_C2pBCAcGl-56BfH-RqoGktCvj3bVJF7p9M_NeKsO2lrx1WfLM6qKMOv1uCPSQugO-Q701Ta2uy4x6V_RBu54ay_N6uH8HBXr51kRorDUSB-8wIafBgVg05-AwjswIYkAoig-RyWBgT-DHBDFRHEXU-wP-HDjq:1uEle4:7u-p4KgLjX0yJfbEF4F8zXZGwp0NLkQkVW-FXcG5oww	2025-05-13 11:14:52.033885+02
222lt28x3pttev1c9ji8n20w5vgynbs3	.eJxVjE0OwiAYBe_C2pBCAcGl-56BfH-RqoGktCvj3bVJF7p9M_NeKsO2lrx1WfLM6qKMOv1uCPSQugO-Q701Ta2uy4x6V_RBu54ay_N6uH8HBXr51kRorDUSB-8wIafBgVg05-AwjswIYkAoig-RyWBgT-DHBDFRHEXU-wP-HDjq:1uEQlt:wndPmBoU4MY9FinDMGD_oC2xK9DpymndvONOeVu7kVY	2025-05-12 12:57:33.41738+02
bzp5xur61j1fzh8hw66zrqs9c8po7al4	.eJxVjE0OwiAYBe_C2pBCAcGl-56BfH-RqoGktCvj3bVJF7p9M_NeKsO2lrx1WfLM6qKMOv1uCPSQugO-Q701Ta2uy4x6V_RBu54ay_N6uH8HBXr51kRorDUSB-8wIafBgVg05-AwjswIYkAoig-RyWBgT-DHBDFRHEXU-wP-HDjq:1uFFoR:JqP1RV7oxM__-DKn1TDe0V3e81uC2Q3oX86uW-kebTo	2025-05-14 19:27:35.874609+02
mmmzjg1cyupc07qunxyq4cl9zvwthxy5	.eJxVjE0OwiAYBe_C2pBCAcGl-56BfH-RqoGktCvj3bVJF7p9M_NeKsO2lrx1WfLM6qKMOv1uCPSQugO-Q701Ta2uy4x6V_RBu54ay_N6uH8HBXr51kRorDUSB-8wIafBgVg05-AwjswIYkAoig-RyWBgT-DHBDFRHEXU-wP-HDjq:1uERBD:YPLXrJgbbpM2W37gEBzWItK5eYXB7LDN46-tkk3QEHU	2025-05-12 13:23:43.210782+02
zcole5fqjhrwleihs75y5mtwu6mqi7u4	.eJxVjE0OwiAYBe_C2pBCAcGl-56BfH-RqoGktCvj3bVJF7p9M_NeKsO2lrx1WfLM6qKMOv1uCPSQugO-Q701Ta2uy4x6V_RBu54ay_N6uH8HBXr51kRorDUSB-8wIafBgVg05-AwjswIYkAoig-RyWBgT-DHBDFRHEXU-wP-HDjq:1uFCRc:N9p1sjJ5L9DgCyYf5xB5JpNUBKvPyyO-StH7Y8Do7hE	2025-05-14 15:51:48.228232+02
m42dvrisv588qtdkyp0y4mdkcstt6uns	.eJxVjE0OwiAYBe_C2pBCAcGl-56BfH-RqoGktCvj3bVJF7p9M_NeKsO2lrx1WfLM6qKMOv1uCPSQugO-Q701Ta2uy4x6V_RBu54ay_N6uH8HBXr51kRorDUSB-8wIafBgVg05-AwjswIYkAoig-RyWBgT-DHBDFRHEXU-wP-HDjq:1uFG8V:fKAw5skOjM8Vk8nMmr3qjZgVshB2RvJLx0S5ETZdJZU	2025-05-14 19:48:19.771874+02
gv6uld1olwbbyd93s0k02nzu1hh1sf4k	.eJxVjE0OwiAYBe_C2pBCAcGl-56BfH-RqoGktCvj3bVJF7p9M_NeKsO2lrx1WfLM6qKMOv1uCPSQugO-Q701Ta2uy4x6V_RBu54ay_N6uH8HBXr51kRorDUSB-8wIafBgVg05-AwjswIYkAoig-RyWBgT-DHBDFRHEXU-wP-HDjq:1uFIHp:2T6bAZ8Rh5PDDh1x9YhcCoWxhcV-46rjwD_50t6FcA0	2025-05-14 22:06:05.360568+02
zp13kiqn135bv7klcssgzminey52c06x	.eJxVjE0OwiAYBe_C2pBCAcGl-56BfH-RqoGktCvj3bVJF7p9M_NeKsO2lrx1WfLM6qKMOv1uCPSQugO-Q701Ta2uy4x6V_RBu54ay_N6uH8HBXr51kRorDUSB-8wIafBgVg05-AwjswIYkAoig-RyWBgT-DHBDFRHEXU-wP-HDjq:1uFISo:DJcvo3gSewiMrYTHpcyy1Kw_CtrysrseXA8VyroKPMw	2025-05-14 22:17:26.678244+02
6l84o5eunidw0357ofc3y7juudks702e	.eJxVjE0OwiAYBe_C2pBCAcGl-56BfH-RqoGktCvj3bVJF7p9M_NeKsO2lrx1WfLM6qKMOv1uCPSQugO-Q701Ta2uy4x6V_RBu54ay_N6uH8HBXr51kRorDUSB-8wIafBgVg05-AwjswIYkAoig-RyWBgT-DHBDFRHEXU-wP-HDjq:1uFJsE:2Lc9YLo9Gisz_MmxCFeCWlfPl2oeW5zhqkqXj8iAkIU	2025-05-14 23:47:46.544733+02
7x0dkms87ybag48l38yz53w5unkw026a	.eJxVjE0OwiAYBe_C2pBCAcGl-56BfH-RqoGktCvj3bVJF7p9M_NeKsO2lrx1WfLM6qKMOv1uCPSQugO-Q701Ta2uy4x6V_RBu54ay_N6uH8HBXr51kRorDUSB-8wIafBgVg05-AwjswIYkAoig-RyWBgT-DHBDFRHEXU-wP-HDjq:1uFRuk:Bm6CjSxZRkvUd7zHcfB7iSTELT4D5nnVgUtOdp2ZMJQ	2025-05-15 08:22:54.551871+02
b1d9ys20dx0atxe79h46yh1hakl2hzta	.eJxVjE0OwiAYBe_C2pBCAcGl-56BfH-RqoGktCvj3bVJF7p9M_NeKsO2lrx1WfLM6qKMOv1uCPSQugO-Q701Ta2uy4x6V_RBu54ay_N6uH8HBXr51kRorDUSB-8wIafBgVg05-AwjswIYkAoig-RyWBgT-DHBDFRHEXU-wP-HDjq:1uFRB6:zSGkCWN_nKmIOoHazRfySbtiqS_8euIQD7uLs0Dw-X4	2025-05-15 07:35:44.812301+02
w4hf1q1139wm9rggt12djp5oiyzyezek	.eJxVjE0OwiAYBe_C2pBCAcGl-56BfH-RqoGktCvj3bVJF7p9M_NeKsO2lrx1WfLM6qKMOv1uCPSQugO-Q701Ta2uy4x6V_RBu54ay_N6uH8HBXr51kRorDUSB-8wIafBgVg05-AwjswIYkAoig-RyWBgT-DHBDFRHEXU-wP-HDjq:1uFRPE:uVPBEpGBj4YCJw8s0IHjAK7cJSl7yLV4Bsi4wZPR5SQ	2025-05-15 07:50:20.792187+02
mefwi1fwxghgofj5d5qe9bd2ld7xg4ju	.eJxVjE0OwiAYBe_C2pBCAcGl-56BfH-RqoGktCvj3bVJF7p9M_NeKsO2lrx1WfLM6qKMOv1uCPSQugO-Q701Ta2uy4x6V_RBu54ay_N6uH8HBXr51kRorDUSB-8wIafBgVg05-AwjswIYkAoig-RyWBgT-DHBDFRHEXU-wP-HDjq:1uFSOn:43vUXwXkJ9OxM4Xqk9d1FhXr1-TzUG_Xf2_T9vhdKD4	2025-05-15 08:53:57.976174+02
z9u3fgitjqqpns6ngt9kidt2uso8few2	.eJxVjE0OwiAYBe_C2pBCAcGl-56BfH-RqoGktCvj3bVJF7p9M_NeKsO2lrx1WfLM6qKMOv1uCPSQugO-Q701Ta2uy4x6V_RBu54ay_N6uH8HBXr51kRorDUSB-8wIafBgVg05-AwjswIYkAoig-RyWBgT-DHBDFRHEXU-wP-HDjq:1uFmb2:OHFcW_DlB4syH9kBgSs9NYsedG6Lt17K7QxS-QB-I1A	2025-05-16 06:27:56.991484+02
qdu71cre1jsw7ajsv766r40xahvg3gxd	.eJxVjE0OwiAYBe_C2pBCAcGl-56BfH-RqoGktCvj3bVJF7p9M_NeKsO2lrx1WfLM6qKMOv1uCPSQugO-Q701Ta2uy4x6V_RBu54ay_N6uH8HBXr51kRorDUSB-8wIafBgVg05-AwjswIYkAoig-RyWBgT-DHBDFRHEXU-wP-HDjq:1uFqEd:sbRnvQS5wO5zfM28Z-LaPhakE13ktyoe6Fhz7yzHZWE	2025-05-16 10:21:03.828816+02
9kdphlgg29slijcg5krxjxbpmeh36awa	.eJxVjE0OwiAYBe_C2pBCAcGl-56BfH-RqoGktCvj3bVJF7p9M_NeKsO2lrx1WfLM6qKMOv1uCPSQugO-Q701Ta2uy4x6V_RBu54ay_N6uH8HBXr51kRorDUSB-8wIafBgVg05-AwjswIYkAoig-RyWBgT-DHBDFRHEXU-wP-HDjq:1uFoHM:PVoyshIb9WJTkJUnyu56KPFjxJbGa7PVHOltldXn6TE	2025-05-16 08:15:44.240332+02
8hnggc907sajf9jpyqy9tzkyz7oryhpk	.eJxVjE0OwiAYBe_C2pBCAcGl-56BfH-RqoGktCvj3bVJF7p9M_NeKsO2lrx1WfLM6qKMOv1uCPSQugO-Q701Ta2uy4x6V_RBu54ay_N6uH8HBXr51kRorDUSB-8wIafBgVg05-AwjswIYkAoig-RyWBgT-DHBDFRHEXU-wP-HDjq:1uFdRk:o1CPS5C_-6r6Nx1yWgAElpxU7AzhOfzvNJXHVSbYvXs	2025-05-15 20:41:44.425435+02
v8x8m0bugll0untgn81p7dmymjfrtzq4	.eJxVjE0OwiAYBe_C2pBCAcGl-56BfH-RqoGktCvj3bVJF7p9M_NeKsO2lrx1WfLM6qKMOv1uCPSQugO-Q701Ta2uy4x6V_RBu54ay_N6uH8HBXr51kRorDUSB-8wIafBgVg05-AwjswIYkAoig-RyWBgT-DHBDFRHEXU-wP-HDjq:1uFoTs:tperSJ1zIOWMmmnKdbcXWQYsIx0s68Y6K4L29ZAbPZE	2025-05-16 08:28:40.216074+02
r31gbbk0snac99os2lnjawljjpvpx2zo	.eJxVjE0OwiAYBe_C2pBCAcGl-56BfH-RqoGktCvj3bVJF7p9M_NeKsO2lrx1WfLM6qKMOv1uCPSQugO-Q701Ta2uy4x6V_RBu54ay_N6uH8HBXr51kRorDUSB-8wIafBgVg05-AwjswIYkAoig-RyWBgT-DHBDFRHEXU-wP-HDjq:1uFn8w:-UHXaH5vszTYkt8FqscMnGqsMZGklUpvTTHTxfrfLgI	2025-05-16 07:02:58.838502+02
92m38recxa26cyetvzfa1sfwxq39kyot	.eJxVjE0OwiAYBe_C2pBCAcGl-56BfH-RqoGktCvj3bVJF7p9M_NeKsO2lrx1WfLM6qKMOv1uCPSQugO-Q701Ta2uy4x6V_RBu54ay_N6uH8HBXr51kRorDUSB-8wIafBgVg05-AwjswIYkAoig-RyWBgT-DHBDFRHEXU-wP-HDjq:1uFobF:B2GzqvGzG_RCcxo-JM23umtX7PZkMeoFluV9HH_0dKc	2025-05-16 08:36:17.828868+02
yarntr0j5n5jldogg5cvd3nhut8a7oj1	.eJxVjE0OwiAYBe_C2pBCAcGl-56BfH-RqoGktCvj3bVJF7p9M_NeKsO2lrx1WfLM6qKMOv1uCPSQugO-Q701Ta2uy4x6V_RBu54ay_N6uH8HBXr51kRorDUSB-8wIafBgVg05-AwjswIYkAoig-RyWBgT-DHBDFRHEXU-wP-HDjq:1uFbMZ:uXt5zuKVMznLTxLuJUuMo9mT3fQSy68TklZCK5IuwKA	2025-05-15 18:28:15.451854+02
11unayc0e1i2fq9gd31v0ya34fq5cs1l	.eJxVjE0OwiAYBe_C2pBCAcGl-56BfH-RqoGktCvj3bVJF7p9M_NeKsO2lrx1WfLM6qKMOv1uCPSQugO-Q701Ta2uy4x6V_RBu54ay_N6uH8HBXr51kRorDUSB-8wIafBgVg05-AwjswIYkAoig-RyWBgT-DHBDFRHEXU-wP-HDjq:1uFnGe:8SesyJrMRjnzQupjpGdcW4ktPdHzh3L09vd8tdYsDE4	2025-05-16 07:10:56.615559+02
xqt8xpymwvra8ebv4czztup9lkz46tb0	.eJxVjE0OwiAYBe_C2pBCAcGl-56BfH-RqoGktCvj3bVJF7p9M_NeKsO2lrx1WfLM6qKMOv1uCPSQugO-Q701Ta2uy4x6V_RBu54ay_N6uH8HBXr51kRorDUSB-8wIafBgVg05-AwjswIYkAoig-RyWBgT-DHBDFRHEXU-wP-HDjq:1uFu3X:I3EUv03EECskgzsPqi5Sr9JguACFtr8n5eTvIcaPLR8	2025-05-16 14:25:51.266303+02
eua1fqu6c62ov8ctm8rl1hwxng5zk5e0	.eJxVjE0OwiAYBe_C2pBCAcGl-56BfH-RqoGktCvj3bVJF7p9M_NeKsO2lrx1WfLM6qKMOv1uCPSQugO-Q701Ta2uy4x6V_RBu54ay_N6uH8HBXr51kRorDUSB-8wIafBgVg05-AwjswIYkAoig-RyWBgT-DHBDFRHEXU-wP-HDjq:1uFd7N:JGa-n9WLPS2_xy5NO3TGw09fkpxBuvNNAm4xJrr-Bco	2025-05-15 20:20:41.327471+02
y6qgdtefm6qnbjefrl9z1olxrvk7xzc7	.eJxVjE0OwiAYBe_C2pBCAcGl-56BfH-RqoGktCvj3bVJF7p9M_NeKsO2lrx1WfLM6qKMOv1uCPSQugO-Q701Ta2uy4x6V_RBu54ay_N6uH8HBXr51kRorDUSB-8wIafBgVg05-AwjswIYkAoig-RyWBgT-DHBDFRHEXU-wP-HDjq:1uFWrj:bUcoAZHUN7KB10mXBPr0h2vBuedEQ7Q7rHAdwc1801g	2025-05-15 13:40:07.295431+02
ssuwk1cisvyo56ylh5ku2brxxub3l97p	.eJxVjE0OwiAYBe_C2pBCAcGl-56BfH-RqoGktCvj3bVJF7p9M_NeKsO2lrx1WfLM6qKMOv1uCPSQugO-Q701Ta2uy4x6V_RBu54ay_N6uH8HBXr51kRorDUSB-8wIafBgVg05-AwjswIYkAoig-RyWBgT-DHBDFRHEXU-wP-HDjq:1uFpPC:mhAaxu0QqoRD2zrYEB61ltHbtGahwNWGhZKVFPqTELg	2025-05-16 09:27:54.643552+02
n5s707xt9sljtr8sb1bloofc4ryaozpx	.eJxVjE0OwiAYBe_C2pBCAcGl-56BfH-RqoGktCvj3bVJF7p9M_NeKsO2lrx1WfLM6qKMOv1uCPSQugO-Q701Ta2uy4x6V_RBu54ay_N6uH8HBXr51kRorDUSB-8wIafBgVg05-AwjswIYkAoig-RyWBgT-DHBDFRHEXU-wP-HDjq:1uFRg8:T6TE83vClMPlo2bpx6O5s0-hnrueGyZnzhj6s7jW9Hw	2025-05-15 08:07:48.833988+02
mwsv9zkfj1238cjfqba5tg7zjch4yk42	.eJxVjE0OwiAYBe_C2pBCAcGl-56BfH-RqoGktCvj3bVJF7p9M_NeKsO2lrx1WfLM6qKMOv1uCPSQugO-Q701Ta2uy4x6V_RBu54ay_N6uH8HBXr51kRorDUSB-8wIafBgVg05-AwjswIYkAoig-RyWBgT-DHBDFRHEXU-wP-HDjq:1uFUO0:BqphA1XqNw7duMoNNMbT7mSSYs9wDPntWhjzYNFyiQY	2025-05-15 11:01:16.549002+02
c852iyzeewhen1tdzplfxh5dc7pesquq	.eJxVjE0OwiAYBe_C2pBCAcGl-56BfH-RqoGktCvj3bVJF7p9M_NeKsO2lrx1WfLM6qKMOv1uCPSQugO-Q701Ta2uy4x6V_RBu54ay_N6uH8HBXr51kRorDUSB-8wIafBgVg05-AwjswIYkAoig-RyWBgT-DHBDFRHEXU-wP-HDjq:1uFnkr:-WP8znSCH8fNMQQ2N3d34CpMzWM7iHbsd5JSzphpnjk	2025-05-16 07:42:09.720962+02
2pqze00tjgap6fh3un8l8jx5lyd04f4b	.eJxVjE0OwiAYBe_C2pBCAcGl-56BfH-RqoGktCvj3bVJF7p9M_NeKsO2lrx1WfLM6qKMOv1uCPSQugO-Q701Ta2uy4x6V_RBu54ay_N6uH8HBXr51kRorDUSB-8wIafBgVg05-AwjswIYkAoig-RyWBgT-DHBDFRHEXU-wP-HDjq:1uFUbs:klHIbixKZNB6ts0sRrk7HdrwvJKEF1geOKjd6QqEU7g	2025-05-15 11:15:36.222611+02
70j0ewi9ip0q12r817ob25p1iajfuz8j	.eJxVjE0OwiAYBe_C2pBCAcGl-56BfH-RqoGktCvj3bVJF7p9M_NeKsO2lrx1WfLM6qKMOv1uCPSQugO-Q701Ta2uy4x6V_RBu54ay_N6uH8HBXr51kRorDUSB-8wIafBgVg05-AwjswIYkAoig-RyWBgT-DHBDFRHEXU-wP-HDjq:1uFxHF:JH2uy2vsii_vUihdiiBgZi4DWLvM9af_gkvZIGeyiwc	2025-05-16 17:52:13.723801+02
celc5io0e6vv1awqvvcppm1zfk6bz54k	.eJxVjE0OwiAYBe_C2pBCAcGl-56BfH-RqoGktCvj3bVJF7p9M_NeKsO2lrx1WfLM6qKMOv1uCPSQugO-Q701Ta2uy4x6V_RBu54ay_N6uH8HBXr51kRorDUSB-8wIafBgVg05-AwjswIYkAoig-RyWBgT-DHBDFRHEXU-wP-HDjq:1uFmSc:aAO5nlfEBEFqkCwbfCzg8Y-KVE2Pjy-q6owztDEiyAg	2025-05-16 06:19:14.95457+02
\.


--
-- Data for Name: inventory_inventoryalert; Type: TABLE DATA; Schema: public; Owner: scooteruser
--

COPY public.inventory_inventoryalert (id, alert_type, title, description, severity, status, threshold_value, current_value, email_sent, dashboard_notification, date_created, date_updated, date_acknowledged, date_resolved, acknowledged_by_id, created_by_id, part_id, resolved_by_id, scooter_id, store_id) FROM stdin;
1	low_stock	Low Stock: Main Stand COMP	Inventory level for Main Stand COMP (50500-X8A-0002) is below reorder level. Current stock: 1.00, Reorder level: 1.00	medium	new	1.00	1.00	f	t	2025-05-08 22:31:45.909664+02	2025-05-08 22:31:45.909713+02	\N	\N	\N	\N	29	\N	\N	1
3	low_stock	Low Stock: Start MAG SW SET JET 14	Inventory level for Start MAG SW SET JET 14 (3585A-35A-A000) is below reorder level. Current stock: 1.00, Reorder level: 1.00	medium	new	1.00	1.00	f	t	2025-05-08 22:31:46.065073+02	2025-05-08 22:31:46.065093+02	\N	\N	\N	\N	44	\N	\N	1
4	low_stock	Low Stock: Tyre FF 100/90-14 Vee Rubber Motorsport	Inventory level for Tyre FF 100/90-14 Vee Rubber Motorsport (328-10090114338) is below reorder level. Current stock: 0.00, Reorder level: 0.00	high	new	0.00	0.00	f	t	2025-05-08 22:31:46.151063+02	2025-05-08 22:31:46.151086+02	\N	\N	\N	\N	36	\N	\N	1
5	low_stock	Low Stock: Tyre RR 110/80-14”  Micheline Auto-X	Inventory level for Tyre RR 110/80-14”  Micheline Auto-X (TYM-6377986) is below reorder level. Current stock: 0.00, Reorder level: 0.00	high	new	0.00	0.00	f	t	2025-05-08 22:31:46.167495+02	2025-05-08 22:31:46.167518+02	\N	\N	\N	\N	37	\N	\N	1
6	low_stock	Low Stock: Tyre RR 110/80-14” Vee Rubber Motorsport	Inventory level for Tyre RR 110/80-14” Vee Rubber Motorsport (328-1108014144) is below reorder level. Current stock: 0.00, Reorder level: 0.00	high	new	0.00	0.00	f	t	2025-05-08 22:31:46.279204+02	2025-05-08 22:31:46.279222+02	\N	\N	\N	\N	39	\N	\N	1
7	low_stock	Low Stock: Tyre RR 120/70-14	Inventory level for Tyre RR 120/70-14 (2770300) is below reorder level. Current stock: 0.00, Reorder level: 0.00	high	new	0.00	0.00	f	t	2025-05-08 22:31:46.360072+02	2025-05-08 22:31:46.360091+02	\N	\N	\N	\N	40	\N	\N	1
8	low_stock	Low Stock: Winker Jet14 LH FR	Inventory level for Winker Jet14 LH FR (33450-X8A-0002) is below reorder level. Current stock: 0.00, Reorder level: 0.00	high	new	0.00	0.00	f	t	2025-05-08 22:31:46.443528+02	2025-05-08 22:31:46.443549+02	\N	\N	\N	\N	42	\N	\N	1
10	low_stock	Low Stock: Rr Cushion Jet 14	Inventory level for Rr Cushion Jet 14 (52400-AR1-0200-K-M1) is below reorder level. Current stock: 1.00, Reorder level: 1.00	medium	resolved	1.00	1.00	f	t	2025-05-08 22:31:46.452359+02	2025-05-08 22:44:38.295994+02	\N	2025-05-08 22:44:38.295791+02	\N	\N	59	1	\N	1
2	low_stock	Low Stock: Mirror LH	Inventory level for Mirror LH (88120-XPA-0004-K) is below reorder level. Current stock: 1.00, Reorder level: 1.00	medium	acknowledged	1.00	1.00	f	t	2025-05-08 22:31:46.019495+02	2025-05-08 23:21:59.559986+02	2025-05-08 23:21:59.55976+02	\N	1	\N	32	\N	\N	1
12	low_stock	Low Stock: Rr Cushion Jet 14	Inventory level for Rr Cushion Jet 14 (52400-AR1-0200-K-M1) is below reorder level. Current stock: 1.00, Reorder level: 1.00	medium	resolved	1.00	1.00	f	t	2025-05-08 22:54:57.751524+02	2025-05-10 10:49:41.791514+02	\N	2025-05-10 10:49:41.791318+02	\N	\N	59	1	\N	1
11	low_stock	Low Stock: Regulator Rec Comp Jet14	Inventory level for Regulator Rec Comp Jet14 (31600-N7F-0001) is below reorder level. Current stock: 1.00, Reorder level: 1.00	medium	acknowledged	1.00	1.00	f	t	2025-05-08 22:31:46.459632+02	2025-05-10 10:50:39.564947+02	2025-05-10 10:50:39.564796+02	\N	1	\N	80	\N	\N	1
13	low_stock	Low Stock: Rr Cushion Jet 14	Inventory level for Rr Cushion Jet 14 (52400-AR1-0200-K-M1) is below reorder level. Current stock: 1.00, Reorder level: 1.00	medium	resolved	1.00	1.00	f	t	2025-05-10 10:57:33.931999+02	2025-05-10 17:53:01.62584+02	\N	2025-05-10 17:53:01.625652+02	\N	\N	59	2	\N	1
9	low_stock	Low Stock: Flange Bolt 8x64	Inventory level for Flange Bolt 8x64 (95801-08064-07) is below reorder level. Current stock: 1.00, Reorder level: 1.00	medium	acknowledged	1.00	1.00	f	t	2025-05-08 22:31:46.44793+02	2025-05-10 17:53:05.059309+02	2025-05-10 17:53:05.059171+02	\N	2	\N	51	\N	\N	1
14	low_stock	Low Stock: Rr Cushion Jet 14	Inventory level for Rr Cushion Jet 14 (52400-AR1-0200-K-M1) is below reorder level. Current stock: 1.00, Reorder level: 1.00	medium	new	1.00	1.00	f	t	2025-05-10 18:13:44.607624+02	2025-05-10 18:13:44.607669+02	\N	\N	\N	\N	59	\N	\N	1
15	low_stock	Low Stock: Brake Pads RR	Inventory level for Brake Pads RR (43105-ARB-000-A-9) is below reorder level. Current stock: 5.00, Reorder level: 5.00	medium	new	5.00	5.00	f	t	2025-05-12 15:35:50.83574+02	2025-05-12 15:35:50.835763+02	\N	\N	\N	\N	14	\N	\N	1
16	maintenance_due	Maintenance Due: Sym Jet 14 200	Scooter Sym Jet 14 200 (LXMXCA501MX024486) is due for maintenance. Last maintenance was 166 days ago.	high	new	\N	\N	f	t	2025-05-13 10:41:33.929893+02	2025-05-13 10:41:33.929917+02	\N	\N	\N	\N	\N	\N	19	1
17	maintenance_due	Maintenance Due: Sym Jet 14 200	Scooter Sym Jet 14 200 (LXMXCA501NX022967) is due for maintenance. Last maintenance was 99 days ago.	medium	new	\N	\N	f	t	2025-05-13 11:25:00.769907+02	2025-05-13 11:25:00.769927+02	\N	\N	\N	\N	\N	\N	26	1
18	maintenance_due	Maintenance Due: Sym Jet 14 200	Scooter Sym Jet 14 200 (LXMXCA501MX025164) is due for maintenance. Last maintenance was 155 days ago.	high	new	\N	\N	f	t	2025-05-13 12:44:11.860478+02	2025-05-13 12:44:11.860501+02	\N	\N	\N	\N	\N	\N	29	1
19	maintenance_due	Maintenance Due: Sym Citycom 300	Scooter Sym Citycom 300 (RFGLLA702LSA00815) is due for maintenance. Last maintenance was 210 days ago.	high	new	\N	\N	f	t	2025-05-13 12:44:11.907903+02	2025-05-13 12:44:11.907924+02	\N	\N	\N	\N	\N	\N	36	1
20	low_stock	Low Stock: Stator Jet14	Inventory level for Stator Jet14 (31120-F6N-0000) is below reorder level. Current stock: 0.00, Reorder level: 1.00	high	new	1.00	0.00	f	t	2025-05-16 06:13:27.775273+02	2025-05-16 06:13:27.775293+02	\N	\N	\N	\N	150	\N	\N	1
21	low_stock	Low Stock: Flange Bolt 8*40	Inventory level for Flange Bolt 8*40 (95801-08040-00) is below reorder level. Current stock: 1.00, Reorder level: 1.00	medium	new	1.00	1.00	f	t	2025-05-16 06:13:31.45504+02	2025-05-16 06:13:31.45506+02	\N	\N	\N	\N	151	\N	\N	1
\.


--
-- Data for Name: inventory_parts; Type: TABLE DATA; Schema: public; Owner: scooteruser
--

COPY public.inventory_parts (id, part_number, name, description, current_stock, reorder_level, unit_price, category, location_in_store, date_created, date_updated, store_id) FROM stdin;
13	91204-HMA-0005-M2	Oil Seal 25*40*7		30.00	5.00	50.00	Engine & Transmission		2025-05-05 23:32:34.243521+02	2025-05-05 23:32:34.243543+02	1
17	8360A-X8A-0002-WA	Body Cover Assy LH		2.00	1.00	100.00	Frame and Body		2025-05-05 23:40:28.191266+02	2025-05-05 23:40:28.191293+02	1
18	8350A-X8A-0001-WD	Body Cover Assy RH		4.00	1.00	300.00	Frame and Body		2025-05-05 23:41:34.328391+02	2025-05-05 23:41:34.328414+02	1
19	45121-XMC-0001	Brake Disk FR		4.00	2.00	500.00	Brakes		2025-05-05 23:42:42.832656+02	2025-05-05 23:42:42.832684+02	1
21	30410-T3A-A000	CDI UNIT		5.00	2.00	400.00	Electrical Components		2025-05-05 23:44:52.200515+02	2025-05-05 23:44:52.200543+02	1
23	50512-ARA-0005	Flange Bolt		1.00	0.00	50.00	Miscellaneous / Universal Parts		2025-05-05 23:46:27.306745+02	2025-05-05 23:46:27.306765+02	1
25	3051A-ARA-0200	Ignition Coil		9.00	4.00	100.00	Engine & Fuel System		2025-05-05 23:48:21.351164+02	2025-05-05 23:48:21.351197+02	1
26	30700-T7A-A000	Ignition Coil Cap		4.00	2.00	300.00	Electrical Components		2025-05-05 23:49:06.538945+02	2025-05-05 23:49:06.538966+02	1
27	12V/21W/BAU15S	Indicator bulbs		10.00	4.00	50.00	Lighting and Indicators		2025-05-05 23:49:41.520259+02	2025-05-05 23:51:33.921147+02	1
28	50504-Z6A-0000	Main Stand Collar		4.00	2.00	40.00	Frame and Body		2025-05-05 23:51:21.965599+02	2025-05-05 23:53:47.307305+02	1
30	5052A-APA-9000	Main Stand SPG.ASSY		8.00	2.00	40.00	Frame and Body		2025-05-05 23:54:55.123104+02	2025-05-05 23:54:55.123125+02	1
31	50503-F6B-0000	Main Stand Washer		4.00	2.00	40.00	Frame and Body		2025-05-05 23:55:26.62229+02	2025-05-05 23:55:26.622312+02	1
32	88120-XPA-0004-K	Mirror LH		1.00	1.00	300.00	Frame and Body		2025-05-05 23:56:15.561909+02	2025-05-05 23:56:15.56193+02	1
33	88110-XPA-0004-K	Mirror RH		2.00	1.00	50.00	Frame and Body		2025-05-05 23:56:40.65233+02	2025-05-05 23:56:40.652359+02	1
16	90309-M9Q-000-M2	Self Lock Nut		9.00	4.00	20.00	Miscellaneous / Universal Parts		2025-05-05 23:36:48.792632+02	2025-05-05 23:57:52.525095+02	1
10	22132-ARA-0000	Slide Piece		6.00	5.00	10.00	Engine & Transmission		2025-05-05 23:28:57.890263+02	2025-05-05 23:58:19.30591+02	1
11	CR7HSA	Spark Plug		11.00	5.00	80.00	Engine & Transmission		2025-05-05 23:30:07.226667+02	2025-05-05 23:58:38.029835+02	1
34	50506-ABA-0000	Stand Stop Rubber A		4.00	2.00	100.00	Frame and Body		2025-05-05 23:59:14.844519+02	2025-05-05 23:59:14.844539+02	1
35	3445700	Tyre FF 100/90-14 Pireli Bikewise		4.00	2.00	1000.00	Wheels and Tires		2025-05-06 00:05:17.849359+02	2025-05-06 00:05:17.849379+02	1
15	FDB2190EF	Brake Pads FF		13.00	5.00	119.00	Brakes		2025-05-05 23:34:44.654682+02	2025-05-12 12:49:08.545167+02	1
38	2902800	Tyre RR 110/80-14” Pireli Bikewise		6.00	5.00	800.00	Wheels and Tires		2025-05-06 08:57:41.482487+02	2025-05-07 20:10:42.633884+02	1
36	328-10090114338	Tyre FF 100/90-14 Vee Rubber Motorsport		0.00	0.00	650.00	Wheels and Tires		2025-05-06 08:55:05.81147+02	2025-05-06 08:55:05.811497+02	1
37	TYM-6377986	Tyre RR 110/80-14”  Micheline Auto-X		0.00	0.00	650.00	Wheels and Tires		2025-05-06 08:57:13.751702+02	2025-05-06 08:57:13.751724+02	1
39	328-1108014144	Tyre RR 110/80-14” Vee Rubber Motorsport		0.00	0.00	700.00	Wheels and Tires		2025-05-06 08:58:05.9813+02	2025-05-06 08:58:05.981328+02	1
40	2770300	Tyre RR 120/70-14		0.00	0.00	650.00	Wheels and Tires		2025-05-06 08:58:32.926978+02	2025-05-06 08:58:32.927006+02	1
41	28300-F6C-0000	Arm-Kick Start		2.00	1.00	800.00	Frame and Body		2025-05-06 08:59:18.760098+02	2025-05-06 08:59:18.760117+02	1
42	33450-X8A-0002	Winker Jet14 LH FR		0.00	0.00	150.00	Lighting and Indicators		2025-05-06 09:00:00.120324+02	2025-05-06 09:00:00.120343+02	1
22	64302-X8A-0001-WD	Cover FF LH		1.00	0.00	200.00	Frame and Body		2025-05-05 23:45:34.307397+02	2025-05-07 21:17:05.429016+02	1
43	64300-X8A-0001	Spoiler Jet14 FR		1.00	0.00	300.00	Frame and Body		2025-05-06 09:02:14.46694+02	2025-05-06 09:02:14.466967+02	1
46	22102-ARA-0001	Drive Face Xpro125		3.00	1.00	200.00	Engine & Transmission		2025-05-06 09:14:05.960616+02	2025-05-06 09:14:05.960642+02	1
47	42753-ABA-0000	Valve Ruber Rim		50.00	5.00	10.00	Wheels and Tires		2025-05-06 09:15:31.536846+02	2025-05-06 09:15:31.536867+02	1
48	Brake Fluid	Brake Fluid		4.00	1.00	50.00	Lubricants & Fluids		2025-05-06 09:16:30.892695+02	2025-05-06 09:16:30.892715+02	1
49	Cooland	Coolant		2.00	1.00	150.00	Lubricants & Fluids		2025-05-06 09:17:44.528979+02	2025-05-06 09:17:44.529+02	1
50	18291-Z8G-0000	EXH Pipe Gasket Fiddle 150		4.00	1.00	3000.00	Engine & Transmission		2025-05-06 09:18:44.623886+02	2025-05-06 09:18:44.623914+02	1
51	95801-08064-07	Flange Bolt 8x64		1.00	1.00	5.00	Miscellaneous / Universal Parts		2025-05-06 09:20:00.761491+02	2025-05-06 09:20:00.761523+02	1
52	93903-34340	Tapping Screw 4x12		10.00	5.00	3.00	Miscellaneous / Universal Parts		2025-05-06 09:20:41.156391+02	2025-05-06 09:20:41.15641+02	1
53	90754-M9Q-0000-M1	Seal-dust Crox125		7.00	2.00	50.00	Engine & Transmission		2025-05-06 09:21:13.123139+02	2025-05-06 09:21:13.123158+02	1
54	90912-M9Q-0000-M1	Radial Ball BRG 6201U Xpro125		8.00	2.00	50.00	Engine & Transmission		2025-05-06 09:22:00.143143+02	2025-05-06 09:22:00.143165+02	1
56	96001-06022-49	Bolt Xpro125 6*22		4.00	2.00	10.00	Miscellaneous / Universal Parts		2025-05-06 09:23:18.396414+02	2025-05-06 09:23:18.396443+02	1
57	18295-F3E-0001	Collar M6		7.00	2.00	120.00	Miscellaneous / Universal Parts		2025-05-06 09:23:51.116818+02	2025-05-06 09:23:51.116841+02	1
58	44311-GW0-910	Collar FR Wheel SID GTS300		2.00	1.00	100.00	Wheels and Tires		2025-05-06 09:24:24.456626+02	2025-05-06 09:24:24.456647+02	1
59	52400-AR1-0200-K-M1	Rr Cushion Jet 14		1.00	1.00	600.00	Suspension and Steering		2025-05-06 09:25:20.871868+02	2025-05-06 09:25:20.871889+02	1
60	E450N	TopBox GIVI		2.00	0.00	5000.00	Miscellaneous / Universal Parts		2025-05-06 09:27:22.584344+02	2025-05-06 09:27:22.584364+02	1
61	95701-06012-07	Flange Bolt 6*12		1.00	0.00	10.00	Miscellaneous / Universal Parts		2025-05-06 09:27:57.530288+02	2025-05-06 09:27:57.530317+02	1
63	SR7055	Carrier Topbox Sym Jet 14		11.00	0.00	2000.00	Miscellaneous / Universal Parts		2025-05-06 09:29:07.250843+02	2025-05-06 09:29:07.250865+02	1
64	83620-LEA-000-QU	Side Cover  LH white		2.00	0.00	200.00	Frame and Body		2025-05-06 09:29:40.993296+02	2025-05-06 09:29:40.993317+02	1
65	43121-LEA-000-KB	Brake Disk RR		2.00	0.00	200.00	Brakes		2025-05-06 09:30:11.283345+02	2025-05-06 09:30:11.283365+02	1
62	91302-M9T-0002	O-ring 30.8mm		10.00	2.00	20.00	Engine & Transmission		2025-05-06 09:28:29.595603+02	2025-05-09 10:11:46.069044+02	1
1	130460	Engine Oil		188.40	5.00	560.00	Lubricants & Fluids		2025-05-05 21:18:03.334943+02	2025-05-07 20:29:04.742195+02	1
55	90106-N02-0002	Bolt-Disk FR Crox125		5.00	2.00	150.00	Wheels and Tires		2025-05-06 09:22:47.029718+02	2025-05-07 21:15:20.527295+02	1
12	22121-M9B-0000	Weight Roller		5.00	3.00	120.00	Engine & Transmission		2025-05-05 23:31:05.995356+02	2025-05-07 21:15:45.694858+02	1
45	12361-M9Q-0001	CAP-OIL XPRO125		5.00	2.00	70.00	Engine & Transmission		2025-05-06 09:13:28.577429+02	2025-05-09 10:11:46.11716+02	1
20	43121-XJA-0001	Brake Disk RR		3.00	2.00	600.00	Brakes		2025-05-05 23:43:23.364712+02	2025-05-12 12:22:43.960014+02	1
24	GL-R459	Headlight Bulbs 12V 35/35W		13.00	5.00	100.00	Lighting and Indicators		2025-05-05 23:47:48.651835+02	2025-05-13 10:20:17.400869+02	1
29	50500-X8A-0002	Main Stand COMP		0.00	1.00	561.36	Frame and Body		2025-05-05 23:54:23.332383+02	2025-05-12 15:34:57.838822+02	1
66	18317-XPA-0001-K	Exhaust Protector Jet14		2.00	0.00	300.00	Frame and Body		2025-05-06 09:30:48.985752+02	2025-05-06 09:30:48.98578+02	1
67	5052A-H9A-000	Main Stand SPG.ASSY		2.00	0.00	1500.00	Frame and Body		2025-05-06 09:31:33.601684+02	2025-05-06 09:31:33.601719+02	1
44	3585A-35A-A000	Start MAG SW SET JET 14		6.00	1.00	300.00	Electrical Components		2025-05-06 09:12:36.605176+02	2025-05-15 21:04:48.251632+02	1
9	23100-XMA-0001	Drive Belt		15.00	5.00	1700.00	Engine & Transmission		2025-05-05 23:28:13.605717+02	2025-05-15 21:11:32.585518+02	1
7	130469	Gear Oil		13.40	5.00	500.00	Lubricants & Fluids		2025-05-05 23:21:17.375925+02	2025-05-16 17:36:14.112551+02	1
68	22132-HMA-000-A1	Slide piece		7.00	0.00	30.00	Engine & Transmission		2025-05-06 09:32:03.289291+02	2025-05-06 09:32:03.289312+02	1
69	1275-CR8E	Spark Plug		8.00	0.00	50.00	Engine & Transmission		2025-05-06 09:32:30.375045+02	2025-05-06 09:32:30.375075+02	1
70	2902200	Tyre FF 90/80-16		2.00	0.00	800.00	Wheels and Tires		2025-05-06 09:34:54.756421+02	2025-05-06 09:34:54.756449+02	1
71	2772400	Tyre RR 140/70-16 Pireli Bikewise		2.00	0.00	800.00	Wheels and Tires		2025-05-06 09:35:24.265646+02	2025-05-06 09:35:24.265676+02	1
72	22121-RB1-001-A1	Weight roller COMP		9.00	0.00	300.00	Engine & Transmission		2025-05-06 09:35:56.318341+02	2025-05-06 09:35:56.318372+02	1
73	44301-LEA-000	FR Wheel Axel Citicom		1.00	0.00	50.00	Wheels and Tires		2025-05-06 09:36:38.964846+02	2025-05-06 09:36:38.964873+02	1
74	90754-LEA-000	Dust Seal 20X35X50		4.00	0.00	120.00	Engine & Transmission		2025-05-06 09:37:13.443406+02	2025-05-06 09:37:13.443434+02	1
75	90912-LEA-000	Bearing 6202LLU GTS300I		4.00	0.00	120.00	Engine & Transmission		2025-05-06 09:37:41.222858+02	2025-05-06 09:37:41.222878+02	1
76	64306-X01-000	FR Cover Collar CITICOM300		20.00	0.00	10.00	Wheels and Tires		2025-05-06 09:40:30.95088+02	2025-05-06 09:40:30.950907+02	1
77	S0CT31ST-RA	Topbox Carrier		1.00	0.00	800.00	Miscellaneous / Universal Parts		2025-05-06 09:41:05.202402+02	2025-05-06 09:41:05.202423+02	1
78	1711A-AR1-0003	Inlet Pipe Sym Jet 14		4.00	2.00	400.00	Engine & Transmission		2025-05-06 09:41:54.094547+02	2025-05-06 09:41:54.094569+02	1
79	17910-XRA-0000	Throttle Cable Comp Jet 14		4.00	1.00	300.00	Controls and Cables		2025-05-06 09:43:59.529803+02	2025-05-06 09:43:59.529827+02	1
80	31600-N7F-0001	Regulator Rec Comp Jet14		1.00	1.00	50.00	Electrical Components		2025-05-06 09:44:54.619405+02	2025-05-06 09:44:54.619427+02	1
81	90108-Z7C-0101	Side Stand Bolt Xpro125		3.00	1.00	50.00	Frame and Body		2025-05-06 09:46:36.890682+02	2025-05-06 09:46:36.890705+02	1
82	94030-08040	Hex NUT 8mm		3.00	1.00	30.00	Miscellaneous / Universal Parts		2025-05-06 09:47:07.3958+02	2025-05-06 09:47:07.395821+02	1
83	50535-Z7C-0002	Spring stand xpro125		2.00	1.00	50.00	Frame and Body		2025-05-06 09:47:59.89807+02	2025-05-06 09:47:59.898096+02	1
84	38300-T40-0101	Winker Relay Jet 14		1.00	0.00	300.00	Lighting and Indicators		2025-05-06 09:49:14.233734+02	2025-05-06 09:49:14.233757+02	1
85	53104-ZBC-0000	Handle Pipe Wt Jet14		1.00	0.00	50.00	Frame and Body		2025-05-06 09:49:47.513094+02	2025-05-06 09:49:47.513114+02	1
86	14711-F8A-0000	Intake Valve Jet14		3.00	1.00	60.00	Engine & Transmission		2025-05-06 09:50:56.11066+02	2025-05-06 09:50:56.110692+02	1
87	14721-F8A-0000	Exhaust Valve Jet 14		3.00	1.00	70.00	Engine & Transmission		2025-05-06 09:51:23.669093+02	2025-05-06 09:51:23.669124+02	1
88	12209-H6B-9000	Valve Stem Seal Jet 14		3.00	1.00	20.00	Engine & Transmission		2025-05-06 09:51:54.971641+02	2025-05-06 09:51:54.971669+02	1
89	35111-XGA-0001	Key blank Jet14		5.00	1.00	200.00	Locks and Security		2025-05-06 09:52:47.129684+02	2025-05-06 09:52:47.129707+02	1
90	1690A-XRA-0002	Fuel strainer Jet 14		3.00	1.00	120.00	Fuel System		2025-05-06 09:53:25.793309+02	2025-05-06 09:53:25.793333+02	1
91	44601-LEA-000-KB1	FR Cast Wheel Comp B Citicom30i		1.00	0.00	100.00	Wheels and Tires		2025-05-06 09:53:55.407432+02	2025-05-06 09:53:55.407459+02	1
92	44830-XDE-0002	Sensor Crox 125		2.00	1.00	300.00	Electrical Components		2025-05-06 09:56:35.130861+02	2025-05-06 09:56:35.130882+02	1
93	53104-N02-000	Handle Pipe Wt Assy GTS300i		1.00	0.00	80.00	Frame and Body		2025-05-06 09:57:02.632078+02	2025-05-06 09:57:02.632107+02	1
94	81141-X8A-0100	Inner Box Lid		3.00	1.00	300.00	Frame and Body		2025-05-06 09:57:44.331085+02	2025-05-06 09:57:44.331113+02	1
95	50530-X8A-0002	Side Stand Comp Jet 14		2.00	1.00	800.00	Frame and Body		2025-05-06 09:58:21.402971+02	2025-05-06 09:58:21.402994+02	1
96	18000-X9C-0002-K	Exhaust Muffler Assy		3.00	1.00	300.00	Frame and Body		2025-05-06 09:58:48.344813+02	2025-05-06 09:58:48.344835+02	1
97	14523-Z8G-0000	Gasket-tens Xpro125		1.00	0.00	30.00	Engine & Transmission		2025-05-06 10:02:58.489471+02	2025-05-06 10:02:58.489493+02	1
98	44601-X8A-0001	Fr Wheel Jet 14		2.00	0.00	900.00	Wheels and Tires		2025-05-06 10:03:44.128557+02	2025-05-06 10:03:44.128578+02	1
99	42601-X9A-0002	RR Cast Wheel Jet14		2.00	0.00	900.00	Wheels and Tires		2025-05-06 10:04:07.29121+02	2025-05-06 10:04:07.29123+02	1
100	95801-08045-04	Flange Bolt 845		3.00	0.00	10.00	Miscellaneous / Universal Parts		2025-05-06 10:04:35.016433+02	2025-05-06 10:04:35.016454+02	1
101	95801-08035-07	Flange Bolt M8x35		3.00	0.00	10.00	Miscellaneous / Universal Parts		2025-05-06 10:04:58.176295+02	2025-05-06 10:04:58.176315+02	1
102	22131-M92-0003	Ramp Plate		4.00	1.00	300.00	Engine & Transmission		2025-05-06 10:05:31.71597+02	2025-05-06 10:05:31.715991+02	1
103	2211A-ARA-0002	Face-Drive Xpro125		5.00	1.00	120.00	Engine & Transmission		2025-05-06 10:06:05.065674+02	2025-05-06 10:06:05.065703+02	1
104	81132-X8A-0000	Luggage Hook		3.00	1.00	50.00	Frame and Body		2025-05-06 10:06:31.708581+02	2025-05-06 10:06:31.708612+02	1
105	43500-ARB-0100	Rr M/c Ass Y Jet14		1.00	0.00	100.00	Frame and Body		2025-05-06 10:07:32.640969+02	2025-05-06 10:07:32.641182+02	1
106	45500-AAA-0002	Fr MIC Xpro125		1.00	0.00	100.00	Frame and Body		2025-05-06 10:07:52.816851+02	2025-05-06 10:07:52.81688+02	1
107	22300-L3D-000	Drive Plate Assy GTS300I		4.00	0.00	600.00	Engine & Transmission		2025-05-06 10:08:32.168287+02	2025-05-06 10:08:32.168316+02	1
108	1137A-HMA-000	Bearing Stay Collar GTS300I		2.00	0.00	50.00	Engine & Transmission		2025-05-06 10:08:54.599044+02	2025-05-06 10:08:54.599065+02	1
109	96150-60060-10	Radial Ball Bearing GTS300I		2.00	0.00	50.00	Engine & Transmission		2025-05-06 10:09:23.685498+02	2025-05-06 10:09:23.68552+02	1
110	35850-L4A-100	Starter Magnetic SW Citicom300I		3.00	1.00	300.00	Electrical Components		2025-05-06 10:09:53.195256+02	2025-05-06 10:09:53.195278+02	1
111	1565A-LEA-000	Oil Level Guage Assy GTS300I		1.00	0.00	50.00	Engine & Transmission		2025-05-06 10:10:28.25206+02	2025-05-06 10:10:28.252082+02	1
113	43100-LEA-010-RY	RR Caliper Assy R-10 Citicom300I		3.00	0.00	300.00	Brakes		2025-05-06 10:11:26.316871+02	2025-05-06 10:11:26.316893+02	1
114	31200-HMA-100	Start Motor Assy		1.00	0.00	200.00	Engine & Transmission		2025-05-06 10:12:29.955224+02	2025-05-06 10:12:29.955253+02	1
115	8375G-LHA-000-QU	RR Center Cover Assy Citycom		1.00	0.00	80.00	Frame and Body		2025-05-06 10:13:06.698077+02	2025-05-06 10:13:06.6981+02	1
117	22300-ANT-0001	Plate Xpro125		2.00	0.00	120.00	Engine & Transmission		2025-05-06 10:14:07.124182+02	2025-05-06 10:14:07.124211+02	1
118	95003-23032-60	V Tube Gts300efi		2.00	0.00	30.00	Cooling System		2025-05-06 10:15:55.753642+02	2025-05-06 10:15:55.753669+02	1
119	33100-X8A-0001	Headlight Assy Jet14		1.00	0.00	1900.00	Lighting and Indicators		2025-05-06 10:16:55.432802+02	2025-05-06 10:16:55.432833+02	1
120	67100-X8A-0000	Wind Screen Jet14		1.00	0.00	600.00	Frame and Body		2025-05-06 10:17:23.949623+02	2025-05-06 10:17:23.949644+02	1
121	61100-X8A-0001-K	FR Fender Jet 14		1.00	0.00	1200.00	Frame and Body		2025-05-06 10:18:06.013404+02	2025-05-06 10:18:06.013427+02	1
122	64303-X8A-0000	Head Light Lower Cover Jet14		1.00	0.00	60.00	Frame and Body		2025-05-06 10:18:35.256798+02	2025-05-06 10:18:35.256819+02	1
123	2301A-ANT-0005	Pully Jet 14		1.00	0.00	600.00	Engine & Transmission		2025-05-06 10:19:00.095022+02	2025-05-06 10:19:00.095051+02	1
124	91256-LEA-000	Dust Oil Seal		4.00	0.00	30.00	Engine & Transmission		2025-05-06 10:19:34.744678+02	2025-05-06 10:19:34.744696+02	1
125	91255-LEA-000	Oil Seal Citicom 300		4.00	0.00	30.00	Engine & Transmission		2025-05-06 10:20:03.481216+02	2025-05-06 10:20:03.481248+02	1
116	93404-06012-07	Washer Bolt 6*12		15.00	4.00	20.00	Miscellaneous / Universal Parts		2025-05-06 10:13:38.874667+02	2025-05-14 15:53:36.972206+02	1
126	45121-LEA-000-SO	FR Brake Disks-421 Citycom		1.00	0.00	400.00	Brakes		2025-05-06 10:21:03.195024+02	2025-05-06 10:21:03.195046+02	1
127	28233-M92-0001	Driven-Kick Xpro 123		2.00	0.00	200.00	Frame and Body		2025-05-06 10:21:31.228176+02	2025-05-06 10:21:31.228204+02	1
128	91201-M9Q-3000-M2	Oil Seal		1.00	0.00	30.00	Engine & Transmission		2025-05-06 10:21:57.874753+02	2025-05-06 10:21:57.874793+02	1
129	2812A-XJA-0000	Starter Clutch Outer Assy		1.00	0.00	200.00	Engine & Transmission		2025-05-06 10:22:20.427184+02	2025-05-06 10:22:20.427211+02	1
130	90034-HMA-000	Special Stud Bolt 8		2.00	0.00	50.00	Miscellaneous / Universal Parts		2025-05-06 10:25:45.469494+02	2025-05-06 10:25:45.469519+02	1
131	90103-KN8-000	Special Bolt 8MM		5.00	0.00	50.00	Miscellaneous / Universal Parts		2025-05-06 10:26:13.732585+02	2025-05-06 10:26:13.732612+02	1
132	90474-333-000-KD	Washer Xpro		5.00	2.00	10.00	Miscellaneous / Universal Parts		2025-05-06 10:26:47.240428+02	2025-05-06 10:26:47.240448+02	1
133	90043-XB1-0000	Cap Nut 8mm		2.00	0.00	50.00	Miscellaneous / Universal Parts		2025-05-06 10:27:15.154942+02	2025-05-06 10:27:15.154963+02	1
135	MCT-YTX7A-BS	Battery Auto-X		5.00	3.00	800.00	Electrical Components		2025-05-06 10:28:44.934208+02	2025-05-06 10:28:44.934231+02	1
136	90202-M9Q-000	Special Nut 28 mm		2.00	0.00	80.00	Miscellaneous / Universal Parts		2025-05-06 10:29:16.499241+02	2025-05-06 10:29:16.499276+02	1
137	91003-M8Q-0000	Radial Ball Bearing		2.00	0.00	50.00	Engine & Transmission		2025-05-06 10:29:41.197184+02	2025-05-06 10:29:41.197205+02	1
138	91104-KN7-6700-M1	Radial Ball Bearing		2.00	0.00	50.00	Engine & Transmission		2025-05-06 10:30:09.738883+02	2025-05-06 10:30:09.738905+02	1
139	91202-KJ9-0030-M1	Seal-Oil Xpro125		2.00	0.00	20.00	Engine & Transmission		2025-05-06 10:30:34.447746+02	2025-05-06 10:30:34.447775+02	1
140	96100-63013-00	Radial Ball Bearing  630		4.00	0.00	50.00	Engine & Transmission		2025-05-06 10:30:57.568455+02	2025-05-06 10:30:57.568476+02	1
141	96100-62033-10	Radial Ball Bearing  6203 c3		2.00	0.00	50.00	Engine & Transmission		2025-05-06 10:31:20.251768+02	2025-05-06 10:31:20.251799+02	1
142	96150-62050-10	Radial Ball Bearing 6205LLU		2.00	0.00	50.00	Engine & Transmission		2025-05-06 10:31:51.739186+02	2025-05-06 10:31:51.739217+02	1
143	91203-A6A-0000	Seal-Oil Xpro125		2.00	0.00	50.00	Engine & Transmission		2025-05-06 10:32:17.429735+02	2025-05-06 10:32:17.429755+02	1
144	23420-Z7P-0100-M1	Counter Shaft Jet14		2.00	0.00	200.00	Engine & Transmission		2025-05-06 10:32:40.822658+02	2025-05-06 10:32:40.822677+02	1
145	12391-F8A-0001	Head Cover Packing Jet14		3.00	0.00	120.00	Engine & Transmission		2025-05-06 10:33:10.560434+02	2025-05-06 10:33:10.560463+02	1
146	14751-ARA-0000	Valve Spring		2.00	0.00	30.00	Engine & Transmission		2025-05-06 10:33:37.996101+02	2025-05-06 10:33:37.996131+02	1
147	14771-F6C-A000	Retainer Xpro125		6.00	0.00	20.00	Engine & Transmission		2025-05-06 10:34:03.188241+02	2025-05-06 10:34:03.18826+02	1
148	35340-ARB-0000	LH stop Switch		4.00	0.00	50.00	Lighting and Indicators		2025-05-06 10:34:47.465447+02	2025-05-06 10:34:47.465476+02	1
112	11344-HMA-000	L Side Cover Element GTS300I		1.00	0.00	100.00	Frame and Body		2025-05-06 10:10:58.771393+02	2025-05-08 07:09:08.195498+02	1
134	384-BTX7A-BS	Battery Motorsport		1.00	0.00	429.00	Electrical Components		2025-05-06 10:28:03.415966+02	2025-05-12 12:52:33.061732+02	1
14	43105-ARB-000-A-9	Brake Pads RR		24.00	5.00	140.00	Brakes		2025-05-05 23:33:50.092617+02	2025-05-15 21:04:48.14678+02	1
8	172-ADB-0000	Air Filter Element		13.00	5.00	111.80	Consumables and Accessories		2025-05-05 23:25:15.716942+02	2025-05-15 21:04:48.22003+02	1
150	31120-F6N-0000	Stator Jet14		0.00	1.00	1460.93	Engine & Transmission		2025-05-15 21:07:38.676738+02	2025-05-15 21:07:38.676759+02	1
151	95801-08040-00	Flange Bolt 8*40		1.00	1.00	19.58	Miscellaneous / Universal Parts		2025-05-15 21:09:19.412309+02	2025-05-15 21:11:32.589959+02	1
149	130460	Engine Oil		43.20	5.00	560.00	Lubricants & Fluids		2025-05-08 21:19:11.904303+02	2025-05-16 17:36:14.07081+02	2
\.


--
-- Data for Name: inventory_purchase; Type: TABLE DATA; Schema: public; Owner: scooteruser
--

COPY public.inventory_purchase (id, invoice_number, invoice_date, due_date, status, total_amount, amount_paid, notes, date_created, date_updated, created_by_id, supplier_id) FROM stdin;
2	10IPAAY9965	2025-05-08	2025-05-08	paid	1800.00	0.00		2025-05-08 21:19:50.045499+02	2025-05-10 12:48:11.428965+02	1	4
4	10AIPAAZ0950	2025-05-13	2025-05-29	paid	6987.95	6987.95		2025-05-15 21:04:48.125991+02	2025-05-15 21:11:32.529387+02	1	1
\.


--
-- Data for Name: inventory_purchaseitem; Type: TABLE DATA; Schema: public; Owner: scooteruser
--

COPY public.inventory_purchaseitem (id, description, quantity, unit_price, part_id, purchase_id, scooter_id, store_id) FROM stdin;
2	Engine Oil	50.00	560.00	149	2	\N	2
3	brake pads	20.00	140.16	14	4	\N	1
4	air filter	5.00	111.80	8	4	\N	1
5	start mag sw	5.00	191.70	44	4	\N	1
6	drive belt	5.00	996.52	9	4	\N	1
7	flange bolt	1.00	19.58	151	4	\N	1
\.


--
-- Data for Name: inventory_scooter; Type: TABLE DATA; Schema: public; Owner: scooteruser
--

COPY public.inventory_scooter (id, vin, make, model, year, color, status, hourly_rate, daily_rate, purchase_date, purchase_price, mileage, last_maintenance, notes, date_created, date_updated, store_id, license_number, supplier_id, category_id, category) FROM stdin;
12	LXMXCA501NX026504	Sym	Jet 14 200	2023	White	available	25.00	100.00	2023-06-02	30779.00	32566	2025-05-16		2025-05-09 10:06:34.967184+02	2025-05-16 11:49:17.408064+02	1	LD 90 DT GP	\N	\N	B
3	LXMXCA501MX023504	Sym	Jet 14 200	2021	White	retired	25.00	100.00	2023-09-07	30779.00	47080	2025-05-07	Scooter has been Retired today	2025-05-07 20:03:13.654389+02	2025-05-15 07:55:18.635984+02	1	KF 56 ZH GP	\N	\N	B
26	LXMXCA501NX022967	Sym	Jet 14 200	2022	White	available	25.00	400.00	2022-10-20	30775.00	47597	2025-02-03		2025-05-13 10:50:59.724124+02	2025-05-15 07:55:32.499396+02	1	KS 92 GD GP	\N	\N	B
27	LXMXCA501NX021501	Sym	Jet 14 200	2022	White	available	25.00	400.00	2022-10-28	30775.00	21044	2025-04-16		2025-05-13 10:55:32.309347+02	2025-05-15 07:55:45.701605+02	1	KR 93 JM GP	\N	\N	B
28	LXMXCA501MX024485	Sym	Jet 14 200	2022	White	available	25.00	400.00	2022-11-02	30775.00	12483	2025-04-15		2025-05-13 10:59:35.404545+02	2025-05-15 07:55:59.435644+02	1	KP 09 XM GP	\N	\N	B
9	LXMXCA501RXA35882	Sym	Jet 14 200	2023	White	available	25.00	100.00	2025-04-01	30779.00	0	2025-04-01		2025-05-08 10:07:17.503582+02	2025-05-15 07:58:12.16571+02	1	MG 15 XL GP	\N	\N	B
14	LXMXCA501PX020384	Sym	Jet 14 200	2023	White	available	25.00	100.00	2024-06-25	30779.00	33514	2025-05-12		2025-05-12 12:03:59.974763+02	2025-05-15 07:56:35.381021+02	1	LL 14 DL GP	\N	\N	B
15	LXMXCA501MX025160	Sym	Jet 14 200	2022	White	maintenance	25.00	100.00	2022-11-14	30779.00	39016	2025-04-15		2025-05-12 12:20:21.993346+02	2025-05-15 07:56:49.753873+02	1	KL 21 XD GP	\N	\N	B
5	LXMXCA501MX023518	Sym	Jet 14 200	2023	White	available	25.00	650.00	2023-01-07	30779.00	44882	2025-05-07		2025-05-07 20:26:44.546692+02	2025-05-15 07:57:09.536344+02	1	KF 56 XK GP	\N	\N	B
13	RFGLLA700NS700236	Sym	Citycom 300	2022	White	available	50.00	120.00	2022-10-26	70000.00	77975	2025-05-12		2025-05-12 11:47:29.520956+02	2025-05-15 07:57:51.405991+02	1	KP87PJGP	\N	\N	C
8	LXMXCA501RXA35901	Sym	Jet 14 200	2023	White	available	25.00	100.00	2025-04-01	30779.00	0	2025-04-01		2025-05-08 10:05:29.886307+02	2025-05-15 07:58:21.358622+02	1	MG 15 TV GP	\N	\N	B
6	LXMXCA501RXA35906	Sym	Jet 14 200	2023	White	available	25.00	100.00	2025-04-01	30779.00	0	2025-04-01		2025-05-08 10:00:32.484575+02	2025-05-15 07:58:29.977031+02	1	MG 15 RP GP	\N	\N	B
7	LXMXCA501RXA35903	Sym	Jet 14 200	2023	White	available	25.00	100.00	2025-04-01	30779.00	0	2025-04-01		2025-05-08 10:02:35.264864+02	2025-05-15 07:58:38.679052+02	1	MG 15 PN GP	\N	\N	B
29	LXMXCA501MX025164	Sym	Jet 14 200	2022	White	available	25.00	400.00	2022-11-09	30775.00	32795	2024-12-09		2025-05-13 11:46:10.365731+02	2025-05-15 07:58:47.453752+02	1	KL 21 SP GP	\N	\N	B
30	LXMXCA501MX024518	Sym	Jet 14 200	2022	White	available	25.00	400.00	2022-10-21	30779.00	41349	2025-04-24		2025-05-13 11:49:12.122981+02	2025-05-15 07:58:55.146637+02	1	KL 21 TT GP	\N	\N	B
31	LXMXCA501NX021483	Sym	Jet 14 200	2022	White	available	25.00	400.00	2022-12-20	30775.00	45048	2025-05-02		2025-05-13 11:51:22.283187+02	2025-05-15 07:59:02.527159+02	1	KS 93 ZW GP	\N	\N	B
2	LXMXCA501NX021499	Sym	Jet 14 200	2021	White	available	25.00	100.00	2021-01-06	30775.00	45029	2025-05-06	Due for retirement.	2025-05-06 12:21:22.075808+02	2025-05-15 07:59:09.471488+02	1	KR 93 KK GP	\N	\N	B
1	LXMXCA501RXA35862	Sym	Jet 14 200	2023	White	available	20.00	100.00	2025-04-01	30779.00	0	2025-04-01		2025-05-05 21:16:25.43611+02	2025-05-15 07:59:16.917692+02	1	MB 15 SB GP	\N	\N	B
32	LXMXCA501NX022992	Sym	Jet 14 200	2022	White	available	25.00	400.00	2022-10-13	30775.00	30085	2025-02-27		2025-05-13 11:53:27.324978+02	2025-05-15 07:59:24.697228+02	1	KS 92 GW GP	\N	\N	B
33	LXMXCA501NX022993	Sym	Jet 14 200	2002	White	available	25.00	400.00	2022-10-19	30779.00	45011	2025-03-27		2025-05-13 11:55:41.511881+02	2025-05-15 07:59:31.860026+02	1	KS 28 HS GP	\N	\N	B
17	LXMXCA501PX020386	Sym	Jet 14 200	2023	White	available	25.00	100.00	2024-06-25	30775.00	5400	2025-05-12		2025-05-12 15:04:58.765628+02	2025-05-15 07:59:40.289959+02	1	LV 14 HZ GP	\N	\N	B
16	LXMXCA501MX024488	Sym	Jet 14 200	2023	White	available	25.00	100.00	2023-01-18	30779.00	20635	2025-05-12		2025-05-12 14:15:51.437705+02	2025-05-15 07:59:48.076625+02	1	KP 13 SM GP	\N	\N	B
34	LXMXCA501NX022994	Sym	Jet 14 200	2022	White	available	25.00	400.00	2022-10-18	30775.00	42083	2025-04-16		2025-05-13 11:57:53.916279+02	2025-05-15 07:59:55.30404+02	1	KS 28 KK GP	\N	\N	B
18	LXMXCA501NX022973	Sym	Jet 14 200	2022	White	available	25.00	100.00	2022-10-12	30775.00	38286	2025-05-13		2025-05-13 10:18:38.306852+02	2025-05-15 08:00:03.343348+02	1	KS 28 KZ GP	\N	\N	B
19	LXMXCA501MX024486	Sym	Jet 14 200	2022	White	available	25.00	100.00	2022-11-01	30775.00	23989	2024-11-28		2025-05-13 10:30:23.162061+02	2025-05-15 08:00:11.347376+02	1	KP 13 YT GP	\N	\N	B
20	LXMXCA501MX024462	Sym	Jet 14 200	2022	White	available	25.00	100.00	2022-12-05	30775.00	35973	2025-04-09		2025-05-13 10:32:40.992422+02	2025-05-15 08:00:18.612219+02	1	KP 13 ZF GP	\N	\N	B
21	LXMXCA501MX024483	Sym	Jet 14 200	2022	White	available	25.00	100.00	2022-11-21	30775.00	31168	2025-03-25		2025-05-13 10:34:56.528396+02	2025-05-15 08:00:25.939031+02	1	KP 13 TB GP	\N	\N	B
22	LXMXCA501MX024492	Sym	Jet 14 200	2022	White	available	100.00	100.00	2022-11-02	30775.00	12111	2025-03-07		2025-05-13 10:39:20.870625+02	2025-05-15 08:00:33.574249+02	1	KP 13 SB GP	\N	\N	B
23	LXMXCA501MX024528	Sym	Jet 14 200	2022	White	available	25.00	100.00	2022-11-18	30775.00	32025	2025-02-27		2025-05-13 10:41:29.360727+02	2025-05-15 08:00:47.922897+02	1	KP 13 RN GP	\N	\N	B
24	LXMXCA501NX022989	Sym	Jet 14 200	2022	White	available	25.00	400.00	2022-10-28	30775.00	38718	2025-03-24		2025-05-13 10:46:09.858338+02	2025-05-15 08:00:58.346955+02	1	KS 92 FC GP	\N	\N	B
25	LXMXCA501NXA20126	Sym	Jet 14 200	2022	White	available	25.00	400.00	2022-10-26	30775.00	23851	2025-03-25		2025-05-13 10:48:45.570845+02	2025-05-15 08:01:06.226933+02	1	KS 49 PK GP	\N	\N	B
35	LXMXCA501NX022987	Sym	Jet 14 200	2022	White	available	25.00	400.00	2022-10-28	30775.00	42419	2025-04-29		2025-05-13 12:00:33.487892+02	2025-05-15 08:01:14.17204+02	1	KS 45 FR GP	\N	\N	B
36	RFGLLA702LSA00815	Sym	Citycom 300	2022	White	available	40.00	600.00	2022-10-25	79995.00	41913	2024-10-15		2025-05-13 12:09:19.781542+02	2025-05-15 08:01:21.329463+02	1	CAA 43 98 39	\N	\N	B
37	LXMXCA501PXA21914	Sym	Jet 14 200	2023	White	available	25.00	400.00	2024-02-19	30775.00	39119	\N		2025-05-13 12:15:49.170734+02	2025-05-15 08:01:28.157366+02	1	LP 28 SG GP	\N	\N	B
38	LXMXCA501PXA21932	Sym	Jet 14 200	2023	White	available	25.00	400.00	2023-11-27	30775.00	9030	2025-04-22		2025-05-13 12:18:52.417038+02	2025-05-15 08:01:41.014616+02	1	LL 74 SX GP	\N	\N	B
39	LXMXCA501PXA21936	Sym	Jet 14 200	2023	White	available	25.00	400.00	2024-02-19	30775.00	23801	\N		2025-05-13 12:21:06.282+02	2025-05-15 08:01:47.50379+02	1	LP 28 RX GP	\N	\N	B
40	LXMXCA501RXA30428	Sym	Jet 14 200	2023	White	available	25.00	400.00	2024-12-13	30775.00	4444	2025-04-22		2025-05-13 12:23:59.922266+02	2025-05-15 08:01:53.978922+02	1	MB 96 XY GP	\N	\N	B
41	LXMXCA501RXA35850	Sym	Jet 14 200	2023	White	available	25.00	400.00	2024-12-13	30775.00	3006	2025-02-27		2025-05-13 12:29:46.651512+02	2025-05-15 08:02:00.52082+02	1	MB 96 ZX GP	\N	\N	B
42	LXMXCA501RXA35851	Sym	Jet 14 200	2023	White	available	25.00	400.00	2024-12-13	30775.00	3024	2025-04-09		2025-05-13 12:31:12.4208+02	2025-05-15 08:02:07.159027+02	1	MB 96 XT GP	\N	\N	B
43	LXMXCA501RXA35846	Sym	Jet 14 200	2023	White	available	25.00	400.00	2024-12-13	30775.00	9125	2025-04-30		2025-05-13 12:32:49.543186+02	2025-05-15 08:02:14.903911+02	1	MB 96 YT GP	\N	\N	B
44	LXMXCA501RXA35844	Sym	Jet 14 200	2023	White	available	25.00	400.00	2024-12-13	30775.00	3166	2025-04-03		2025-05-13 12:34:38.237491+02	2025-05-15 08:02:21.290889+02	1	MB 96 WY GP	\N	\N	B
45	LXMXCA501RXA30421	Sym	Jet 14 200	2023	White	available	25.00	400.00	2024-12-13	30775.00	3187	2025-03-05		2025-05-13 12:36:54.228247+02	2025-05-15 08:02:28.075325+02	1	MB 96 YF GP	\N	\N	B
11	LXMXCA501PX020390	Sym	Jet 14 200	2024	White	maintenance	25.00	450.00	2024-06-25	30779.00	7886	2025-04-08		2025-05-09 09:56:30.169421+02	2025-05-15 09:48:23.567118+02	1	LV 14 CT GP	\N	\N	B
10	LXMXCA501RXA35845	Sym	Jet 14 200	2023	White	available	25.00	100.00	2025-04-01	30779.00	0	2025-04-01		2025-05-08 10:09:31.39539+02	2025-05-15 07:58:01.649198+02	1	MG 15 WR GP	\N	\N	B
46	LXMXCA501RXA35854	Sym	Jet 14 200	2023	White	available	25.00	400.00	2024-12-13	30775.00	6081	2025-04-03		2025-05-13 12:38:34.123366+02	2025-05-15 09:50:32.279802+02	1	MB 96 XF GP	\N	\N	B
47	LXMXCA501PXA21918	Sym	Jet 14 200	2023	White	available	25.00	400.00	2024-12-13	30775.00	8972	2025-04-01		2025-05-14 15:50:47.360817+02	2025-05-15 09:50:44.465796+02	1	LV 14 LL GP	\N	\N	B
4	LXMXCA501PX020331	Sym	Jet 14 200	2023	White	rented	25.00	650.00	2023-11-27	30779.00	26119	2025-05-07		2025-05-07 20:09:10.565414+02	2025-05-15 09:51:00.435926+02	1	LL 74 SS GP	\N	\N	B
48	LXMXCA501RXA35905	Sym	Jet 14 200	2024	White	maintenance	25.00	400.00	2025-02-13	30775.00	1080	2025-05-16		2025-05-16 17:34:16.53836+02	2025-05-16 17:36:12.829068+02	1	MG 15 TC GP	\N	\N	B
\.


--
-- Data for Name: inventory_scootercategory; Type: TABLE DATA; Schema: public; Owner: scooteruser
--

COPY public.inventory_scootercategory (id, category, description, one_day_price, two_to_ten_days_price, eleven_to_twentynine_days_price, thirty_plus_days_price, date_created, date_updated) FROM stdin;
1	A	Sym Orbit 125cc	400.00	300.00	225.00	120.00	2025-05-14 21:58:51.841316+02	2025-05-14 21:58:51.841316+02
2	B	Jet 14 200cc	450.00	350.00	255.00	150.00	2025-05-14 21:58:51.841316+02	2025-05-14 21:58:51.841316+02
3	C	Citycom 300cc	550.00	500.00	350.00	250.00	2025-05-14 21:58:51.841316+02	2025-05-14 21:58:51.841316+02
4	D	Vespa 150/300cc	850.00	600.00	400.00	250.00	2025-05-14 21:58:51.841316+02	2025-05-14 21:58:51.841316+02
\.


--
-- Data for Name: inventory_scootermaintenancehistory; Type: TABLE DATA; Schema: public; Owner: scooteruser
--

COPY public.inventory_scootermaintenancehistory (id, maintenance_date, description, cost, performed_by, mileage_at_service, date_created, scooter_id) FROM stdin;
\.


--
-- Data for Name: inventory_stocktransfer; Type: TABLE DATA; Schema: public; Owner: scooteruser
--

COPY public.inventory_stocktransfer (id, transfer_number, quantity, transfer_date, status, notes, date_created, date_updated, created_by_id, part_id, destination_store_id, source_store_id) FROM stdin;
1	TR01	2.00	2025-05-05	completed		2025-05-05 21:21:00.43953+02	2025-05-05 21:41:51.605604+02	1	1	2	1
\.


--
-- Data for Name: inventory_store; Type: TABLE DATA; Schema: public; Owner: scooteruser
--

COPY public.inventory_store (id, name, location, contact_person, phone, email, is_active, date_created) FROM stdin;
2	Richmond	Johannesburg	Elleck	0837288948	info@richmond.com	t	2025-05-05 21:14:04.578205+02
1	Pencardia	515 Pretorius St, Arcadia, Pretoria, 0007	Trymore	0738650171	trymoremavidze@gmail.com	t	2025-05-05 20:57:16.898016+02
3	Durban	Durban	Hussein	0837288948	mmhussein13@outlook.com	t	2025-05-10 09:56:15.020314+02
\.


--
-- Data for Name: inventory_supplier; Type: TABLE DATA; Schema: public; Owner: scooteruser
--

COPY public.inventory_supplier (id, name, address, contact_person, phone, email, website, account_number, payment_terms, notes, is_active, date_created, date_updated) FROM stdin;
1	KMSA Distributors (Pty) Ltd	15 Spartan Cres, Eastgate Ext3,\r\nJohannesburg, 2144	Chris	0115660333	customercare@kmsa.co.za	https://www.kawasaki.co.za	62333070142	Bank Transfer		t	2025-05-08 18:59:40.444285+02	2025-05-08 18:59:40.444309+02
2	Motosport Distribution (Pty) Ltd	Unit 6, 15 Dawn Road,\r\nMontague Gardens, CT\r\nUnit F8, The Palisades Business Park,\r\n39 Kelly Road, Jet Park,\r\nJohannesburg	Admin	0215553590	admin@motorsport.co.za	https://www.motosport.co.za	62333070142	Bank Transfer		t	2025-05-08 20:15:30.742739+02	2025-05-08 20:15:30.742762+02
3	Pioneer Plastics Supplies	Unit 5A Stand 123 Potgieter Street,\r\nRosslyn,\r\nPretoria	Sales	0125416000	sales@pioneerplastics.co.za	https://www.pioneerplastics.co.za	4570255192	Bank Transfer		t	2025-05-08 20:20:30.114299+02	2025-05-08 20:20:30.11432+02
4	Torq Lubricants	Cnr Hammer and, Spanner Cres, \r\nPhilippi, Cape Town, 7759	Sales	021 448 5564	info@torqlubricants.co.za	https://torqlubricants.co.za/	\N	Bank Transfer		t	2025-05-08 20:26:39.801459+02	2025-05-08 20:26:39.801479+02
\.


--
-- Data for Name: service_jobcard; Type: TABLE DATA; Schema: public; Owner: scooteruser
--

COPY public.service_jobcard (id, job_card_number, status, priority, description, mileage, date_created, date_updated, estimated_completion, actual_completion, labor_hours, labor_rate, total_cost, notes, scooter_id, technician_id, previous_scooter_status) FROM stdin;
2	JC000002	completed	high	Quick Service	600	2025-05-06 01:18:13.224621+02	2025-05-06 01:18:13.495097+02	2025-05-06	2025-05-06	3.00	650.00	2548.00		1	1	\N
12	JC000012	completed	low	Brake pads finished, Serviced the bike at once.	5400	2025-05-12 15:21:06.882877+02	2025-05-12 15:23:00.381682+02	2025-05-12	2025-05-12	1.50	650.00	1824.80		17	3	\N
3	JC000003	completed	high	Vehicle Retired.	45029	2025-05-06 12:53:19.175574+02	2025-05-06 12:53:19.334156+02	2025-05-06	2025-05-06	1.50	650.00	2163.00	1. Removed Car Tracker\r\n2. Removed Lancet Stickers	2	1	\N
4	JC000004	completed	medium	Bike has been retired	47080	2025-05-07 20:05:23.538289+02	2025-05-07 20:05:23.733319+02	2025-05-07	2025-05-07	0.50	650.00	465.00		3	1	\N
5	JC000005	completed	medium	Tyre had a slow puncture and also worn out, due for replacement	26119	2025-05-07 20:10:42.583101+02	2025-05-07 20:10:42.814639+02	2025-05-07	2025-05-07	0.50	650.00	1125.00		4	1	\N
1	JC000001	completed	medium	Regular Service	50	2025-05-06 01:03:15.457891+02	2025-05-08 10:16:28.558078+02	2025-05-06	2025-05-06	2.00	0.00	1330.00		1	1	\N
13	JC000013	completed	low	Mileage was reset. 21000km service done	20635	2025-05-12 15:33:05.827162+02	2025-05-12 15:33:05.858512+02	2025-05-12	2025-05-12	1.50	650.00	1723.00		16	3	\N
14	JC000014	completed	urgent	Headlight bulb replacement	38286	2025-05-13 10:20:17.103664+02	2025-05-13 10:21:57.419812+02	2025-05-13	2025-05-13	0.50	650.00	425.00		18	1	\N
6	JC000006	in_progress	high	Issue with starting. (Electrical)	44882	2025-05-07 20:29:04.688092+02	2025-05-10 07:30:14.580946+02	2025-05-07	2025-05-07	1.50	650.00	1723.00		5	1	\N
15	JC000015	pending	medium	Rear Brake Pads worn out	8972	2025-05-14 15:53:36.443274+02	2025-05-14 15:53:37.600791+02	2025-05-13	2025-05-13	1.50	650.00	1583.00		47	1	\N
9	JC000009	completed	low	Due for retirement	77975	2025-05-12 11:58:26.95324+02	2025-05-12 11:58:56.540515+02	2025-05-12	2025-05-12	1.50	650.00	2197.00		13	1	\N
10	JC000010	completed	low	Bike came in overdue by 514km	33514	2025-05-12 12:16:12.58573+02	2025-05-12 12:16:12.619801+02	2025-05-12	2025-05-12	1.50	650.00	1713.00		14	1	\N
11	JC000011	pending	medium	Brake disk RR changed. Brake Pads RR still have life	39016	2025-05-12 12:22:43.944717+02	2025-05-12 12:22:43.97486+02	\N	\N	0.00	0.00	1048.00		15	1	\N
8	JC000008	completed	low	Came in as a breakdown. Non starter. Battery was flat. \r\nBike not charging the battery while running.	32566	2025-05-09 10:11:45.999653+02	2025-05-16 11:49:17.406243+02	2025-05-11	2025-05-16	25.00	100.00	3058.00		12	1	\N
16	JC000016	pending	low	First service and inspection	1080	2025-05-16 17:36:13.651579+02	2025-05-16 17:36:14.124248+02	2025-05-16	2025-05-16	1.50	650.00	1573.00		48	1	\N
\.


--
-- Data for Name: service_jobcarditem; Type: TABLE DATA; Schema: public; Owner: scooteruser
--

COPY public.service_jobcarditem (id, quantity, unit_price, total_price, date_added, job_card_id, part_id) FROM stdin;
2	1.00	130.00	130.00	2025-05-06 01:03:15.529818+02	1	20
3	0.30	500.00	150.00	2025-05-06 01:18:13.464785+02	2	7
4	0.80	560.00	448.00	2025-05-06 01:18:13.492528+02	2	1
5	1.00	140.00	140.00	2025-05-06 12:53:19.321852+02	3	14
7	1.00	600.00	600.00	2025-05-06 12:53:19.331534+02	3	20
8	1.00	140.00	140.00	2025-05-07 20:05:23.671132+02	4	14
9	1.00	800.00	800.00	2025-05-07 20:10:42.791454+02	5	38
10	0.80	560.00	448.00	2025-05-07 20:29:04.750157+02	6	1
11	1.00	300.00	300.00	2025-05-07 20:29:04.755881+02	6	44
13	0.80	560.00	448.00	2025-05-09 10:11:46.119827+02	8	149
14	1.00	20.00	20.00	2025-05-09 10:11:46.125249+02	8	62
15	1.00	70.00	70.00	2025-05-09 10:11:46.135512+02	8	45
16	1.00	150.00	150.00	2025-05-12 11:58:27.183824+02	9	15
17	1.00	150.00	150.00	2025-05-12 11:58:27.293838+02	9	15
18	1.20	560.00	672.00	2025-05-12 11:58:27.29998+02	9	149
19	0.50	500.00	250.00	2025-05-12 11:58:56.536319+02	9	7
20	1.00	150.00	150.00	2025-05-12 12:16:12.607173+02	10	15
21	1.00	140.00	140.00	2025-05-12 12:16:12.61246+02	10	14
22	0.80	560.00	448.00	2025-05-12 12:16:12.61656+02	10	149
23	1.00	600.00	600.00	2025-05-12 12:22:43.964203+02	11	20
24	0.80	560.00	448.00	2025-05-12 12:22:43.971085+02	11	149
25	0.80	560.00	448.00	2025-05-12 15:21:06.973437+02	12	149
26	1.00	140.00	140.00	2025-05-12 15:21:06.979471+02	12	14
27	1.00	111.80	111.80	2025-05-12 15:21:06.984667+02	12	8
28	0.30	500.00	150.00	2025-05-12 15:23:00.377351+02	12	7
29	0.80	560.00	448.00	2025-05-12 15:33:05.846722+02	13	149
30	1.00	300.00	300.00	2025-05-12 15:33:05.85433+02	13	29
31	1.00	100.00	100.00	2025-05-13 10:20:17.483795+02	14	24
32	1.00	140.00	140.00	2025-05-14 15:53:37.088027+02	15	14
33	0.80	560.00	448.00	2025-05-14 15:53:37.310928+02	15	149
34	1.00	20.00	20.00	2025-05-14 15:53:37.487782+02	15	116
35	1.00	20.00	20.00	2025-05-16 11:49:17.197921+02	8	116
36	0.80	560.00	448.00	2025-05-16 17:36:14.114734+02	16	149
37	0.30	500.00	150.00	2025-05-16 17:36:14.121616+02	16	7
\.


--
-- Data for Name: service_servicechecklist; Type: TABLE DATA; Schema: public; Owner: scooteruser
--

COPY public.service_servicechecklist (id, item_name, is_checked, notes, date_created, date_updated, job_card_id) FROM stdin;
7	Brake inspection	f		2025-05-06 01:18:13.497227+02	2025-05-06 01:18:13.497248+02	2
8	Battery check	f		2025-05-06 01:18:13.498997+02	2025-05-06 01:18:13.499016+02	2
9	Tire pressure and condition	f		2025-05-06 01:18:13.500496+02	2025-05-06 01:18:13.500514+02	2
10	Lights and signals testing	f		2025-05-06 01:18:13.50171+02	2025-05-06 01:18:13.501728+02	2
11	Electrical system check	f		2025-05-06 01:18:13.503026+02	2025-05-06 01:18:13.503045+02	2
12	Frame and suspension inspection	f		2025-05-06 01:18:13.504498+02	2025-05-06 01:18:13.504558+02	2
1	Brake inspection	t		2025-05-06 01:03:15.534293+02	2025-05-06 07:37:12.149381+02	1
2	Battery check	t		2025-05-06 01:03:15.589462+02	2025-05-06 07:37:12.201552+02	1
3	Tire pressure and condition	t		2025-05-06 01:03:15.591269+02	2025-05-06 07:37:12.203578+02	1
4	Lights and signals testing	f		2025-05-06 01:03:15.592785+02	2025-05-06 07:37:12.205327+02	1
5	Electrical system check	f		2025-05-06 01:03:15.59435+02	2025-05-06 07:37:12.206864+02	1
6	Frame and suspension inspection	f		2025-05-06 01:03:15.59579+02	2025-05-06 07:37:12.208306+02	1
13	Brake inspection	t		2025-05-06 12:53:19.336493+02	2025-05-06 12:53:52.444417+02	3
14	Battery check	f		2025-05-06 12:53:19.338695+02	2025-05-06 12:53:52.446184+02	3
15	Tire pressure and condition	t		2025-05-06 12:53:19.339919+02	2025-05-06 12:53:52.447428+02	3
16	Lights and signals testing	t		2025-05-06 12:53:19.34112+02	2025-05-06 12:53:52.44872+02	3
17	Electrical system check	f		2025-05-06 12:53:19.342318+02	2025-05-06 12:53:52.450003+02	3
18	Frame and suspension inspection	f		2025-05-06 12:53:19.343864+02	2025-05-06 12:53:52.451547+02	3
19	Brake inspection	f		2025-05-07 20:05:23.735782+02	2025-05-07 20:05:23.735802+02	4
20	Battery check	f		2025-05-07 20:05:23.776085+02	2025-05-07 20:05:23.776107+02	4
21	Tire pressure and condition	f		2025-05-07 20:05:23.777595+02	2025-05-07 20:05:23.777615+02	4
22	Lights and signals testing	f		2025-05-07 20:05:23.778969+02	2025-05-07 20:05:23.778987+02	4
23	Electrical system check	f		2025-05-07 20:05:23.780466+02	2025-05-07 20:05:23.780494+02	4
24	Frame and suspension inspection	f		2025-05-07 20:05:23.782809+02	2025-05-07 20:05:23.782828+02	4
25	Brake inspection	f		2025-05-07 20:10:42.897947+02	2025-05-07 20:10:42.897978+02	5
26	Battery check	f		2025-05-07 20:10:42.940497+02	2025-05-07 20:10:42.940517+02	5
27	Tire pressure and condition	f		2025-05-07 20:10:42.98116+02	2025-05-07 20:10:42.981189+02	5
28	Lights and signals testing	f		2025-05-07 20:10:43.023384+02	2025-05-07 20:10:43.023406+02	5
29	Electrical system check	f		2025-05-07 20:10:43.065403+02	2025-05-07 20:10:43.065426+02	5
30	Frame and suspension inspection	f		2025-05-07 20:10:43.147521+02	2025-05-07 20:10:43.147541+02	5
31	Brake inspection	f		2025-05-07 20:29:04.764311+02	2025-05-07 20:29:04.76439+02	6
32	Battery check	f		2025-05-07 20:29:04.767104+02	2025-05-07 20:29:04.767125+02	6
33	Tire pressure and condition	f		2025-05-07 20:29:04.768451+02	2025-05-07 20:29:04.768468+02	6
34	Lights and signals testing	f		2025-05-07 20:29:04.7697+02	2025-05-07 20:29:04.769717+02	6
35	Electrical system check	f		2025-05-07 20:29:04.771011+02	2025-05-07 20:29:04.77103+02	6
36	Frame and suspension inspection	f		2025-05-07 20:29:04.772417+02	2025-05-07 20:29:04.772443+02	6
43	Brake inspection	f		2025-05-09 10:11:46.139873+02	2025-05-09 10:11:46.139892+02	8
44	Battery check	f		2025-05-09 10:11:46.141684+02	2025-05-09 10:11:46.141704+02	8
45	Tire pressure and condition	f		2025-05-09 10:11:46.142956+02	2025-05-09 10:11:46.142973+02	8
46	Lights and signals testing	f		2025-05-09 10:11:46.149771+02	2025-05-09 10:11:46.149792+02	8
47	Electrical system check	f		2025-05-09 10:11:46.151377+02	2025-05-09 10:11:46.151397+02	8
48	Frame and suspension inspection	f		2025-05-09 10:11:46.152637+02	2025-05-09 10:11:46.15265+02	8
49	Brake inspection	f		2025-05-12 11:58:27.327615+02	2025-05-12 11:58:27.327638+02	9
50	Battery check	f		2025-05-12 11:58:27.397466+02	2025-05-12 11:58:27.397489+02	9
51	Tire pressure and condition	f		2025-05-12 11:58:27.398942+02	2025-05-12 11:58:27.39896+02	9
52	Lights and signals testing	f		2025-05-12 11:58:27.400897+02	2025-05-12 11:58:27.400924+02	9
53	Electrical system check	f		2025-05-12 11:58:27.402307+02	2025-05-12 11:58:27.402331+02	9
54	Frame and suspension inspection	f		2025-05-12 11:58:27.403647+02	2025-05-12 11:58:27.403671+02	9
55	Brake inspection	f		2025-05-12 12:16:12.622055+02	2025-05-12 12:16:12.622077+02	10
56	Battery check	f		2025-05-12 12:16:12.689017+02	2025-05-12 12:16:12.689039+02	10
57	Tire pressure and condition	f		2025-05-12 12:16:12.690479+02	2025-05-12 12:16:12.690496+02	10
58	Lights and signals testing	f		2025-05-12 12:16:12.692032+02	2025-05-12 12:16:12.692054+02	10
59	Electrical system check	f		2025-05-12 12:16:12.693462+02	2025-05-12 12:16:12.69348+02	10
60	Frame and suspension inspection	f		2025-05-12 12:16:12.694768+02	2025-05-12 12:16:12.694787+02	10
61	Brake inspection	f		2025-05-12 12:22:43.976767+02	2025-05-12 12:22:43.976786+02	11
62	Battery check	f		2025-05-12 12:22:43.978555+02	2025-05-12 12:22:43.978574+02	11
63	Tire pressure and condition	f		2025-05-12 12:22:43.979842+02	2025-05-12 12:22:43.979858+02	11
64	Lights and signals testing	f		2025-05-12 12:22:43.981012+02	2025-05-12 12:22:43.981029+02	11
65	Electrical system check	f		2025-05-12 12:22:43.98214+02	2025-05-12 12:22:43.982157+02	11
66	Frame and suspension inspection	f		2025-05-12 12:22:43.983206+02	2025-05-12 12:22:43.98322+02	11
67	Brake inspection	f		2025-05-12 15:21:06.990564+02	2025-05-12 15:21:06.990584+02	12
68	Battery check	f		2025-05-12 15:21:06.99248+02	2025-05-12 15:21:06.992499+02	12
69	Tire pressure and condition	f		2025-05-12 15:21:06.993764+02	2025-05-12 15:21:06.993781+02	12
70	Lights and signals testing	f		2025-05-12 15:21:06.995155+02	2025-05-12 15:21:06.995176+02	12
71	Electrical system check	f		2025-05-12 15:21:06.9982+02	2025-05-12 15:21:06.998285+02	12
72	Frame and suspension inspection	f		2025-05-12 15:21:06.99982+02	2025-05-12 15:21:06.999838+02	12
73	Brake inspection	f		2025-05-12 15:33:05.860309+02	2025-05-12 15:33:05.860331+02	13
74	Battery check	f		2025-05-12 15:33:05.862592+02	2025-05-12 15:33:05.862615+02	13
75	Tire pressure and condition	f		2025-05-12 15:33:05.864304+02	2025-05-12 15:33:05.864324+02	13
76	Lights and signals testing	f		2025-05-12 15:33:05.86572+02	2025-05-12 15:33:05.865738+02	13
77	Electrical system check	f		2025-05-12 15:33:05.866894+02	2025-05-12 15:33:05.866909+02	13
78	Frame and suspension inspection	f		2025-05-12 15:33:05.868015+02	2025-05-12 15:33:05.86803+02	13
79	Brake inspection	f		2025-05-13 10:20:17.698015+02	2025-05-13 10:20:17.69804+02	14
80	Battery check	f		2025-05-13 10:20:18.305585+02	2025-05-13 10:20:18.305609+02	14
81	Tire pressure and condition	f		2025-05-13 10:20:18.347742+02	2025-05-13 10:20:18.347768+02	14
82	Lights and signals testing	f		2025-05-13 10:20:18.36811+02	2025-05-13 10:20:18.368136+02	14
83	Electrical system check	f		2025-05-13 10:20:18.410182+02	2025-05-13 10:20:18.410206+02	14
84	Frame and suspension inspection	f		2025-05-13 10:20:18.452065+02	2025-05-13 10:20:18.452088+02	14
85	Brake inspection	f		2025-05-14 15:53:37.715916+02	2025-05-14 15:53:37.715939+02	15
86	Battery check	f		2025-05-14 15:53:37.978209+02	2025-05-14 15:53:37.978235+02	15
87	Tire pressure and condition	f		2025-05-14 15:53:38.021619+02	2025-05-14 15:53:38.021659+02	15
88	Lights and signals testing	f		2025-05-14 15:53:38.105649+02	2025-05-14 15:53:38.105687+02	15
89	Electrical system check	f		2025-05-14 15:53:38.133652+02	2025-05-14 15:53:38.133678+02	15
90	Frame and suspension inspection	f		2025-05-14 15:53:38.190568+02	2025-05-14 15:53:38.190595+02	15
91	Brake inspection	f		2025-05-16 17:36:14.126716+02	2025-05-16 17:36:14.126737+02	16
92	Battery check	f		2025-05-16 17:36:14.43647+02	2025-05-16 17:36:14.436499+02	16
93	Tire pressure and condition	f		2025-05-16 17:36:14.438148+02	2025-05-16 17:36:14.438166+02	16
94	Lights and signals testing	f		2025-05-16 17:36:14.439967+02	2025-05-16 17:36:14.43999+02	16
95	Electrical system check	f		2025-05-16 17:36:14.441679+02	2025-05-16 17:36:14.441698+02	16
96	Frame and suspension inspection	f		2025-05-16 17:36:14.443453+02	2025-05-16 17:36:14.443476+02	16
\.


--
-- Name: analytics_dashboard_id_seq; Type: SEQUENCE SET; Schema: public; Owner: scooteruser
--

SELECT pg_catalog.setval('public.analytics_dashboard_id_seq', 1, false);


--
-- Name: analytics_dashboardwidget_id_seq; Type: SEQUENCE SET; Schema: public; Owner: scooteruser
--

SELECT pg_catalog.setval('public.analytics_dashboardwidget_id_seq', 1, false);


--
-- Name: analytics_reportschedule_id_seq; Type: SEQUENCE SET; Schema: public; Owner: scooteruser
--

SELECT pg_catalog.setval('public.analytics_reportschedule_id_seq', 1, false);


--
-- Name: analytics_reportschedule_recipients_id_seq; Type: SEQUENCE SET; Schema: public; Owner: scooteruser
--

SELECT pg_catalog.setval('public.analytics_reportschedule_recipients_id_seq', 1, false);


--
-- Name: analytics_savedreport_allowed_users_id_seq; Type: SEQUENCE SET; Schema: public; Owner: scooteruser
--

SELECT pg_catalog.setval('public.analytics_savedreport_allowed_users_id_seq', 1, false);


--
-- Name: analytics_savedreport_id_seq; Type: SEQUENCE SET; Schema: public; Owner: scooteruser
--

SELECT pg_catalog.setval('public.analytics_savedreport_id_seq', 1, false);


--
-- Name: auth_group_id_seq; Type: SEQUENCE SET; Schema: public; Owner: scooteruser
--

SELECT pg_catalog.setval('public.auth_group_id_seq', 3, true);


--
-- Name: auth_group_permissions_id_seq; Type: SEQUENCE SET; Schema: public; Owner: scooteruser
--

SELECT pg_catalog.setval('public.auth_group_permissions_id_seq', 162, true);


--
-- Name: auth_permission_id_seq; Type: SEQUENCE SET; Schema: public; Owner: scooteruser
--

SELECT pg_catalog.setval('public.auth_permission_id_seq', 112, true);


--
-- Name: auth_user_groups_id_seq; Type: SEQUENCE SET; Schema: public; Owner: scooteruser
--

SELECT pg_catalog.setval('public.auth_user_groups_id_seq', 4, true);


--
-- Name: auth_user_id_seq; Type: SEQUENCE SET; Schema: public; Owner: scooteruser
--

SELECT pg_catalog.setval('public.auth_user_id_seq', 5, true);


--
-- Name: auth_user_user_permissions_id_seq; Type: SEQUENCE SET; Schema: public; Owner: scooteruser
--

SELECT pg_catalog.setval('public.auth_user_user_permissions_id_seq', 256, true);


--
-- Name: customers_customer_id_seq; Type: SEQUENCE SET; Schema: public; Owner: scooteruser
--

SELECT pg_catalog.setval('public.customers_customer_id_seq', 1, true);


--
-- Name: customers_payment_id_seq; Type: SEQUENCE SET; Schema: public; Owner: scooteruser
--

SELECT pg_catalog.setval('public.customers_payment_id_seq', 2, true);


--
-- Name: customers_paymentmethod_id_seq; Type: SEQUENCE SET; Schema: public; Owner: scooteruser
--

SELECT pg_catalog.setval('public.customers_paymentmethod_id_seq', 1, true);


--
-- Name: customers_rental_id_seq; Type: SEQUENCE SET; Schema: public; Owner: scooteruser
--

SELECT pg_catalog.setval('public.customers_rental_id_seq', 3, true);


--
-- Name: customers_rentalcategory_id_seq; Type: SEQUENCE SET; Schema: public; Owner: scooteruser
--

SELECT pg_catalog.setval('public.customers_rentalcategory_id_seq', 1, false);


--
-- Name: django_admin_log_id_seq; Type: SEQUENCE SET; Schema: public; Owner: scooteruser
--

SELECT pg_catalog.setval('public.django_admin_log_id_seq', 12, true);


--
-- Name: django_content_type_id_seq; Type: SEQUENCE SET; Schema: public; Owner: scooteruser
--

SELECT pg_catalog.setval('public.django_content_type_id_seq', 28, true);


--
-- Name: django_migrations_id_seq; Type: SEQUENCE SET; Schema: public; Owner: scooteruser
--

SELECT pg_catalog.setval('public.django_migrations_id_seq', 32, true);


--
-- Name: inventory_inventoryalert_id_seq; Type: SEQUENCE SET; Schema: public; Owner: scooteruser
--

SELECT pg_catalog.setval('public.inventory_inventoryalert_id_seq', 21, true);


--
-- Name: inventory_parts_id_seq; Type: SEQUENCE SET; Schema: public; Owner: scooteruser
--

SELECT pg_catalog.setval('public.inventory_parts_id_seq', 151, true);


--
-- Name: inventory_purchase_id_seq; Type: SEQUENCE SET; Schema: public; Owner: scooteruser
--

SELECT pg_catalog.setval('public.inventory_purchase_id_seq', 4, true);


--
-- Name: inventory_purchaseitem_id_seq; Type: SEQUENCE SET; Schema: public; Owner: scooteruser
--

SELECT pg_catalog.setval('public.inventory_purchaseitem_id_seq', 7, true);


--
-- Name: inventory_scooter_id_seq; Type: SEQUENCE SET; Schema: public; Owner: scooteruser
--

SELECT pg_catalog.setval('public.inventory_scooter_id_seq', 48, true);


--
-- Name: inventory_scootercategory_id_seq; Type: SEQUENCE SET; Schema: public; Owner: scooteruser
--

SELECT pg_catalog.setval('public.inventory_scootercategory_id_seq', 4, true);


--
-- Name: inventory_scootermaintenancehistory_id_seq; Type: SEQUENCE SET; Schema: public; Owner: scooteruser
--

SELECT pg_catalog.setval('public.inventory_scootermaintenancehistory_id_seq', 1, false);


--
-- Name: inventory_stocktransfer_id_seq; Type: SEQUENCE SET; Schema: public; Owner: scooteruser
--

SELECT pg_catalog.setval('public.inventory_stocktransfer_id_seq', 4, true);


--
-- Name: inventory_store_id_seq; Type: SEQUENCE SET; Schema: public; Owner: scooteruser
--

SELECT pg_catalog.setval('public.inventory_store_id_seq', 3, true);


--
-- Name: inventory_supplier_id_seq; Type: SEQUENCE SET; Schema: public; Owner: scooteruser
--

SELECT pg_catalog.setval('public.inventory_supplier_id_seq', 4, true);


--
-- Name: service_jobcard_id_seq; Type: SEQUENCE SET; Schema: public; Owner: scooteruser
--

SELECT pg_catalog.setval('public.service_jobcard_id_seq', 16, true);


--
-- Name: service_jobcarditem_id_seq; Type: SEQUENCE SET; Schema: public; Owner: scooteruser
--

SELECT pg_catalog.setval('public.service_jobcarditem_id_seq', 37, true);


--
-- Name: service_servicechecklist_id_seq; Type: SEQUENCE SET; Schema: public; Owner: scooteruser
--

SELECT pg_catalog.setval('public.service_servicechecklist_id_seq', 96, true);


--
-- Name: analytics_dashboard analytics_dashboard_pkey; Type: CONSTRAINT; Schema: public; Owner: scooteruser
--

ALTER TABLE ONLY public.analytics_dashboard
    ADD CONSTRAINT analytics_dashboard_pkey PRIMARY KEY (id);


--
-- Name: analytics_dashboardwidget analytics_dashboardwidget_pkey; Type: CONSTRAINT; Schema: public; Owner: scooteruser
--

ALTER TABLE ONLY public.analytics_dashboardwidget
    ADD CONSTRAINT analytics_dashboardwidget_pkey PRIMARY KEY (id);


--
-- Name: analytics_reportschedule analytics_reportschedule_pkey; Type: CONSTRAINT; Schema: public; Owner: scooteruser
--

ALTER TABLE ONLY public.analytics_reportschedule
    ADD CONSTRAINT analytics_reportschedule_pkey PRIMARY KEY (id);


--
-- Name: analytics_reportschedule_recipients analytics_reportschedule_recipients_pkey; Type: CONSTRAINT; Schema: public; Owner: scooteruser
--

ALTER TABLE ONLY public.analytics_reportschedule_recipients
    ADD CONSTRAINT analytics_reportschedule_recipients_pkey PRIMARY KEY (id);


--
-- Name: analytics_reportschedule_recipients analytics_reportschedule_reportschedule_id_user_i_bf90b082_uniq; Type: CONSTRAINT; Schema: public; Owner: scooteruser
--

ALTER TABLE ONLY public.analytics_reportschedule_recipients
    ADD CONSTRAINT analytics_reportschedule_reportschedule_id_user_i_bf90b082_uniq UNIQUE (reportschedule_id, user_id);


--
-- Name: analytics_savedreport_allowed_users analytics_savedreport_al_savedreport_id_user_id_a5d8496a_uniq; Type: CONSTRAINT; Schema: public; Owner: scooteruser
--

ALTER TABLE ONLY public.analytics_savedreport_allowed_users
    ADD CONSTRAINT analytics_savedreport_al_savedreport_id_user_id_a5d8496a_uniq UNIQUE (savedreport_id, user_id);


--
-- Name: analytics_savedreport_allowed_users analytics_savedreport_allowed_users_pkey; Type: CONSTRAINT; Schema: public; Owner: scooteruser
--

ALTER TABLE ONLY public.analytics_savedreport_allowed_users
    ADD CONSTRAINT analytics_savedreport_allowed_users_pkey PRIMARY KEY (id);


--
-- Name: analytics_savedreport analytics_savedreport_pkey; Type: CONSTRAINT; Schema: public; Owner: scooteruser
--

ALTER TABLE ONLY public.analytics_savedreport
    ADD CONSTRAINT analytics_savedreport_pkey PRIMARY KEY (id);


--
-- Name: auth_group auth_group_name_key; Type: CONSTRAINT; Schema: public; Owner: scooteruser
--

ALTER TABLE ONLY public.auth_group
    ADD CONSTRAINT auth_group_name_key UNIQUE (name);


--
-- Name: auth_group_permissions auth_group_permissions_group_id_permission_id_0cd325b0_uniq; Type: CONSTRAINT; Schema: public; Owner: scooteruser
--

ALTER TABLE ONLY public.auth_group_permissions
    ADD CONSTRAINT auth_group_permissions_group_id_permission_id_0cd325b0_uniq UNIQUE (group_id, permission_id);


--
-- Name: auth_group_permissions auth_group_permissions_pkey; Type: CONSTRAINT; Schema: public; Owner: scooteruser
--

ALTER TABLE ONLY public.auth_group_permissions
    ADD CONSTRAINT auth_group_permissions_pkey PRIMARY KEY (id);


--
-- Name: auth_group auth_group_pkey; Type: CONSTRAINT; Schema: public; Owner: scooteruser
--

ALTER TABLE ONLY public.auth_group
    ADD CONSTRAINT auth_group_pkey PRIMARY KEY (id);


--
-- Name: auth_permission auth_permission_content_type_id_codename_01ab375a_uniq; Type: CONSTRAINT; Schema: public; Owner: scooteruser
--

ALTER TABLE ONLY public.auth_permission
    ADD CONSTRAINT auth_permission_content_type_id_codename_01ab375a_uniq UNIQUE (content_type_id, codename);


--
-- Name: auth_permission auth_permission_pkey; Type: CONSTRAINT; Schema: public; Owner: scooteruser
--

ALTER TABLE ONLY public.auth_permission
    ADD CONSTRAINT auth_permission_pkey PRIMARY KEY (id);


--
-- Name: auth_user_groups auth_user_groups_pkey; Type: CONSTRAINT; Schema: public; Owner: scooteruser
--

ALTER TABLE ONLY public.auth_user_groups
    ADD CONSTRAINT auth_user_groups_pkey PRIMARY KEY (id);


--
-- Name: auth_user_groups auth_user_groups_user_id_group_id_94350c0c_uniq; Type: CONSTRAINT; Schema: public; Owner: scooteruser
--

ALTER TABLE ONLY public.auth_user_groups
    ADD CONSTRAINT auth_user_groups_user_id_group_id_94350c0c_uniq UNIQUE (user_id, group_id);


--
-- Name: auth_user auth_user_pkey; Type: CONSTRAINT; Schema: public; Owner: scooteruser
--

ALTER TABLE ONLY public.auth_user
    ADD CONSTRAINT auth_user_pkey PRIMARY KEY (id);


--
-- Name: auth_user_user_permissions auth_user_user_permissions_pkey; Type: CONSTRAINT; Schema: public; Owner: scooteruser
--

ALTER TABLE ONLY public.auth_user_user_permissions
    ADD CONSTRAINT auth_user_user_permissions_pkey PRIMARY KEY (id);


--
-- Name: auth_user_user_permissions auth_user_user_permissions_user_id_permission_id_14a6b632_uniq; Type: CONSTRAINT; Schema: public; Owner: scooteruser
--

ALTER TABLE ONLY public.auth_user_user_permissions
    ADD CONSTRAINT auth_user_user_permissions_user_id_permission_id_14a6b632_uniq UNIQUE (user_id, permission_id);


--
-- Name: auth_user auth_user_username_key; Type: CONSTRAINT; Schema: public; Owner: scooteruser
--

ALTER TABLE ONLY public.auth_user
    ADD CONSTRAINT auth_user_username_key UNIQUE (username);


--
-- Name: customers_customer customers_customer_driver_license_key; Type: CONSTRAINT; Schema: public; Owner: scooteruser
--

ALTER TABLE ONLY public.customers_customer
    ADD CONSTRAINT customers_customer_driver_license_key UNIQUE (driver_license);


--
-- Name: customers_customer customers_customer_email_key; Type: CONSTRAINT; Schema: public; Owner: scooteruser
--

ALTER TABLE ONLY public.customers_customer
    ADD CONSTRAINT customers_customer_email_key UNIQUE (email);


--
-- Name: customers_customer customers_customer_pkey; Type: CONSTRAINT; Schema: public; Owner: scooteruser
--

ALTER TABLE ONLY public.customers_customer
    ADD CONSTRAINT customers_customer_pkey PRIMARY KEY (id);


--
-- Name: customers_payment customers_payment_pkey; Type: CONSTRAINT; Schema: public; Owner: scooteruser
--

ALTER TABLE ONLY public.customers_payment
    ADD CONSTRAINT customers_payment_pkey PRIMARY KEY (id);


--
-- Name: customers_paymentmethod customers_paymentmethod_pkey; Type: CONSTRAINT; Schema: public; Owner: scooteruser
--

ALTER TABLE ONLY public.customers_paymentmethod
    ADD CONSTRAINT customers_paymentmethod_pkey PRIMARY KEY (id);


--
-- Name: customers_rental customers_rental_pkey; Type: CONSTRAINT; Schema: public; Owner: scooteruser
--

ALTER TABLE ONLY public.customers_rental
    ADD CONSTRAINT customers_rental_pkey PRIMARY KEY (id);


--
-- Name: customers_rental customers_rental_rental_number_key; Type: CONSTRAINT; Schema: public; Owner: scooteruser
--

ALTER TABLE ONLY public.customers_rental
    ADD CONSTRAINT customers_rental_rental_number_key UNIQUE (rental_number);


--
-- Name: customers_rentalcategory customers_rentalcategory_category_key; Type: CONSTRAINT; Schema: public; Owner: scooteruser
--

ALTER TABLE ONLY public.customers_rentalcategory
    ADD CONSTRAINT customers_rentalcategory_category_key UNIQUE (category);


--
-- Name: customers_rentalcategory customers_rentalcategory_pkey; Type: CONSTRAINT; Schema: public; Owner: scooteruser
--

ALTER TABLE ONLY public.customers_rentalcategory
    ADD CONSTRAINT customers_rentalcategory_pkey PRIMARY KEY (id);


--
-- Name: django_admin_log django_admin_log_pkey; Type: CONSTRAINT; Schema: public; Owner: scooteruser
--

ALTER TABLE ONLY public.django_admin_log
    ADD CONSTRAINT django_admin_log_pkey PRIMARY KEY (id);


--
-- Name: django_content_type django_content_type_app_label_model_76bd3d3b_uniq; Type: CONSTRAINT; Schema: public; Owner: scooteruser
--

ALTER TABLE ONLY public.django_content_type
    ADD CONSTRAINT django_content_type_app_label_model_76bd3d3b_uniq UNIQUE (app_label, model);


--
-- Name: django_content_type django_content_type_pkey; Type: CONSTRAINT; Schema: public; Owner: scooteruser
--

ALTER TABLE ONLY public.django_content_type
    ADD CONSTRAINT django_content_type_pkey PRIMARY KEY (id);


--
-- Name: django_migrations django_migrations_pkey; Type: CONSTRAINT; Schema: public; Owner: scooteruser
--

ALTER TABLE ONLY public.django_migrations
    ADD CONSTRAINT django_migrations_pkey PRIMARY KEY (id);


--
-- Name: django_session django_session_pkey; Type: CONSTRAINT; Schema: public; Owner: scooteruser
--

ALTER TABLE ONLY public.django_session
    ADD CONSTRAINT django_session_pkey PRIMARY KEY (session_key);


--
-- Name: inventory_inventoryalert inventory_inventoryalert_pkey; Type: CONSTRAINT; Schema: public; Owner: scooteruser
--

ALTER TABLE ONLY public.inventory_inventoryalert
    ADD CONSTRAINT inventory_inventoryalert_pkey PRIMARY KEY (id);


--
-- Name: inventory_parts inventory_parts_part_number_store_id_27eeb1b3_uniq; Type: CONSTRAINT; Schema: public; Owner: scooteruser
--

ALTER TABLE ONLY public.inventory_parts
    ADD CONSTRAINT inventory_parts_part_number_store_id_27eeb1b3_uniq UNIQUE (part_number, store_id);


--
-- Name: inventory_parts inventory_parts_pkey; Type: CONSTRAINT; Schema: public; Owner: scooteruser
--

ALTER TABLE ONLY public.inventory_parts
    ADD CONSTRAINT inventory_parts_pkey PRIMARY KEY (id);


--
-- Name: inventory_purchase inventory_purchase_invoice_number_key; Type: CONSTRAINT; Schema: public; Owner: scooteruser
--

ALTER TABLE ONLY public.inventory_purchase
    ADD CONSTRAINT inventory_purchase_invoice_number_key UNIQUE (invoice_number);


--
-- Name: inventory_purchase inventory_purchase_pkey; Type: CONSTRAINT; Schema: public; Owner: scooteruser
--

ALTER TABLE ONLY public.inventory_purchase
    ADD CONSTRAINT inventory_purchase_pkey PRIMARY KEY (id);


--
-- Name: inventory_purchaseitem inventory_purchaseitem_pkey; Type: CONSTRAINT; Schema: public; Owner: scooteruser
--

ALTER TABLE ONLY public.inventory_purchaseitem
    ADD CONSTRAINT inventory_purchaseitem_pkey PRIMARY KEY (id);


--
-- Name: inventory_scooter inventory_scooter_license_number_key; Type: CONSTRAINT; Schema: public; Owner: scooteruser
--

ALTER TABLE ONLY public.inventory_scooter
    ADD CONSTRAINT inventory_scooter_license_number_key UNIQUE (license_number);


--
-- Name: inventory_scooter inventory_scooter_pkey; Type: CONSTRAINT; Schema: public; Owner: scooteruser
--

ALTER TABLE ONLY public.inventory_scooter
    ADD CONSTRAINT inventory_scooter_pkey PRIMARY KEY (id);


--
-- Name: inventory_scooter inventory_scooter_vin_key; Type: CONSTRAINT; Schema: public; Owner: scooteruser
--

ALTER TABLE ONLY public.inventory_scooter
    ADD CONSTRAINT inventory_scooter_vin_key UNIQUE (vin);


--
-- Name: inventory_scootercategory inventory_scootercategory_category_key; Type: CONSTRAINT; Schema: public; Owner: scooteruser
--

ALTER TABLE ONLY public.inventory_scootercategory
    ADD CONSTRAINT inventory_scootercategory_category_key UNIQUE (category);


--
-- Name: inventory_scootercategory inventory_scootercategory_pkey; Type: CONSTRAINT; Schema: public; Owner: scooteruser
--

ALTER TABLE ONLY public.inventory_scootercategory
    ADD CONSTRAINT inventory_scootercategory_pkey PRIMARY KEY (id);


--
-- Name: inventory_scootermaintenancehistory inventory_scootermaintenancehistory_pkey; Type: CONSTRAINT; Schema: public; Owner: scooteruser
--

ALTER TABLE ONLY public.inventory_scootermaintenancehistory
    ADD CONSTRAINT inventory_scootermaintenancehistory_pkey PRIMARY KEY (id);


--
-- Name: inventory_stocktransfer inventory_stocktransfer_pkey; Type: CONSTRAINT; Schema: public; Owner: scooteruser
--

ALTER TABLE ONLY public.inventory_stocktransfer
    ADD CONSTRAINT inventory_stocktransfer_pkey PRIMARY KEY (id);


--
-- Name: inventory_stocktransfer inventory_stocktransfer_transfer_number_key; Type: CONSTRAINT; Schema: public; Owner: scooteruser
--

ALTER TABLE ONLY public.inventory_stocktransfer
    ADD CONSTRAINT inventory_stocktransfer_transfer_number_key UNIQUE (transfer_number);


--
-- Name: inventory_store inventory_store_pkey; Type: CONSTRAINT; Schema: public; Owner: scooteruser
--

ALTER TABLE ONLY public.inventory_store
    ADD CONSTRAINT inventory_store_pkey PRIMARY KEY (id);


--
-- Name: inventory_supplier inventory_supplier_pkey; Type: CONSTRAINT; Schema: public; Owner: scooteruser
--

ALTER TABLE ONLY public.inventory_supplier
    ADD CONSTRAINT inventory_supplier_pkey PRIMARY KEY (id);


--
-- Name: service_jobcard service_jobcard_job_card_number_key; Type: CONSTRAINT; Schema: public; Owner: scooteruser
--

ALTER TABLE ONLY public.service_jobcard
    ADD CONSTRAINT service_jobcard_job_card_number_key UNIQUE (job_card_number);


--
-- Name: service_jobcard service_jobcard_pkey; Type: CONSTRAINT; Schema: public; Owner: scooteruser
--

ALTER TABLE ONLY public.service_jobcard
    ADD CONSTRAINT service_jobcard_pkey PRIMARY KEY (id);


--
-- Name: service_jobcarditem service_jobcarditem_pkey; Type: CONSTRAINT; Schema: public; Owner: scooteruser
--

ALTER TABLE ONLY public.service_jobcarditem
    ADD CONSTRAINT service_jobcarditem_pkey PRIMARY KEY (id);


--
-- Name: service_servicechecklist service_servicechecklist_pkey; Type: CONSTRAINT; Schema: public; Owner: scooteruser
--

ALTER TABLE ONLY public.service_servicechecklist
    ADD CONSTRAINT service_servicechecklist_pkey PRIMARY KEY (id);


--
-- Name: analytics_dashboard_owner_id_37d1219a; Type: INDEX; Schema: public; Owner: scooteruser
--

CREATE INDEX analytics_dashboard_owner_id_37d1219a ON public.analytics_dashboard USING btree (owner_id);


--
-- Name: analytics_dashboardwidget_dashboard_id_9dca796a; Type: INDEX; Schema: public; Owner: scooteruser
--

CREATE INDEX analytics_dashboardwidget_dashboard_id_9dca796a ON public.analytics_dashboardwidget USING btree (dashboard_id);


--
-- Name: analytics_reportschedule_created_by_id_39ae8f35; Type: INDEX; Schema: public; Owner: scooteruser
--

CREATE INDEX analytics_reportschedule_created_by_id_39ae8f35 ON public.analytics_reportschedule USING btree (created_by_id);


--
-- Name: analytics_reportschedule_recipients_reportschedule_id_71e52972; Type: INDEX; Schema: public; Owner: scooteruser
--

CREATE INDEX analytics_reportschedule_recipients_reportschedule_id_71e52972 ON public.analytics_reportschedule_recipients USING btree (reportschedule_id);


--
-- Name: analytics_reportschedule_recipients_user_id_36e8788b; Type: INDEX; Schema: public; Owner: scooteruser
--

CREATE INDEX analytics_reportschedule_recipients_user_id_36e8788b ON public.analytics_reportschedule_recipients USING btree (user_id);


--
-- Name: analytics_savedreport_allowed_users_savedreport_id_80d83201; Type: INDEX; Schema: public; Owner: scooteruser
--

CREATE INDEX analytics_savedreport_allowed_users_savedreport_id_80d83201 ON public.analytics_savedreport_allowed_users USING btree (savedreport_id);


--
-- Name: analytics_savedreport_allowed_users_user_id_a1c5f009; Type: INDEX; Schema: public; Owner: scooteruser
--

CREATE INDEX analytics_savedreport_allowed_users_user_id_a1c5f009 ON public.analytics_savedreport_allowed_users USING btree (user_id);


--
-- Name: analytics_savedreport_generated_by_id_8f08013c; Type: INDEX; Schema: public; Owner: scooteruser
--

CREATE INDEX analytics_savedreport_generated_by_id_8f08013c ON public.analytics_savedreport USING btree (generated_by_id);


--
-- Name: analytics_savedreport_report_schedule_id_3155f87f; Type: INDEX; Schema: public; Owner: scooteruser
--

CREATE INDEX analytics_savedreport_report_schedule_id_3155f87f ON public.analytics_savedreport USING btree (report_schedule_id);


--
-- Name: auth_group_name_a6ea08ec_like; Type: INDEX; Schema: public; Owner: scooteruser
--

CREATE INDEX auth_group_name_a6ea08ec_like ON public.auth_group USING btree (name varchar_pattern_ops);


--
-- Name: auth_group_permissions_group_id_b120cbf9; Type: INDEX; Schema: public; Owner: scooteruser
--

CREATE INDEX auth_group_permissions_group_id_b120cbf9 ON public.auth_group_permissions USING btree (group_id);


--
-- Name: auth_group_permissions_permission_id_84c5c92e; Type: INDEX; Schema: public; Owner: scooteruser
--

CREATE INDEX auth_group_permissions_permission_id_84c5c92e ON public.auth_group_permissions USING btree (permission_id);


--
-- Name: auth_permission_content_type_id_2f476e4b; Type: INDEX; Schema: public; Owner: scooteruser
--

CREATE INDEX auth_permission_content_type_id_2f476e4b ON public.auth_permission USING btree (content_type_id);


--
-- Name: auth_user_groups_group_id_97559544; Type: INDEX; Schema: public; Owner: scooteruser
--

CREATE INDEX auth_user_groups_group_id_97559544 ON public.auth_user_groups USING btree (group_id);


--
-- Name: auth_user_groups_user_id_6a12ed8b; Type: INDEX; Schema: public; Owner: scooteruser
--

CREATE INDEX auth_user_groups_user_id_6a12ed8b ON public.auth_user_groups USING btree (user_id);


--
-- Name: auth_user_user_permissions_permission_id_1fbb5f2c; Type: INDEX; Schema: public; Owner: scooteruser
--

CREATE INDEX auth_user_user_permissions_permission_id_1fbb5f2c ON public.auth_user_user_permissions USING btree (permission_id);


--
-- Name: auth_user_user_permissions_user_id_a95ead1b; Type: INDEX; Schema: public; Owner: scooteruser
--

CREATE INDEX auth_user_user_permissions_user_id_a95ead1b ON public.auth_user_user_permissions USING btree (user_id);


--
-- Name: auth_user_username_6821ab7c_like; Type: INDEX; Schema: public; Owner: scooteruser
--

CREATE INDEX auth_user_username_6821ab7c_like ON public.auth_user USING btree (username varchar_pattern_ops);


--
-- Name: customers_customer_driver_license_a33a2ff9_like; Type: INDEX; Schema: public; Owner: scooteruser
--

CREATE INDEX customers_customer_driver_license_a33a2ff9_like ON public.customers_customer USING btree (driver_license varchar_pattern_ops);


--
-- Name: customers_customer_email_300e404b_like; Type: INDEX; Schema: public; Owner: scooteruser
--

CREATE INDEX customers_customer_email_300e404b_like ON public.customers_customer USING btree (email varchar_pattern_ops);


--
-- Name: customers_payment_payment_method_id_6b153ff4; Type: INDEX; Schema: public; Owner: scooteruser
--

CREATE INDEX customers_payment_payment_method_id_6b153ff4 ON public.customers_payment USING btree (payment_method_id);


--
-- Name: customers_payment_rental_id_88a702cd; Type: INDEX; Schema: public; Owner: scooteruser
--

CREATE INDEX customers_payment_rental_id_88a702cd ON public.customers_payment USING btree (rental_id);


--
-- Name: customers_paymentmethod_customer_id_4a8c4e90; Type: INDEX; Schema: public; Owner: scooteruser
--

CREATE INDEX customers_paymentmethod_customer_id_4a8c4e90 ON public.customers_paymentmethod USING btree (customer_id);


--
-- Name: customers_rental_category_id_09278e1b; Type: INDEX; Schema: public; Owner: scooteruser
--

CREATE INDEX customers_rental_category_id_09278e1b ON public.customers_rental USING btree (category_id);


--
-- Name: customers_rental_created_by_id_bdd3a8a2; Type: INDEX; Schema: public; Owner: scooteruser
--

CREATE INDEX customers_rental_created_by_id_bdd3a8a2 ON public.customers_rental USING btree (created_by_id);


--
-- Name: customers_rental_customer_id_aabbc65f; Type: INDEX; Schema: public; Owner: scooteruser
--

CREATE INDEX customers_rental_customer_id_aabbc65f ON public.customers_rental USING btree (customer_id);


--
-- Name: customers_rental_rental_number_8616856a_like; Type: INDEX; Schema: public; Owner: scooteruser
--

CREATE INDEX customers_rental_rental_number_8616856a_like ON public.customers_rental USING btree (rental_number varchar_pattern_ops);


--
-- Name: customers_rental_scooter_id_8a782220; Type: INDEX; Schema: public; Owner: scooteruser
--

CREATE INDEX customers_rental_scooter_id_8a782220 ON public.customers_rental USING btree (scooter_id);


--
-- Name: customers_rentalcategory_category_80794481_like; Type: INDEX; Schema: public; Owner: scooteruser
--

CREATE INDEX customers_rentalcategory_category_80794481_like ON public.customers_rentalcategory USING btree (category varchar_pattern_ops);


--
-- Name: django_admin_log_content_type_id_c4bce8eb; Type: INDEX; Schema: public; Owner: scooteruser
--

CREATE INDEX django_admin_log_content_type_id_c4bce8eb ON public.django_admin_log USING btree (content_type_id);


--
-- Name: django_admin_log_user_id_c564eba6; Type: INDEX; Schema: public; Owner: scooteruser
--

CREATE INDEX django_admin_log_user_id_c564eba6 ON public.django_admin_log USING btree (user_id);


--
-- Name: django_session_expire_date_a5c62663; Type: INDEX; Schema: public; Owner: scooteruser
--

CREATE INDEX django_session_expire_date_a5c62663 ON public.django_session USING btree (expire_date);


--
-- Name: django_session_session_key_c0390e0f_like; Type: INDEX; Schema: public; Owner: scooteruser
--

CREATE INDEX django_session_session_key_c0390e0f_like ON public.django_session USING btree (session_key varchar_pattern_ops);


--
-- Name: inventory_inventoryalert_acknowledged_by_id_c7e0935a; Type: INDEX; Schema: public; Owner: scooteruser
--

CREATE INDEX inventory_inventoryalert_acknowledged_by_id_c7e0935a ON public.inventory_inventoryalert USING btree (acknowledged_by_id);


--
-- Name: inventory_inventoryalert_created_by_id_95354611; Type: INDEX; Schema: public; Owner: scooteruser
--

CREATE INDEX inventory_inventoryalert_created_by_id_95354611 ON public.inventory_inventoryalert USING btree (created_by_id);


--
-- Name: inventory_inventoryalert_part_id_b905a7fa; Type: INDEX; Schema: public; Owner: scooteruser
--

CREATE INDEX inventory_inventoryalert_part_id_b905a7fa ON public.inventory_inventoryalert USING btree (part_id);


--
-- Name: inventory_inventoryalert_resolved_by_id_a966607b; Type: INDEX; Schema: public; Owner: scooteruser
--

CREATE INDEX inventory_inventoryalert_resolved_by_id_a966607b ON public.inventory_inventoryalert USING btree (resolved_by_id);


--
-- Name: inventory_inventoryalert_scooter_id_7392e07e; Type: INDEX; Schema: public; Owner: scooteruser
--

CREATE INDEX inventory_inventoryalert_scooter_id_7392e07e ON public.inventory_inventoryalert USING btree (scooter_id);


--
-- Name: inventory_inventoryalert_store_id_8dbd54a3; Type: INDEX; Schema: public; Owner: scooteruser
--

CREATE INDEX inventory_inventoryalert_store_id_8dbd54a3 ON public.inventory_inventoryalert USING btree (store_id);


--
-- Name: inventory_parts_store_id_dffee19e; Type: INDEX; Schema: public; Owner: scooteruser
--

CREATE INDEX inventory_parts_store_id_dffee19e ON public.inventory_parts USING btree (store_id);


--
-- Name: inventory_purchase_created_by_id_95f05171; Type: INDEX; Schema: public; Owner: scooteruser
--

CREATE INDEX inventory_purchase_created_by_id_95f05171 ON public.inventory_purchase USING btree (created_by_id);


--
-- Name: inventory_purchase_invoice_number_2f3fc710_like; Type: INDEX; Schema: public; Owner: scooteruser
--

CREATE INDEX inventory_purchase_invoice_number_2f3fc710_like ON public.inventory_purchase USING btree (invoice_number varchar_pattern_ops);


--
-- Name: inventory_purchase_supplier_id_d098a335; Type: INDEX; Schema: public; Owner: scooteruser
--

CREATE INDEX inventory_purchase_supplier_id_d098a335 ON public.inventory_purchase USING btree (supplier_id);


--
-- Name: inventory_purchaseitem_part_id_18970575; Type: INDEX; Schema: public; Owner: scooteruser
--

CREATE INDEX inventory_purchaseitem_part_id_18970575 ON public.inventory_purchaseitem USING btree (part_id);


--
-- Name: inventory_purchaseitem_purchase_id_142d2777; Type: INDEX; Schema: public; Owner: scooteruser
--

CREATE INDEX inventory_purchaseitem_purchase_id_142d2777 ON public.inventory_purchaseitem USING btree (purchase_id);


--
-- Name: inventory_purchaseitem_scooter_id_6f5e0353; Type: INDEX; Schema: public; Owner: scooteruser
--

CREATE INDEX inventory_purchaseitem_scooter_id_6f5e0353 ON public.inventory_purchaseitem USING btree (scooter_id);


--
-- Name: inventory_purchaseitem_store_id_2331265f; Type: INDEX; Schema: public; Owner: scooteruser
--

CREATE INDEX inventory_purchaseitem_store_id_2331265f ON public.inventory_purchaseitem USING btree (store_id);


--
-- Name: inventory_scooter_license_number_45ed9a5c_like; Type: INDEX; Schema: public; Owner: scooteruser
--

CREATE INDEX inventory_scooter_license_number_45ed9a5c_like ON public.inventory_scooter USING btree (license_number varchar_pattern_ops);


--
-- Name: inventory_scooter_store_id_a3a32995; Type: INDEX; Schema: public; Owner: scooteruser
--

CREATE INDEX inventory_scooter_store_id_a3a32995 ON public.inventory_scooter USING btree (store_id);


--
-- Name: inventory_scooter_supplier_id_497fe49b; Type: INDEX; Schema: public; Owner: scooteruser
--

CREATE INDEX inventory_scooter_supplier_id_497fe49b ON public.inventory_scooter USING btree (supplier_id);


--
-- Name: inventory_scooter_vin_ad05b87f_like; Type: INDEX; Schema: public; Owner: scooteruser
--

CREATE INDEX inventory_scooter_vin_ad05b87f_like ON public.inventory_scooter USING btree (vin varchar_pattern_ops);


--
-- Name: inventory_scootermaintenancehistory_scooter_id_c43192d7; Type: INDEX; Schema: public; Owner: scooteruser
--

CREATE INDEX inventory_scootermaintenancehistory_scooter_id_c43192d7 ON public.inventory_scootermaintenancehistory USING btree (scooter_id);


--
-- Name: inventory_stocktransfer_created_by_id_4b71f1b5; Type: INDEX; Schema: public; Owner: scooteruser
--

CREATE INDEX inventory_stocktransfer_created_by_id_4b71f1b5 ON public.inventory_stocktransfer USING btree (created_by_id);


--
-- Name: inventory_stocktransfer_destination_store_id_6c5e7e9d; Type: INDEX; Schema: public; Owner: scooteruser
--

CREATE INDEX inventory_stocktransfer_destination_store_id_6c5e7e9d ON public.inventory_stocktransfer USING btree (destination_store_id);


--
-- Name: inventory_stocktransfer_part_id_40ca3531; Type: INDEX; Schema: public; Owner: scooteruser
--

CREATE INDEX inventory_stocktransfer_part_id_40ca3531 ON public.inventory_stocktransfer USING btree (part_id);


--
-- Name: inventory_stocktransfer_source_store_id_1c39fff7; Type: INDEX; Schema: public; Owner: scooteruser
--

CREATE INDEX inventory_stocktransfer_source_store_id_1c39fff7 ON public.inventory_stocktransfer USING btree (source_store_id);


--
-- Name: inventory_stocktransfer_transfer_number_0575b39a_like; Type: INDEX; Schema: public; Owner: scooteruser
--

CREATE INDEX inventory_stocktransfer_transfer_number_0575b39a_like ON public.inventory_stocktransfer USING btree (transfer_number varchar_pattern_ops);


--
-- Name: service_jobcard_job_card_number_bcc21f8f_like; Type: INDEX; Schema: public; Owner: scooteruser
--

CREATE INDEX service_jobcard_job_card_number_bcc21f8f_like ON public.service_jobcard USING btree (job_card_number varchar_pattern_ops);


--
-- Name: service_jobcard_scooter_id_4b9c6be9; Type: INDEX; Schema: public; Owner: scooteruser
--

CREATE INDEX service_jobcard_scooter_id_4b9c6be9 ON public.service_jobcard USING btree (scooter_id);


--
-- Name: service_jobcard_technician_id_a72988fb; Type: INDEX; Schema: public; Owner: scooteruser
--

CREATE INDEX service_jobcard_technician_id_a72988fb ON public.service_jobcard USING btree (technician_id);


--
-- Name: service_jobcarditem_job_card_id_7a1eb7be; Type: INDEX; Schema: public; Owner: scooteruser
--

CREATE INDEX service_jobcarditem_job_card_id_7a1eb7be ON public.service_jobcarditem USING btree (job_card_id);


--
-- Name: service_jobcarditem_part_id_50cebbfa; Type: INDEX; Schema: public; Owner: scooteruser
--

CREATE INDEX service_jobcarditem_part_id_50cebbfa ON public.service_jobcarditem USING btree (part_id);


--
-- Name: service_servicechecklist_job_card_id_b012a0f6; Type: INDEX; Schema: public; Owner: scooteruser
--

CREATE INDEX service_servicechecklist_job_card_id_b012a0f6 ON public.service_servicechecklist USING btree (job_card_id);


--
-- Name: analytics_dashboard analytics_dashboard_owner_id_37d1219a_fk_auth_user_id; Type: FK CONSTRAINT; Schema: public; Owner: scooteruser
--

ALTER TABLE ONLY public.analytics_dashboard
    ADD CONSTRAINT analytics_dashboard_owner_id_37d1219a_fk_auth_user_id FOREIGN KEY (owner_id) REFERENCES public.auth_user(id) DEFERRABLE INITIALLY DEFERRED;


--
-- Name: analytics_dashboardwidget analytics_dashboardw_dashboard_id_9dca796a_fk_analytics; Type: FK CONSTRAINT; Schema: public; Owner: scooteruser
--

ALTER TABLE ONLY public.analytics_dashboardwidget
    ADD CONSTRAINT analytics_dashboardw_dashboard_id_9dca796a_fk_analytics FOREIGN KEY (dashboard_id) REFERENCES public.analytics_dashboard(id) DEFERRABLE INITIALLY DEFERRED;


--
-- Name: analytics_reportschedule_recipients analytics_reportsche_reportschedule_id_71e52972_fk_analytics; Type: FK CONSTRAINT; Schema: public; Owner: scooteruser
--

ALTER TABLE ONLY public.analytics_reportschedule_recipients
    ADD CONSTRAINT analytics_reportsche_reportschedule_id_71e52972_fk_analytics FOREIGN KEY (reportschedule_id) REFERENCES public.analytics_reportschedule(id) DEFERRABLE INITIALLY DEFERRED;


--
-- Name: analytics_reportschedule_recipients analytics_reportsche_user_id_36e8788b_fk_auth_user; Type: FK CONSTRAINT; Schema: public; Owner: scooteruser
--

ALTER TABLE ONLY public.analytics_reportschedule_recipients
    ADD CONSTRAINT analytics_reportsche_user_id_36e8788b_fk_auth_user FOREIGN KEY (user_id) REFERENCES public.auth_user(id) DEFERRABLE INITIALLY DEFERRED;


--
-- Name: analytics_reportschedule analytics_reportschedule_created_by_id_39ae8f35_fk_auth_user_id; Type: FK CONSTRAINT; Schema: public; Owner: scooteruser
--

ALTER TABLE ONLY public.analytics_reportschedule
    ADD CONSTRAINT analytics_reportschedule_created_by_id_39ae8f35_fk_auth_user_id FOREIGN KEY (created_by_id) REFERENCES public.auth_user(id) DEFERRABLE INITIALLY DEFERRED;


--
-- Name: analytics_savedreport analytics_savedrepor_report_schedule_id_3155f87f_fk_analytics; Type: FK CONSTRAINT; Schema: public; Owner: scooteruser
--

ALTER TABLE ONLY public.analytics_savedreport
    ADD CONSTRAINT analytics_savedrepor_report_schedule_id_3155f87f_fk_analytics FOREIGN KEY (report_schedule_id) REFERENCES public.analytics_reportschedule(id) DEFERRABLE INITIALLY DEFERRED;


--
-- Name: analytics_savedreport_allowed_users analytics_savedrepor_savedreport_id_80d83201_fk_analytics; Type: FK CONSTRAINT; Schema: public; Owner: scooteruser
--

ALTER TABLE ONLY public.analytics_savedreport_allowed_users
    ADD CONSTRAINT analytics_savedrepor_savedreport_id_80d83201_fk_analytics FOREIGN KEY (savedreport_id) REFERENCES public.analytics_savedreport(id) DEFERRABLE INITIALLY DEFERRED;


--
-- Name: analytics_savedreport_allowed_users analytics_savedrepor_user_id_a1c5f009_fk_auth_user; Type: FK CONSTRAINT; Schema: public; Owner: scooteruser
--

ALTER TABLE ONLY public.analytics_savedreport_allowed_users
    ADD CONSTRAINT analytics_savedrepor_user_id_a1c5f009_fk_auth_user FOREIGN KEY (user_id) REFERENCES public.auth_user(id) DEFERRABLE INITIALLY DEFERRED;


--
-- Name: analytics_savedreport analytics_savedreport_generated_by_id_8f08013c_fk_auth_user_id; Type: FK CONSTRAINT; Schema: public; Owner: scooteruser
--

ALTER TABLE ONLY public.analytics_savedreport
    ADD CONSTRAINT analytics_savedreport_generated_by_id_8f08013c_fk_auth_user_id FOREIGN KEY (generated_by_id) REFERENCES public.auth_user(id) DEFERRABLE INITIALLY DEFERRED;


--
-- Name: auth_group_permissions auth_group_permissio_permission_id_84c5c92e_fk_auth_perm; Type: FK CONSTRAINT; Schema: public; Owner: scooteruser
--

ALTER TABLE ONLY public.auth_group_permissions
    ADD CONSTRAINT auth_group_permissio_permission_id_84c5c92e_fk_auth_perm FOREIGN KEY (permission_id) REFERENCES public.auth_permission(id) DEFERRABLE INITIALLY DEFERRED;


--
-- Name: auth_group_permissions auth_group_permissions_group_id_b120cbf9_fk_auth_group_id; Type: FK CONSTRAINT; Schema: public; Owner: scooteruser
--

ALTER TABLE ONLY public.auth_group_permissions
    ADD CONSTRAINT auth_group_permissions_group_id_b120cbf9_fk_auth_group_id FOREIGN KEY (group_id) REFERENCES public.auth_group(id) DEFERRABLE INITIALLY DEFERRED;


--
-- Name: auth_permission auth_permission_content_type_id_2f476e4b_fk_django_co; Type: FK CONSTRAINT; Schema: public; Owner: scooteruser
--

ALTER TABLE ONLY public.auth_permission
    ADD CONSTRAINT auth_permission_content_type_id_2f476e4b_fk_django_co FOREIGN KEY (content_type_id) REFERENCES public.django_content_type(id) DEFERRABLE INITIALLY DEFERRED;


--
-- Name: auth_user_groups auth_user_groups_group_id_97559544_fk_auth_group_id; Type: FK CONSTRAINT; Schema: public; Owner: scooteruser
--

ALTER TABLE ONLY public.auth_user_groups
    ADD CONSTRAINT auth_user_groups_group_id_97559544_fk_auth_group_id FOREIGN KEY (group_id) REFERENCES public.auth_group(id) DEFERRABLE INITIALLY DEFERRED;


--
-- Name: auth_user_groups auth_user_groups_user_id_6a12ed8b_fk_auth_user_id; Type: FK CONSTRAINT; Schema: public; Owner: scooteruser
--

ALTER TABLE ONLY public.auth_user_groups
    ADD CONSTRAINT auth_user_groups_user_id_6a12ed8b_fk_auth_user_id FOREIGN KEY (user_id) REFERENCES public.auth_user(id) DEFERRABLE INITIALLY DEFERRED;


--
-- Name: auth_user_user_permissions auth_user_user_permi_permission_id_1fbb5f2c_fk_auth_perm; Type: FK CONSTRAINT; Schema: public; Owner: scooteruser
--

ALTER TABLE ONLY public.auth_user_user_permissions
    ADD CONSTRAINT auth_user_user_permi_permission_id_1fbb5f2c_fk_auth_perm FOREIGN KEY (permission_id) REFERENCES public.auth_permission(id) DEFERRABLE INITIALLY DEFERRED;


--
-- Name: auth_user_user_permissions auth_user_user_permissions_user_id_a95ead1b_fk_auth_user_id; Type: FK CONSTRAINT; Schema: public; Owner: scooteruser
--

ALTER TABLE ONLY public.auth_user_user_permissions
    ADD CONSTRAINT auth_user_user_permissions_user_id_a95ead1b_fk_auth_user_id FOREIGN KEY (user_id) REFERENCES public.auth_user(id) DEFERRABLE INITIALLY DEFERRED;


--
-- Name: customers_payment customers_payment_payment_method_id_6b153ff4_fk_customers; Type: FK CONSTRAINT; Schema: public; Owner: scooteruser
--

ALTER TABLE ONLY public.customers_payment
    ADD CONSTRAINT customers_payment_payment_method_id_6b153ff4_fk_customers FOREIGN KEY (payment_method_id) REFERENCES public.customers_paymentmethod(id) DEFERRABLE INITIALLY DEFERRED;


--
-- Name: customers_payment customers_payment_rental_id_88a702cd_fk_customers_rental_id; Type: FK CONSTRAINT; Schema: public; Owner: scooteruser
--

ALTER TABLE ONLY public.customers_payment
    ADD CONSTRAINT customers_payment_rental_id_88a702cd_fk_customers_rental_id FOREIGN KEY (rental_id) REFERENCES public.customers_rental(id) DEFERRABLE INITIALLY DEFERRED;


--
-- Name: customers_paymentmethod customers_paymentmet_customer_id_4a8c4e90_fk_customers; Type: FK CONSTRAINT; Schema: public; Owner: scooteruser
--

ALTER TABLE ONLY public.customers_paymentmethod
    ADD CONSTRAINT customers_paymentmet_customer_id_4a8c4e90_fk_customers FOREIGN KEY (customer_id) REFERENCES public.customers_customer(id) DEFERRABLE INITIALLY DEFERRED;


--
-- Name: customers_rental customers_rental_category_id_09278e1b_fk_customers; Type: FK CONSTRAINT; Schema: public; Owner: scooteruser
--

ALTER TABLE ONLY public.customers_rental
    ADD CONSTRAINT customers_rental_category_id_09278e1b_fk_customers FOREIGN KEY (category_id) REFERENCES public.customers_rentalcategory(id) DEFERRABLE INITIALLY DEFERRED;


--
-- Name: customers_rental customers_rental_created_by_id_bdd3a8a2_fk_auth_user_id; Type: FK CONSTRAINT; Schema: public; Owner: scooteruser
--

ALTER TABLE ONLY public.customers_rental
    ADD CONSTRAINT customers_rental_created_by_id_bdd3a8a2_fk_auth_user_id FOREIGN KEY (created_by_id) REFERENCES public.auth_user(id) DEFERRABLE INITIALLY DEFERRED;


--
-- Name: customers_rental customers_rental_customer_id_aabbc65f_fk_customers_customer_id; Type: FK CONSTRAINT; Schema: public; Owner: scooteruser
--

ALTER TABLE ONLY public.customers_rental
    ADD CONSTRAINT customers_rental_customer_id_aabbc65f_fk_customers_customer_id FOREIGN KEY (customer_id) REFERENCES public.customers_customer(id) DEFERRABLE INITIALLY DEFERRED;


--
-- Name: customers_rental customers_rental_scooter_id_8a782220_fk_inventory_scooter_id; Type: FK CONSTRAINT; Schema: public; Owner: scooteruser
--

ALTER TABLE ONLY public.customers_rental
    ADD CONSTRAINT customers_rental_scooter_id_8a782220_fk_inventory_scooter_id FOREIGN KEY (scooter_id) REFERENCES public.inventory_scooter(id) DEFERRABLE INITIALLY DEFERRED;


--
-- Name: django_admin_log django_admin_log_content_type_id_c4bce8eb_fk_django_co; Type: FK CONSTRAINT; Schema: public; Owner: scooteruser
--

ALTER TABLE ONLY public.django_admin_log
    ADD CONSTRAINT django_admin_log_content_type_id_c4bce8eb_fk_django_co FOREIGN KEY (content_type_id) REFERENCES public.django_content_type(id) DEFERRABLE INITIALLY DEFERRED;


--
-- Name: django_admin_log django_admin_log_user_id_c564eba6_fk_auth_user_id; Type: FK CONSTRAINT; Schema: public; Owner: scooteruser
--

ALTER TABLE ONLY public.django_admin_log
    ADD CONSTRAINT django_admin_log_user_id_c564eba6_fk_auth_user_id FOREIGN KEY (user_id) REFERENCES public.auth_user(id) DEFERRABLE INITIALLY DEFERRED;


--
-- Name: inventory_inventoryalert inventory_inventorya_acknowledged_by_id_c7e0935a_fk_auth_user; Type: FK CONSTRAINT; Schema: public; Owner: scooteruser
--

ALTER TABLE ONLY public.inventory_inventoryalert
    ADD CONSTRAINT inventory_inventorya_acknowledged_by_id_c7e0935a_fk_auth_user FOREIGN KEY (acknowledged_by_id) REFERENCES public.auth_user(id) DEFERRABLE INITIALLY DEFERRED;


--
-- Name: inventory_inventoryalert inventory_inventorya_resolved_by_id_a966607b_fk_auth_user; Type: FK CONSTRAINT; Schema: public; Owner: scooteruser
--

ALTER TABLE ONLY public.inventory_inventoryalert
    ADD CONSTRAINT inventory_inventorya_resolved_by_id_a966607b_fk_auth_user FOREIGN KEY (resolved_by_id) REFERENCES public.auth_user(id) DEFERRABLE INITIALLY DEFERRED;


--
-- Name: inventory_inventoryalert inventory_inventorya_scooter_id_7392e07e_fk_inventory; Type: FK CONSTRAINT; Schema: public; Owner: scooteruser
--

ALTER TABLE ONLY public.inventory_inventoryalert
    ADD CONSTRAINT inventory_inventorya_scooter_id_7392e07e_fk_inventory FOREIGN KEY (scooter_id) REFERENCES public.inventory_scooter(id) DEFERRABLE INITIALLY DEFERRED;


--
-- Name: inventory_inventoryalert inventory_inventorya_store_id_8dbd54a3_fk_inventory; Type: FK CONSTRAINT; Schema: public; Owner: scooteruser
--

ALTER TABLE ONLY public.inventory_inventoryalert
    ADD CONSTRAINT inventory_inventorya_store_id_8dbd54a3_fk_inventory FOREIGN KEY (store_id) REFERENCES public.inventory_store(id) DEFERRABLE INITIALLY DEFERRED;


--
-- Name: inventory_inventoryalert inventory_inventoryalert_created_by_id_95354611_fk_auth_user_id; Type: FK CONSTRAINT; Schema: public; Owner: scooteruser
--

ALTER TABLE ONLY public.inventory_inventoryalert
    ADD CONSTRAINT inventory_inventoryalert_created_by_id_95354611_fk_auth_user_id FOREIGN KEY (created_by_id) REFERENCES public.auth_user(id) DEFERRABLE INITIALLY DEFERRED;


--
-- Name: inventory_inventoryalert inventory_inventoryalert_part_id_b905a7fa_fk_inventory_parts_id; Type: FK CONSTRAINT; Schema: public; Owner: scooteruser
--

ALTER TABLE ONLY public.inventory_inventoryalert
    ADD CONSTRAINT inventory_inventoryalert_part_id_b905a7fa_fk_inventory_parts_id FOREIGN KEY (part_id) REFERENCES public.inventory_parts(id) DEFERRABLE INITIALLY DEFERRED;


--
-- Name: inventory_parts inventory_parts_store_id_dffee19e_fk_inventory_store_id; Type: FK CONSTRAINT; Schema: public; Owner: scooteruser
--

ALTER TABLE ONLY public.inventory_parts
    ADD CONSTRAINT inventory_parts_store_id_dffee19e_fk_inventory_store_id FOREIGN KEY (store_id) REFERENCES public.inventory_store(id) DEFERRABLE INITIALLY DEFERRED;


--
-- Name: inventory_purchase inventory_purchase_created_by_id_95f05171_fk_auth_user_id; Type: FK CONSTRAINT; Schema: public; Owner: scooteruser
--

ALTER TABLE ONLY public.inventory_purchase
    ADD CONSTRAINT inventory_purchase_created_by_id_95f05171_fk_auth_user_id FOREIGN KEY (created_by_id) REFERENCES public.auth_user(id) DEFERRABLE INITIALLY DEFERRED;


--
-- Name: inventory_purchase inventory_purchase_supplier_id_d098a335_fk_inventory; Type: FK CONSTRAINT; Schema: public; Owner: scooteruser
--

ALTER TABLE ONLY public.inventory_purchase
    ADD CONSTRAINT inventory_purchase_supplier_id_d098a335_fk_inventory FOREIGN KEY (supplier_id) REFERENCES public.inventory_supplier(id) DEFERRABLE INITIALLY DEFERRED;


--
-- Name: inventory_purchaseitem inventory_purchaseit_purchase_id_142d2777_fk_inventory; Type: FK CONSTRAINT; Schema: public; Owner: scooteruser
--

ALTER TABLE ONLY public.inventory_purchaseitem
    ADD CONSTRAINT inventory_purchaseit_purchase_id_142d2777_fk_inventory FOREIGN KEY (purchase_id) REFERENCES public.inventory_purchase(id) DEFERRABLE INITIALLY DEFERRED;


--
-- Name: inventory_purchaseitem inventory_purchaseit_scooter_id_6f5e0353_fk_inventory; Type: FK CONSTRAINT; Schema: public; Owner: scooteruser
--

ALTER TABLE ONLY public.inventory_purchaseitem
    ADD CONSTRAINT inventory_purchaseit_scooter_id_6f5e0353_fk_inventory FOREIGN KEY (scooter_id) REFERENCES public.inventory_scooter(id) DEFERRABLE INITIALLY DEFERRED;


--
-- Name: inventory_purchaseitem inventory_purchaseitem_part_id_18970575_fk_inventory_parts_id; Type: FK CONSTRAINT; Schema: public; Owner: scooteruser
--

ALTER TABLE ONLY public.inventory_purchaseitem
    ADD CONSTRAINT inventory_purchaseitem_part_id_18970575_fk_inventory_parts_id FOREIGN KEY (part_id) REFERENCES public.inventory_parts(id) DEFERRABLE INITIALLY DEFERRED;


--
-- Name: inventory_purchaseitem inventory_purchaseitem_store_id_2331265f_fk_inventory_store_id; Type: FK CONSTRAINT; Schema: public; Owner: scooteruser
--

ALTER TABLE ONLY public.inventory_purchaseitem
    ADD CONSTRAINT inventory_purchaseitem_store_id_2331265f_fk_inventory_store_id FOREIGN KEY (store_id) REFERENCES public.inventory_store(id) DEFERRABLE INITIALLY DEFERRED;


--
-- Name: inventory_scooter inventory_scooter_category_id_fkey; Type: FK CONSTRAINT; Schema: public; Owner: scooteruser
--

ALTER TABLE ONLY public.inventory_scooter
    ADD CONSTRAINT inventory_scooter_category_id_fkey FOREIGN KEY (category_id) REFERENCES public.inventory_scootercategory(id) ON DELETE SET NULL;


--
-- Name: inventory_scooter inventory_scooter_store_id_a3a32995_fk_inventory_store_id; Type: FK CONSTRAINT; Schema: public; Owner: scooteruser
--

ALTER TABLE ONLY public.inventory_scooter
    ADD CONSTRAINT inventory_scooter_store_id_a3a32995_fk_inventory_store_id FOREIGN KEY (store_id) REFERENCES public.inventory_store(id) DEFERRABLE INITIALLY DEFERRED;


--
-- Name: inventory_scooter inventory_scooter_supplier_id_497fe49b_fk_inventory_supplier_id; Type: FK CONSTRAINT; Schema: public; Owner: scooteruser
--

ALTER TABLE ONLY public.inventory_scooter
    ADD CONSTRAINT inventory_scooter_supplier_id_497fe49b_fk_inventory_supplier_id FOREIGN KEY (supplier_id) REFERENCES public.inventory_supplier(id) DEFERRABLE INITIALLY DEFERRED;


--
-- Name: inventory_scootermaintenancehistory inventory_scootermai_scooter_id_c43192d7_fk_inventory; Type: FK CONSTRAINT; Schema: public; Owner: scooteruser
--

ALTER TABLE ONLY public.inventory_scootermaintenancehistory
    ADD CONSTRAINT inventory_scootermai_scooter_id_c43192d7_fk_inventory FOREIGN KEY (scooter_id) REFERENCES public.inventory_scooter(id) DEFERRABLE INITIALLY DEFERRED;


--
-- Name: inventory_stocktransfer inventory_stocktrans_destination_store_id_6c5e7e9d_fk_inventory; Type: FK CONSTRAINT; Schema: public; Owner: scooteruser
--

ALTER TABLE ONLY public.inventory_stocktransfer
    ADD CONSTRAINT inventory_stocktrans_destination_store_id_6c5e7e9d_fk_inventory FOREIGN KEY (destination_store_id) REFERENCES public.inventory_store(id) DEFERRABLE INITIALLY DEFERRED;


--
-- Name: inventory_stocktransfer inventory_stocktrans_source_store_id_1c39fff7_fk_inventory; Type: FK CONSTRAINT; Schema: public; Owner: scooteruser
--

ALTER TABLE ONLY public.inventory_stocktransfer
    ADD CONSTRAINT inventory_stocktrans_source_store_id_1c39fff7_fk_inventory FOREIGN KEY (source_store_id) REFERENCES public.inventory_store(id) DEFERRABLE INITIALLY DEFERRED;


--
-- Name: inventory_stocktransfer inventory_stocktransfer_created_by_id_4b71f1b5_fk_auth_user_id; Type: FK CONSTRAINT; Schema: public; Owner: scooteruser
--

ALTER TABLE ONLY public.inventory_stocktransfer
    ADD CONSTRAINT inventory_stocktransfer_created_by_id_4b71f1b5_fk_auth_user_id FOREIGN KEY (created_by_id) REFERENCES public.auth_user(id) DEFERRABLE INITIALLY DEFERRED;


--
-- Name: inventory_stocktransfer inventory_stocktransfer_part_id_40ca3531_fk_inventory_parts_id; Type: FK CONSTRAINT; Schema: public; Owner: scooteruser
--

ALTER TABLE ONLY public.inventory_stocktransfer
    ADD CONSTRAINT inventory_stocktransfer_part_id_40ca3531_fk_inventory_parts_id FOREIGN KEY (part_id) REFERENCES public.inventory_parts(id) DEFERRABLE INITIALLY DEFERRED;


--
-- Name: service_jobcard service_jobcard_scooter_id_4b9c6be9_fk_inventory_scooter_id; Type: FK CONSTRAINT; Schema: public; Owner: scooteruser
--

ALTER TABLE ONLY public.service_jobcard
    ADD CONSTRAINT service_jobcard_scooter_id_4b9c6be9_fk_inventory_scooter_id FOREIGN KEY (scooter_id) REFERENCES public.inventory_scooter(id) DEFERRABLE INITIALLY DEFERRED;


--
-- Name: service_jobcard service_jobcard_technician_id_a72988fb_fk_auth_user_id; Type: FK CONSTRAINT; Schema: public; Owner: scooteruser
--

ALTER TABLE ONLY public.service_jobcard
    ADD CONSTRAINT service_jobcard_technician_id_a72988fb_fk_auth_user_id FOREIGN KEY (technician_id) REFERENCES public.auth_user(id) DEFERRABLE INITIALLY DEFERRED;


--
-- Name: service_jobcarditem service_jobcarditem_job_card_id_7a1eb7be_fk_service_jobcard_id; Type: FK CONSTRAINT; Schema: public; Owner: scooteruser
--

ALTER TABLE ONLY public.service_jobcarditem
    ADD CONSTRAINT service_jobcarditem_job_card_id_7a1eb7be_fk_service_jobcard_id FOREIGN KEY (job_card_id) REFERENCES public.service_jobcard(id) DEFERRABLE INITIALLY DEFERRED;


--
-- Name: service_jobcarditem service_jobcarditem_part_id_50cebbfa_fk_inventory_parts_id; Type: FK CONSTRAINT; Schema: public; Owner: scooteruser
--

ALTER TABLE ONLY public.service_jobcarditem
    ADD CONSTRAINT service_jobcarditem_part_id_50cebbfa_fk_inventory_parts_id FOREIGN KEY (part_id) REFERENCES public.inventory_parts(id) DEFERRABLE INITIALLY DEFERRED;


--
-- Name: service_servicechecklist service_servicecheck_job_card_id_b012a0f6_fk_service_j; Type: FK CONSTRAINT; Schema: public; Owner: scooteruser
--

ALTER TABLE ONLY public.service_servicechecklist
    ADD CONSTRAINT service_servicecheck_job_card_id_b012a0f6_fk_service_j FOREIGN KEY (job_card_id) REFERENCES public.service_jobcard(id) DEFERRABLE INITIALLY DEFERRED;


--
-- Name: SCHEMA public; Type: ACL; Schema: -; Owner: pg_database_owner
--

GRANT ALL ON SCHEMA public TO scooteruser;


--
-- PostgreSQL database dump complete
--

